key,year,doc_type,source,na_scope,countries,places,lat,lon,scale,linkages,extensions,method,governance_focus,equity_indigenous_focus,evaluates_outcomes,relevance,doi,doi_verified,apa,_file
Natcher2025,2025,report,"local:Sustainable Development Goals In The Arctic_ The Nexus Between Water, Energy and Food Security.txt",Arctic,US|CA,"Alaska (five regions); northern Canada (Yukon, Northwest Territories, Nunavut, Nunavik, Labrador); Yukon River Basin (Alaska-Yukon-British Columbia); Iqaluit, Nunavut; Nordic Arctic comparators (Iceland, Norway, Sweden, Finland)",,,multi,WEF-all|E->W|E->F|W->E,climate|equity|health|economy,index-indicator|data-compilation|policy-legal-analysis|qualitative-governance|case-study,True,True,False,5,,False,"Natcher, D., Mellemvik, F., Koivurova, T., Oddottir, E. E., Skold, P., Mineev, A., Mettiäinen, I., Ingram, S., Seabrook Kendall, S., Rahman, H. M. T., Liang, Q., Smith, M., Madani, Z., Smith-Lopez, C., Bogdan, A.-M., Belcher, K., Shah, T., Sidloski, M., Lu, X., & Li, M. (2025). Sustainable development goals in the Arctic: The nexus between water, energy and food security. A final project report [Report]. Arctic Council Sustainable Development Working Group.",local_g01.json
Tabatabaie2021,2021,article,local:1-s2.0-S0921344920305826-main.txt,US,US,"Umatilla and Morrow counties, northeastern Oregon (Columbia River Basin)",45.6,-119.2,watershed-basin,WEF-all|E->W|W->E|W->F|E->F|FL->E,GHG|economy|climate,IO-LCA-footprint|optimization|simulation-system-dynamics|participatory-stakeholder,True,False,False,4,10.1016/j.resconrec.2020.105267,True,"Tabatabaie, S. M. H., & Murthy, G. S. (2021). Development of an input-output model for food-energy-water nexus in the Pacific Northwest, USA. Resources, Conservation and Recycling, 168, Article 105267. https://doi.org/10.1016/j.resconrec.2020.105267",local_g01.json
Benson2017,2017,chapter,local:Water-Energy-Food Nexus - 2017 - Salam - Governing for the Nexus.txt,Global-with-NA,US,"Global review with US state and agency examples (California, Arizona, Nevada, Texas, Great Lakes states, Chesapeake Bay)",,,multi,,climate|ecosystems|economy,review-bibliometric|policy-legal-analysis|qualitative-governance,True,False,False,3,10.1002/9781119243175.ch8,True,"Benson, D., Gain, A. K., Rouillard, J., & Giupponi, C. (2017). Governing for the nexus: Empirical, theoretical, and normative dimensions. In P. A. Salam, S. Shrestha, V. P. Pandey, & A. K. Anal (Eds.), Water-energy-food nexus: Principles and practices (Geophysical Monograph 229, pp. 77–88). American Geophysical Union/Wiley. https://doi.org/10.1002/9781119243175.ch8",local_g01.json
Roy2025,2025,article,local:1-s2.0-S2589915525000069-main.txt,US,US,"Deep South USA: Alabama, Arkansas, Louisiana, Mississippi, Tennessee (plus global country map)",33.5,-90.5,state-province,WEF-all|W->F|E->F|W->E,GHG|economy|equity|climate,index-indicator|statistical-causal|data-compilation,False,False,False,3,10.1016/j.hydroa.2025.100205,True,"Roy, A., & Moradkhani, H. (2025). Toward an integrated sustainability assessment of water-energy-food nexus indicators. Journal of Hydrology X, 28–29, Article 100205. https://doi.org/10.1016/j.hydroa.2025.100205",local_g01.json
Pradhanang2017,2017,chapter,local:Water-Energy-Food Nexus - 2017 - Salam.txt,US,US,"California (Sacramento-San Joaquin Delta, Westlands Water District, Central Valley Project); Texas (statewide); US national food system",,,multi,E->W|W->E|W->F|E->F,climate|GHG|ecosystems|economy|equity,review-bibliometric|data-compilation|case-study,True,False,False,4,10.1002/9781119243175.ch13,True,"Pradhanang, S. M. (2017). Water-energy-food nexus: Examples from the USA. In P. A. Salam, S. Shrestha, V. P. Pandey, & A. K. Anal (Eds.), Water-energy-food nexus: Principles and practices (Geophysical Monograph 229, pp. 141–149). American Geophysical Union/Wiley. https://doi.org/10.1002/9781119243175.ch13",local_g01.json
SmithLopez2023,2023,thesis,local:SMITHLOPEZ-THESIS-2023.txt,Arctic,US,"Alaska and its five regions (Far North, Interior, Southcentral, Southeast, Southwest), benchmarked against the USA",64.2,-149.5,state-province,WEF-all,equity|health|economy|climate,index-indicator|data-compilation|GIS-spatial,True,True,False,4,,False,"Smith Lopez, C. (2023). An analysis of water, energy, and food (WEF) security in Alaska [Master's thesis, University of Saskatchewan].",local_g01.json
Ali2024,2024,article,local:1-s2.0-S1364032124003952-main.txt,Non-NA,,"United Arab Emirates (Masdar City, Abu Dhabi)",,,multi,W->E|E->W,climate|GHG,case-study|qualitative-governance|review-bibliometric,True,False,False,1,10.1016/j.rser.2024.114669,True,"Ali, S. M., & Acquaye, A. (2024). An examination of water-energy-food nexus: From theory to application. Renewable and Sustainable Energy Reviews, 202, Article 114669. https://doi.org/10.1016/j.rser.2024.114669",local_g01.json
Schmidt2022,2022,article,local:1-s2.0-S0048969722004478-main.txt,Arctic,US,"Cordova (Prince William Sound), Kongiganak (Yukon-Kuskokwim region) and Igiugig (Bristol Bay), rural Alaska",60.54,-145.76,household,WEF-all|E->F,equity|health|climate|economy,participatory-stakeholder|statistical-causal|case-study,True,True,True,5,10.1016/j.scitotenv.2022.153355,True,"Schmidt, J. I., Johnson, B., Huntington, H. P., & Whitney, E. (2022). A framework for assessing food-energy-water security: A FEW case studies from rural Alaska. Science of The Total Environment, 821, Article 153355. https://doi.org/10.1016/j.scitotenv.2022.153355",local_g01.json
Schmidt2018,2018,article,local:1-s2.0-S0016718518300782-main.txt,Non-NA,,"Global discourse analysis of World Bank, World Economic Forum and related reports (1977-2018); North America appears only in passing",,,multi,,economy|climate|equity,policy-legal-analysis|qualitative-governance|review-bibliometric,True,False,False,2,10.1016/j.geoforum.2018.03.001,True,"Schmidt, J. J., & Matthews, N. (2018). From state to system: Financialization and the water-energy-food-climate nexus. Geoforum, 91, 151–159. https://doi.org/10.1016/j.geoforum.2018.03.001",local_g01.json
Simpson2026,2026,article,local:s00550-026-00592-6.txt,Global-with-NA,US|CA,163 countries (WEF Nexus Index 2023 vs HDI 2023); Canada and the USA discussed as large high-performing countries with subnational HDI ranges,,,national,WEF-all,equity|economy,index-indicator|statistical-causal|data-compilation,True,False,False,3,10.1007/s00550-026-00592-6,True,"Simpson, G. B., Karthe, D., Alekseenko, A., & Simpson, Z. Z. (2026). The WEF Nexus Index and Human Development Index as complementary lenses of sustainable development. Sustainability Nexus Forum, 34(1), Article 10. https://doi.org/10.1007/s00550-026-00592-6",local_g01.json
Daher2017,2017,chapter,local:Water-Energy-Food Nexus - 2017 - Salam - Modeling the Water-Energy-Food Nexus.txt,Global-with-NA,US,"Texas (Lubbock, San Antonio, South Texas) plus Qatar and a generic renewable-energy case",,,multi,WEF-all|W->E|E->W|W->F,climate|land|GHG|economy,simulation-system-dynamics|scenario|participatory-stakeholder|case-study,True,False,False,3,10.1002/9781119243175.ch6,True,"Daher, B., Mohtar, R. H., Lee, S.-H., & Assi, A. (2017). Modeling the water-energy-food nexus: A 7-question guideline. In P. A. Salam, S. Shrestha, V. P. Pandey, & A. K. Anal (Eds.), Water-energy-food nexus: Principles and practices (Geophysical Monograph 229, pp. 57–66). American Geophysical Union/Wiley. https://doi.org/10.1002/9781119243175.ch6",local_g01.json
Albrecht2018,2018,review,local:Albrecht_2018_Environ._Res._Lett._13_043002.txt,Global-with-NA,US|MX,"Global literature review (through 2016); North American content: Ogallala/High Plains Aquifer (US), central and northwest Mexico aquifers, US food-energy-water system studies",,,multi,,climate|equity,review-bibliometric,False,False,False,4,10.1088/1748-9326/aaa9c6,True,"Albrecht, T. R., Crootof, A., & Scott, C. A. (2018). The water-energy-food nexus: A systematic review of methods for nexus assessment. Environmental Research Letters, 13(4), Article 043002. https://doi.org/10.1088/1748-9326/aaa9c6",local_g01.json
Buechler2020,2020,article,local:1-s2.0-S2214629620303182-main.txt,Multi-NA,US|MX,"Tucson, Flowing Wells and Cascabel, Arizona (Tucson 32.22, -110.97); Zacatecas City and ejido Benito Juarez, Zacatecas, Mexico (Zacatecas 22.77, -102.58)",,,household,E->W|E->F|W->F,equity|climate|economy,qualitative-governance|participatory-stakeholder|case-study,True,True,True,5,10.1016/j.erss.2020.101743,True,"Buechler, S., Vázquez-García, V., Martínez-Molina, K. G., & Sosa-Capistrán, D. M. (2020). Patriarchy and (electric) power? A feminist political ecology of solar energy use in Mexico and the United States. Energy Research & Social Science, 70, Article 101743. https://doi.org/10.1016/j.erss.2020.101743",local_g01.json
White2017,2017,article,local:sustainability-09-02204-v2.txt,US,US,"Phoenix Active Management Area (mostly Maricopa County), Arizona",33.45,-112.07,city,W->E|E->W|W->F|E->F,climate|economy,qualitative-governance|participatory-stakeholder|case-study,True,False,False,5,10.3390/su9122204,True,"White, D. D., Jones, J. L., Maciejewski, R., Aggarwal, R., & Mascaro, G. (2017). Stakeholder analysis for the food-energy-water nexus in Phoenix, Arizona: Implications for nexus governance. Sustainability, 9(12), Article 2204. https://doi.org/10.3390/su9122204",local_g01.json
Wu2023,2023,article,local:1-s2.0-S0378377423002081-main.txt,CA,CA,"Southern Saskatchewan, Canadian Prairies (eight river basins; South and North Saskatchewan rivers rise in Alberta; Lake Diefenbaker)",50.6,-106.0,state-province,WEF-all|W->F|E->W|W->E|FL->E,climate|land|GHG|economy,simulation-system-dynamics|scenario,True,False,False,5,10.1016/j.agwat.2023.108343,True,"Wu, L., Elshorbagy, A., & Helgason, W. (2023). Assessment of agricultural adaptations to climate change from a water-energy-food nexus perspective. Agricultural Water Management, 284, Article 108343. https://doi.org/10.1016/j.agwat.2023.108343",local_g01.json
Kulat2019,2019,article,local:fenvs-07-00003.txt,US,US,"Matagorda County, Texas Gulf Coast (Lower Colorado River, Gulf Coast Aquifer, South Texas Project nuclear plant)",28.8,-96.0,watershed-basin,WEF-all|W->E|E->W|W->F|E->F,GHG|economy|land,scenario|simulation-system-dynamics|index-indicator|case-study,True,False,False,4,10.3389/fenvs.2019.00003,True,"Kulat, M. I., Mohtar, R. H., & Olivera, F. (2019). Holistic water-energy-food nexus for guiding water resources planning: Matagorda County, Texas case. Frontiers in Environmental Science, 7, Article 3. https://doi.org/10.3389/fenvs.2019.00003",local_g01.json
Hellegers2008,2008,article,"local:Interactions_between_water,_en.txt",Global-with-NA,US|CA,"Global special-issue introduction; North American content: Snake River Basin (USA), Columbia River Treaty (Canada-USA), US maize and soy bioethanol",,,multi,E->W|W->E|FL->E|W->F,ecosystems|land|equity|economy|climate,review-bibliometric|policy-legal-analysis,True,False,False,3,10.2166/wp.2008.048,True,"Hellegers, P., Zilberman, D., Steduto, P., & McCornick, P. (2008). Interactions between water, energy, food and environment: Evolving perspectives and policy issues. Water Policy, 10(S1), 1–10. https://doi.org/10.2166/wp.2008.048",local_g01.json
Ololade2026,2026,article,local:fsrma-5-1858871.txt,Global-with-NA,US,"Global editorial; only Pao et al. (Salton Sea, California) is clearly North American",,,multi,WEF-all,equity|economy|health,review-bibliometric|policy-legal-analysis,True,False,False,2,10.3389/fsrma.2026.1858871,True,"Ololade, O. O., Quandt, A., Sima, M., Matthews, N., & Kumarasamy, M. V. (2026). Editorial: Innovations in the water-energy-food nexus for sustainable management. Frontiers in Sustainable Resource Management, 5, Article 1858871. https://doi.org/10.3389/fsrma.2026.1858871",local_g01.json
Jha2022,2022,review,local:EBSCO-FullText-09_27_2026.txt,US,US,"California, especially the Central Valley (Sacramento Valley, San Joaquin Basin, Tulare Basin), Imperial Valley and Central Coast",36.8,-119.8,state-province,E->W|W->F|F->W|W->E,climate|GHG|economy|health|equity,review-bibliometric|policy-legal-analysis|data-compilation,True,False,False,5,10.3390/agronomy12081962,True,"Jha, G., Nicolas, F., Schmidt, R., Suvočarev, K., Diaz, D., Kisekka, I., Scow, K., & Nocco, M. A. (2022). Irrigation decision support systems (IDSS) for California's water–nutrient–energy nexus. Agronomy, 12(8), Article 1962. https://doi.org/10.3390/agronomy12081962",local_g01.json
Wu2022,2022,article,local:Wu_2022_Environ._Res._Commun._4_015009.txt,CA,CA,"Saskatchewan, Canadian Prairies (eight river basins; Lake Diefenbaker); interprovincial flows from Alberta through Saskatchewan to Manitoba",50.6,-106.0,state-province,WEF-all|W->F|W->E|E->W|FL->E,climate|land|GHG|economy|trade,simulation-system-dynamics|scenario,True,False,False,5,10.1088/2515-7620/ac4bab,True,"Wu, L., Elshorbagy, A., & Alam, M. S. (2022). Dynamics of water-energy-food nexus interactions with climate change and policy options. Environmental Research Communications, 4(1), Article 015009. https://doi.org/10.1088/2515-7620/ac4bab",local_g01.json
Zhang2018,2018,article,local:1-s2.0-S030626191730908X-main.txt,US,US,"South-eastern Nebraska (NASS East, Northeast and Southeast districts), Great Plains corn region",40.8,-96.7,watershed-basin,WEF-all|E->W|W->F,climate|economy,optimization|GIS-spatial|scenario,False,False,False,4,10.1016/j.apenergy.2017.07.036,True,"Zhang, J., Campana, P. E., Yao, T., Zhang, Y., Lundblad, A., Melton, F., & Yan, J. (2018). The water-food-energy nexus optimization approach to combat agricultural drought: A case study in the United States. Applied Energy, 227, 449–464. https://doi.org/10.1016/j.apenergy.2017.07.036",local_g01.json
SmithLopez2024,2024,article,local:Advancing a WEF nexus security index for Alaska  an informed starting point for policy making.txt,Arctic,US,"Alaska and its five regions (Far North, Interior, Southcentral, Southeast, Southwest), benchmarked against the USA",64.2,-149.5,state-province,WEF-all,equity|health|economy|climate,index-indicator|data-compilation|GIS-spatial,True,True,False,5,10.1080/1088937x.2024.2311785,True,"Smith Lopez, C., Bogdan, A. M., Belcher, K., & Natcher, D. (2024). Advancing a WEF nexus security index for Alaska: An informed starting point for policy making. Polar Geography, 47(2), 71–89. https://doi.org/10.1080/1088937X.2024.2311785",local_g01.json
Mahjabin2020,2020,article,local:1-s2.0-S0048969719361492-main.txt,US,US,"United States, 50 states plus the District of Columbia (51 nodes); interstate flows",,,national,WEF-all|W->F|W->E|FL->E|F->W,trade|climate,IO-LCA-footprint|data-compilation,False,False,False,5,10.1016/j.scitotenv.2019.136153,True,"Mahjabin, T., Mejia, A., Blumsack, S., & Grady, C. (2020). Integrating embedded resources and network analysis to understand food-energy-water nexus in the US. Science of The Total Environment, 709, Article 136153. https://doi.org/10.1016/j.scitotenv.2019.136153",local_g01.json
Cotterman2018,2018,article,local:s10584-017-1947-7.txt,US,US,"Central High Plains part of the High Plains (Ogallala) Aquifer: Colorado, Kansas, Oklahoma, Texas and New Mexico (about 127,000 km2)",38.0,-101.0,watershed-basin,W->F,climate|land|economy,scenario|GIS-spatial,False,False,False,4,10.1007/s10584-017-1947-7,True,"Cotterman, K. A., Kendall, A. D., Basso, B., & Hyndman, D. W. (2018). Groundwater depletion and climate change: Future prospects of crop production in the Central High Plains Aquifer. Climatic Change, 146(1–2), 187–200. https://doi.org/10.1007/s10584-017-1947-7",local_g01.json
Whitney2019,2019,article,local:whitney-et-al-2019-microfews-a-food-energy-water-systems-approach-to-renewable-energy-decisions-in-islanded-microgrid.txt,Arctic,US,"Cordova, Southcentral Alaska (Prince William Sound, Copper River delta); pan-Arctic network of off-grid communities as context",60.54,-145.76,city,W->E|E->F|W->F|E->W,climate|economy,simulation-system-dynamics|participatory-stakeholder|case-study,True,False,False,4,10.1089/ees.2019.0055,True,"Whitney, E., Schnabel, W. E., Aggarwal, S., Huang, D., Wies, R. W., Jr., Karenzi, J., Huntington, H. P., Schmidt, J. I., & Dotson, A. D. (2019). MicroFEWs: A food–energy–water systems approach to renewable energy decisions in islanded microgrid communities in rural Alaska. Environmental Engineering Science, 36(7), 843–849. https://doi.org/10.1089/ees.2019.0055",local_g01.json
Madani2024,2024,article,local:water-16-00835.txt,Arctic,US|CA,"Circumpolar Arctic with the Canadian Arctic and Alaska; US-Canada boundary-water treaties (Boundary Waters 1909, Columbia River 1961, Skagit River 1984)",,,transboundary,W->E|W->F,climate|ecosystems|equity,policy-legal-analysis|qualitative-governance,True,True,False,4,10.3390/w16060835,True,"Madani, Z., & Natcher, D. (2024). Water, Energy and Food (WEF) Nexus in the Changing Arctic: An International Law Review and Analysis. Water, 16(6), 835. https://doi.org/10.3390/w16060835",local_g02.json
Raub2021,2021,review,local:exploring-the-food-energy-water-nexus-approach-to-enhance-coastal-community-resilience-research-and-planning.txt,Global-with-NA,US|MX,"Systematic review of 20 coastal-resilience studies worldwide; North American cases: Boulder CO (2013 flood), Fort Lauderdale FL, New York City (Hurricane Sandy), Houston TX (Harvey), Bay County FL (Michael), Cordova AK, Puerto Rico (Maria), Chamela-Cuixmala Biosphere Reserve, Mexico (Patricia)",,,multi,E->W|E->F|W->E|W->F,climate|health|equity,review-bibliometric,True,False,False,4,10.1017/sus.2021.20,True,"Raub, K.B., Stepenuck, K.F., & Panikkar, B. (2021). Exploring the food–energy–water nexus approach to enhance coastal community resilience research and planning. Global Sustainability, 4, e21, 1–13. https://doi.org/10.1017/sus.2021.20",local_g02.json
Pao2026,2026,article,local:fsrma-5-1736238.txt,US,US,"Salton Sea region (Imperial and Coachella valleys), Southern California; California State Legislature documents 1999–2024",33.3,-115.8,state-province,W->F|F->W|W->E,climate|ecosystems|health|equity|economy,policy-legal-analysis|qualitative-governance|case-study,True,False,False,5,10.3389/fsrma.2026.1736238,True,"Pao, D., O'Shea, B., Quandt, A., & Ololade, O.O. (2026). Examining WEF nexus-integration in 25 years of legislative documents for the Salton Sea region undergoing profound environmental change. Frontiers in Sustainable Resource Management, 5, 1736238. https://doi.org/10.3389/fsrma.2026.1736238",local_g02.json
Jones2022,2022,article,local:1-s2.0-S1462901121003051-main.txt,US,US,"Phoenix metropolitan area, Arizona (Central Arizona Project, Salt River Project, Maricopa County irrigation districts)",33.45,-112.07,city,E->W|W->E|W->F,climate|equity,qualitative-governance|case-study,True,False,False,5,10.1016/j.envsci.2021.10.025,True,"Jones, J.L., & White, D.D. (2022). Understanding barriers to collaborative governance for the food-energy-water nexus: The case of Phoenix, Arizona. Environmental Science and Policy, 127, 111–119. https://doi.org/10.1016/j.envsci.2021.10.025",local_g02.json
Rhouma2024,2024,review,local:sustainability-16-01162-v2.txt,Global-with-NA,US|CA,"Global bibliometric analysis of Scopus and Web of Science records (2012–2023); the USA leads output, Canada appears in a UK-led collaboration cluster, Mexico is not named",,,multi,,climate|ecosystems|health,review-bibliometric|ML-AI,False,False,False,3,10.3390/su16031162,True,"Rhouma, A., El Jeitany, J., Mohtar, R., & Gil, J.M. (2024). Trends in the Water–Energy–Food Nexus Research. Sustainability, 16(3), 1162. https://doi.org/10.3390/su16031162",local_g02.json
Lofman2002,2002,article,local:Water  Energy and Environment Nexus  The California Experience.txt,US,US,"California and the Pacific Northwest (Columbia-Snake dams, Bonneville Power Administration); Central Valley Project; State Water Project; Colorado River Aqueduct (Metropolitan Water District of Southern California); 2000–2001 energy crisis and dry year",37.2,-119.5,state-province,W->E|E->W|W->F,climate|ecosystems|economy|GHG,case-study|qualitative-governance|data-compilation,True,False,False,4,10.1080/07900620220121666,True,"Lofman, D., Petersen, M., & Bower, A. (2002). Water, Energy and Environment Nexus: The California Experience. International Journal of Water Resources Development, 18(1), 73–85. https://doi.org/10.1080/07900620220121666",local_g02.json
McCarl2017a,2017,review,local:s40518-017-0083-3.txt,Global-with-NA,US,"Generic review with examples from San Antonio and the 2016 Region L water plan (Texas), the Colorado River and US bioenergy; Egypt and the Indus as non-North American examples",,,multi,,climate|land|GHG|economy|trade,review-bibliometric|data-compilation,False,False,False,3,10.1007/s40518-017-0083-3,True,"McCarl, B.A., Yang, Y., Srinivasan, R., Pistikopoulos, E.N., & Mohtar, R.H. (2017). Data for WEF Nexus Analysis: a Review of Issues. Current Sustainable/Renewable Energy Reports, 4(3), 137–143. https://doi.org/10.1007/s40518-017-0083-3",local_g02.json
Kumar2023,2023,article,local:Water Resources Research - 2023 - Kumar - Understanding the Food-Energy-Water Nexus in Mixed Irrigation Regimes Using a.txt,US,US,"Southern Flint River Basin, southwest Georgia (21 counties, Floridan aquifer irrigation, part of the Apalachicola-Chattahoochee-Flint basin shared by Georgia, Alabama and Florida)",31.5,-84.2,watershed-basin,W->F|E->W|WEF-all,climate|land|economy,optimization|hydro-economic-IAM|scenario,False,False,False,4,10.1029/2022wr033691,True,"Kumar, H., Zhu, T., & Sankarasubramanian, A. (2023). Understanding the food-energy-water nexus in mixed irrigation regimes using a regional hydroeconomic optimization modeling framework. Water Resources Research, 59(6), e2022WR033691. https://doi.org/10.1029/2022WR033691",local_g02.json
Daher2019a,2019,article,local:1-s2.0-S0048969718338221-main.txt,US,US,"San Antonio region (Texas Water Development Board Region L), south-central Texas; Edwards and Carrizo-Wilcox aquifers, Eagle Ford Shale, Wintergarden irrigation area",29.42,-98.49,city,W->E|W->F,climate,qualitative-governance|statistical-causal|GIS-spatial,True,False,False,5,10.1016/j.scitotenv.2018.09.395,True,"Daher, B., Hannibal, B., Portney, K. E., & Mohtar, R. H. (2019). Toward creating an environment of cooperation between water, energy, and food stakeholders in San Antonio. Science of the Total Environment, 651, 2913–2926. https://doi.org/10.1016/j.scitotenv.2018.09.395",local_g02.json
Chang2016,2016,review,local:energies-09-00065.txt,Global-with-NA,US,"Global literature review (most worked examples from China); a few US and California data points (produced water, hydraulic fracturing, maize ethanol, California hot water)",,,multi,W->E|E->W|W->F|E->F|FL->E,land|climate|GHG,review-bibliometric|IO-LCA-footprint|data-compilation,False,False,False,2,10.3390/en9020065,True,"Chang, Y., Li, G., Yao, Y., Zhang, L., & Yu, C. (2016). Quantifying the water-energy-food nexus: Current status and trends. Energies, 9(2), 65. https://doi.org/10.3390/en9020065",local_g02.json
Orttung2019,2019,article,local:sustainability-11-02722-v2.txt,Arctic,US,"Fairbanks North Star Borough, interior Alaska (population about 100,000)",64.84,-147.72,city,E->F,equity|economy|climate,case-study|qualitative-governance|participatory-stakeholder,True,True,False,4,10.3390/su11102722,True,"Orttung, R. W., Powell, J., Fox, J., & Franco, C. (2019). Strengthening food security near the Arctic Circle: Case study of Fairbanks North Star Borough, Alaska. Sustainability, 11(10), 2722. https://doi.org/10.3390/su11102722",local_g02.json
Liu2017,2017,chapter,local:Water-Energy-Food Nexus - 2017 - Salam - WEF Nexus Cases from California with Climate Change Implication.txt,US,US,"California statewide and its 10 hydrologic regions (Sacramento River, San Joaquin River, Tulare Lake, South Coast, Colorado River and others)",37.2,-119.5,state-province,E->W|W->F|E->F,climate|GHG|economy,data-compilation|case-study,False,False,False,5,10.1002/9781119243175.ch14,True,"Liu, Q. (2017). WEF nexus cases from California with climate change implication. In P. A. Salam, S. Shrestha, V. P. Pandey, & A. K. Anal (Eds.), Water-Energy-Food Nexus: Principles and Practices (Geophysical Monograph 229, Chapter 14, pp. 151–162). American Geophysical Union / John Wiley & Sons. https://doi.org/10.1002/9781119243175.ch14",local_g02.json
Brown2025,2025,article,local:1-s2.0-S1462901125002308-main.txt,US,US|MX,"Ogallala (High Plains) Aquifer (eight Great Plains states); Colorado River Basin (seven US states, two Mexican states, thirty Tribal Nations); Mississippi River Basin (ten states to the Gulf of Mexico); Hawaiʻi example",,,multi,W->F|E->W|W->E|F->W|FL->E,climate|equity|ecosystems|economy,qualitative-governance|case-study|policy-legal-analysis,True,True,False,5,10.1016/j.envsci.2025.104214,True,"Brown, A. R., Gerlak, A. K., Smith, G., Zuniga-Teran, A., & Gilson, G. (2025). Governing the nexus: Lessons from water governance in the United States. Environmental Science & Policy, 172, 104214. https://doi.org/10.1016/j.envsci.2025.104214",local_g02.json
Scanlon2017,2017,review,local:Water Resources Research - 2017 - Scanlon - The food-energy-water nexus  Transforming science for society.txt,Global-with-NA,US,"Global commentary with US examples (Texas shale and wind transmission, California Central Valley conveyance and conjunctive use, US Rio Grande Basin, hay grown in Arizona and California for Saudi dairies); China and northwest India as comparisons",,,multi,W->E|E->W|W->F|E->F|FL->E|F->W,climate|land|trade|economy,review-bibliometric,False,False,False,4,10.1002/2017wr020889,True,"Scanlon, B. R., Ruddell, B. L., Reed, P. M., Hook, R. I., Zheng, C., Tidwell, V. C., & Siebert, S. (2017). The food-energy-water nexus: Transforming science for society. Water Resources Research, 53(5), 3550–3556. https://doi.org/10.1002/2017WR020889",local_g02.json
Saed2024,2024,article,local:fenvs-11-1328009.txt,CA,CA,"Canadian Prairie Provinces (Alberta, Saskatchewan, Manitoba), analyzed singly and as one region; interprovincial and international rivers shared with the USA",52.0,-106.0,state-province,WEF-all|W->E|E->W|W->F|E->F|FL->E,economy|GHG|trade,statistical-causal|data-compilation,False,False,False,5,10.3389/fenvs.2023.1328009,True,"Saed, B., Elshorbagy, A., & Razavi, S. (2024). Quantifying interactions in the water-energy-food nexus: data-driven analysis utilizing a causal inference method. Frontiers in Environmental Science, 11, Article 1328009. https://doi.org/10.3389/fenvs.2023.1328009",local_g02.json
Daher2019b,2019,article,local:1-s2.0-S0048969718328936-main.txt,US,US,"Texas statewide plus three hotspots: Lubbock (Southern High Plains, Ogallala Aquifer), San Antonio region, Eagle Ford Shale play (15 core counties of 23)",31.2,-99.3,multi,WEF-all|W->E|E->W|W->F,climate|GHG|economy,scenario|index-indicator|case-study,False,False,False,5,10.1016/j.scitotenv.2018.07.398,True,"Daher, B., Lee, S.-H., Kaushik, V., Blake, J., Askariyeh, M. H., Shafiezadeh, H., Zamaripa, S., & Mohtar, R. H. (2019). Towards bridging the water gap in Texas: A water-energy-food nexus approach. Science of the Total Environment, 647, 449–463. https://doi.org/10.1016/j.scitotenv.2018.07.398",local_g02.json
Rahman2026,2026,article,local:1-s2.0-S2211464526000291-main.txt,Transboundary,US|CA,"Yukon River Basin (Alaska, Yukon and northwestern British Columbia); about 850,000 km2, 3,190 km long, about 126,000 people",64.0,-145.0,transboundary,W->E|W->F|E->F,equity|ecosystems|climate,qualitative-governance|policy-legal-analysis|case-study,True,True,False,5,10.1016/j.envdev.2026.101457,True,"Rahman, H. M. T., & Natcher, D. (2026). Institutional complexity of transboundary water, energy and food systems in the Yukon River Basin. Environmental Development, 59, Article 101457. https://doi.org/10.1016/j.envdev.2026.101457",local_g02.json
Jemmali2016,2016,article,local:Multidimensional_analysis_of_t.txt,Non-NA,,"Jordan, 12 governorates (not North America)",,,state-province,,equity|climate,index-indicator|data-compilation,False,True,False,1,10.2166/wp.2016.147,True,"Jemmali, H., & Abu-Ghunmi, L. (2016). Multidimensional analysis of the water–poverty nexus using a modified Water Poverty Index: a case study from Jordan. Water Policy, 18(4), 826–843. https://doi.org/10.2166/wp.2016.147",local_g02.json
Chini2017,2017,article,local:Water Resources Research - 2016 - Chini - Direct and indirect urban water footprints of the United States.txt,US,US,"74 US metropolitan statistical areas (indirect footprints) and 33 cities with utility data (direct footprints), reference year 2012",,,city,WEF-all|F->W|W->E|E->W,GHG|trade,IO-LCA-footprint|data-compilation,False,False,False,4,10.1002/2016wr019473,True,"Chini, C. M., Konar, M., & Stillwell, A. S. (2017). Direct and indirect urban water footprints of the United States. Water Resources Research, 53(1), 316–327. https://doi.org/10.1002/2016WR019473",local_g02.json
Tye2024,2024,article,local:PIIS2589004224015360.txt,US,US,"Wilmington, Delaware (about 71,000 people, tidal Delaware River estuary) within the Delaware River Basin; Brandywine Creek supply",39.74,-75.55,city,W->E|W->F,climate|equity,case-study|qualitative-governance|scenario,True,True,False,4,10.1016/j.isci.2024.110311,True,"Tye, M. R., Wilhelmi, O., Boehnert, J., Faye, E., Milestad, R., Pierce, A. L., & Laborgne, P. (2024). Examining urban resilience through a food-water-energy nexus lens to understand the effects of climate change. iScience, 27(7), Article 110311. https://doi.org/10.1016/j.isci.2024.110311",local_g02.json
SharifiMoghadam2019,2019,review,local:52003420190205.txt,Global-with-NA,US|CA|MX,"Global keyword review (2011–2019); North America (USA, Mexico, Canada) counted as one region with 31% of documents",,,multi,,land|ecosystems|climate,review-bibliometric,False,False,False,2,,False,"Sharifi Moghadam, E., Sadeghi, S. H. R., Zarghami, M., & Delavar, M. (2019). Water-energy-food nexus as a new approach for watershed resources management: a review. Environmental Resources Research, 7(2), 129–136. (No DOI located in the document or in Crossref.)",local_g02.json
DeAndradeGuerra2021,2021,review,local:s00477-020-01772-6.txt,Global-with-NA,US|MX,"Global scoping study with one case per continent; North America vignettes: California Delta (USA) and Mexico, taken from secondary sources (Liu 2016; Spring 2016)",,,multi,,climate|ecosystems|equity,review-bibliometric,True,False,False,2,10.1007/s00477-020-01772-6,True,"de Andrade Guerra, J. B. S. O., Berchin, I. I., Garcia, J., da Silva Neiva, S., Jonck, A. V., Faraco, R. A., de Amorim, W. S., & Ribeiro, J. M. P. (2021). A literature-based study on the water–energy–food nexus for sustainable development. Stochastic Environmental Research and Risk Assessment, 35(1), 95–116. https://doi.org/10.1007/s00477-020-01772-6",local_g02.json
Rahman2025,2025,article,local:ssrn-5955631.txt,Arctic,CA|US,"Northern Canada (Yukon, Northwest Territories, Nunavut, Labrador, Nunavik); Alaska (Alaska Village Electric Cooperative, wind microgrids) as comparator",,,multi,WEF-all|W->E|E->W|W->F|E->F,equity|ecosystems|GHG|land|climate,index-indicator|scenario|data-compilation,False,True,False,4,10.2139/ssrn.5955631,True,"Rahman, H. M. T., & Natcher, D. (2025). Finding synergies in water, energy and food technologies in Northern Canada [Preprint, not peer reviewed]. SSRN. https://doi.org/10.2139/ssrn.5955631",local_g02.json
Liang2026,2026,article,local:sustainability-18-09634.txt,Arctic,CA,"Canadian Arctic and northern community infrastructure as represented in the NexusQuest game (Nunavut examples); 28 participants in Kelowna, British Columbia",,,city,E->W,equity|climate,participatory-stakeholder|qualitative-governance,True,True,False,3,10.3390/su18189634,True,"Liang, Q., Smith, M., & Natcher, D. (2026). Exploring Arctic Water–Energy–Food Infrastructure Through Facilitated Gameplay: A Study with Southern Canadian Adults. Sustainability, 18(18), 9634. https://doi.org/10.3390/su18189634",local_g02.json
Dargin2019,2019,review,local:1-s2.0-S0048969718335174-main.txt,Global-with-NA,US,"Global review of eight WEF assessment tools active in May 2018; North American applications cited: CLEWS for New York City, a California version of Foreseer, and WEAP-LEAP for desalination in California",,,multi,,climate|economy,review-bibliometric|index-indicator,False,False,False,3,10.1016/j.scitotenv.2018.09.080,True,"Dargin, J., Daher, B., & Mohtar, R. H. (2019). Complexity versus simplicity in water energy food nexus (WEF) assessment tools. Science of the Total Environment, 650, 1566–1575. https://doi.org/10.1016/j.scitotenv.2018.09.080",local_g02.json
Natcher2025,2025,article,local:Understanding regional variability in water  energy  and food  WEF  security  an Arctic case-study.txt,Arctic,US|CA,"27 Arctic regions in six states: Alaska (5 regions), northern Canada (Nunavik, Labrador, Yukon, Northwest Territories, Nunavut), Iceland (8), Finland (3), Norway (3), Sweden (3)",,,state-province,WEF-all,equity|economy|climate,index-indicator|data-compilation,True,True,False,5,10.1080/13504509.2025.2531568,True,"Natcher, D., Rahman, H. M. T., Mineev, A., Seabrook Kendall, S., Mellemvik, F., Koivurova, T., Mettiäinen, I., Oddottir, E. E., & Skold, P. (2025). Understanding regional variability in water, energy, and food (WEF) security: an Arctic case-study. International Journal of Sustainable Development & World Ecology, 32(6), 700–710. https://doi.org/10.1080/13504509.2025.2531568",local_g02.json
Susnik2022,2022,review,local:J American Water Resour Assoc - 2021 - Sušnik - Evaluation of Water-Energy-Food  WEF  Nexus Research  Perspectives.txt,Non-NA,,"Global and European critical review built on EU Horizon 2020 projects (SIM4NEXUS, MAGIC, Stepping Up, SUNEX); no North American case or data",,,multi,,ecosystems|climate,review-bibliometric|qualitative-governance,False,False,False,1,10.1111/1752-1688.12977,True,"Sušnik, J., & Staddon, C. (2022). Evaluation of Water-Energy-Food (WEF) Nexus Research: Perspectives, Challenges, and Directions for Future Research. Journal of the American Water Resources Association, 58(6), 1189–1198. https://doi.org/10.1111/1752-1688.12977",local_g02.json
McCarl2017b,2017,review,local:s40518-017-0078-0.txt,Global-with-NA,US,"Review with US examples: Texas and the San Antonio region and Edwards Aquifer (EDSIMR), the Colorado River, US national bioenergy and agriculture (FASOMGHG, corn ethanol, biodiesel); non-North American examples: Egypt and the Nile Basin, the Indus, a global carbon-tax analysis",,,multi,W->E|E->W|W->F|FL->E,climate|land|GHG|economy|equity,review-bibliometric,False,False,False,4,10.1007/s40518-017-0078-0,True,"McCarl, B. A., Yang, Y., Schwabe, K., Engel, B. A., Mondal, A. H., Ringler, C., & Pistikopoulos, E. N. (2017). Model use in WEF nexus analysis: a review of issues. Current Sustainable/Renewable Energy Reports, 4(3), 144–152. https://doi.org/10.1007/s40518-017-0078-0",local_g02.json
JonesCrank2024a,2024,article,local:ES-2024-15187.txt,US,US,"22 U.S. member cities of the Resilient Cities Network with resilience plans (e.g., Atlanta, Houston, New York, Los Angeles, Honolulu, Chicago, Miami, Seattle)",,,city,WEF-all,climate,qualitative-governance|policy-legal-analysis|statistical-causal,True,False,False,5,10.5751/es-15187-290305,True,"Jones-Crank, J. L. (2024). Pathways for FEW nexus collaboration in U.S. city resilience planning. Ecology and Society, 29(3), Article 5. https://doi.org/10.5751/ES-15187-290305",local_g03.json
Holmatov2023,2023,review,local:Natural Resources Forum - 2023 - Holmatov - The nexus across water  energy and food  WEF   Learning from research  build.txt,Global-with-NA,US|CA,"Global stock-take; North America 8% of documents, USA 6%, Columbia River basin (US-Canada), 69-city US study (Djehdian et al. 2019)",,,multi,,climate|equity,review-bibliometric|data-compilation,True,False,False,3,10.1111/1477-8947.12352,True,"Holmatov, B., Lautze, J., & Uhlenbrook, S. (2023). The nexus across water, energy and food (WEF): Learning from research, building on evidence, strengthening practice. Natural Resources Forum, 47(4), 817–841. https://doi.org/10.1111/1477-8947.12352",local_g03.json
Daher2020,2020,article,local:1-s2.0-S1462901119303661-main.txt,US,US,"San Antonio Region (TWDB Region L), Texas, over the Eagle Ford Shale play",29.42,-98.49,city,WEF-all,,participatory-stakeholder|qualitative-governance|statistical-causal|case-study,True,False,False,4,10.1016/j.envsci.2019.10.020,True,"Daher, B., Hannibal, B., Mohtar, R. H., & Portney, K. (2020). Toward understanding the convergence of researcher and stakeholder perspectives related to water-energy-food (WEF) challenges: The case of San Antonio, Texas. Environmental Science and Policy, 104, 20–35. https://doi.org/10.1016/j.envsci.2019.10.020",local_g03.json
Uddameri2018,2018,article,local:Env Prog and Sustain Energy - 2017 - Uddameri - Food-energy-water nexus to mitigate sustainability challenges in a.txt,US,US,"Southern High Plains of Texas: Ogallala Aquifer over the Dockum Group (Garza, Lynn, Borden, Crosby, Terry, Gaines counties; Lubbock region)",33.58,-101.85,watershed-basin,E->W|W->F,climate|economy,GIS-spatial|scenario,False,False,False,5,10.1002/ep.12726,True,"Uddameri, V., & Reible, D. (2018). Food-energy-water nexus to mitigate sustainability challenges in a groundwater reliant agriculturally dominant environment (GRADE). Environmental Progress & Sustainable Energy, 37(1), 21–36. https://doi.org/10.1002/ep.12726",local_g03.json
JonesCrank2022,2022,article,local:An Assessment Framework for Integrated Food-Energy-Water Nexus Governance  Application to the Cases of Phoenix and Cape .txt,US,US,"Phoenix metropolitan area, Arizona (US); Cape Town metropolitan area, South Africa (comparison case, outside North America)",33.45,-112.07,city,WEF-all,climate,qualitative-governance|index-indicator|case-study,True,False,False,4,10.1080/08941920.2022.2063463,True,"Jones-Crank, J. L., White, D. D., Aggarwal, R., & Melnick, R. (2022). An assessment framework for integrated food-energy-water nexus governance: Application to the cases of Phoenix and Cape Town. Society & Natural Resources, 35(10), 1102–1122. https://doi.org/10.1080/08941920.2022.2063463",local_g03.json
Jones2021,2021,article,local:s13412-021-00676-3.txt,US,US,"Phoenix Active Management Area, Arizona (about 14,500 km2, about 4.5 million residents)",33.45,-112.07,city,WEF-all,,qualitative-governance|case-study|data-compilation,True,False,False,5,10.1007/s13412-021-00676-3,True,"Jones, J. L., & White, D. D. (2021). A social network analysis of collaborative governance for the food-energy-water nexus in Phoenix, AZ, USA. Journal of Environmental Studies and Sciences, 11(4), 671–681. https://doi.org/10.1007/s13412-021-00676-3",local_g03.json
Newell2020,2020,article,local:Newell_2020_Environ._Res._Lett._15_050201.txt,Global-with-NA,US,"Editorial summarizing a nine-paper focus issue: 382 US metropolitan areas, Los Angeles, Oxnard (southern California), Arizona and the arid American West, the US diet; Delhi and Hyderabad (India)",,,city,E->W|W->F|E->F|F->W,GHG|climate|equity|health|land,review-bibliometric|IO-LCA-footprint|simulation-system-dynamics,False,False,False,3,10.1088/1748-9326/ab7419,True,"Newell, J. P., & Ramaswami, A. (2020). Urban food-energy-water systems: Past, current, and future research trajectories. Environmental Research Letters, 15(5), 050201. https://doi.org/10.1088/1748-9326/ab7419",local_g03.json
HerreraFranco2023,2023,review,local:1-s2.0-S2211464523000581-main.txt,Global-with-NA,US,"Global bibliometric analysis (Scopus and Web of Science, 2012-2022); the USA is the top-producing country",,,multi,,climate,review-bibliometric,False,False,False,3,10.1016/j.envdev.2023.100858,True,"Herrera-Franco, G., Bollmann, H. A., Pasqual Lofhagen, J. C., Bravo-Montero, L., & Carrión-Mero, P. (2023). Approach on water-energy-food (WEF) nexus and climate change: A tool in decision-making processes. Environmental Development, 46, Article 100858. https://doi.org/10.1016/j.envdev.2023.100858",local_g03.json
Rahman2025,2025,article,local:1-s2.0-S1462901125002114-main.txt,CA,CA,"Prince Albert Model Forest, central Saskatchewan (about 360,000 ha; Peter Ballantyne Cree Nation, Montreal Lake Cree Nation, Lac La Ronge Indian Band territories)",53.2,-105.75,watershed-basin,WEF-all,land|ecosystems|equity|climate,qualitative-governance|policy-legal-analysis|case-study,True,True,False,5,10.1016/j.envsci.2025.104195,True,"Rahman, H. M. T., & Natcher, D. (2025). Addressing gaps in integrative water-energy-food-forest (WEFF) nexus governance. Environmental Science and Policy, 172, Article 104195. https://doi.org/10.1016/j.envsci.2025.104195",local_g03.json
Liu2016,2016,review,local:s13717-016-0058-0.txt,US,US,"California: 10 hydrologic regions, Sacramento-San Joaquin Delta, Central Valley and San Joaquin Valley, South Coast",36.78,-119.42,state-province,E->W|W->F|E->F|FL->E,climate|ecosystems|GHG|land|economy,case-study|data-compilation|policy-legal-analysis,False,False,False,5,10.1186/s13717-016-0058-0,True,"Liu, Q. (2016). Interlinking climate change with water-energy-food nexus and related ecosystem processes in California case studies. Ecological Processes, 5(1), Article 14. https://doi.org/10.1186/s13717-016-0058-0",local_g03.json
Kim2026,2026,article,local:Sustainable Development - 2026 - Kim - Water-Food-Energy Nexus Vulnerability and Sustainable Development  Implications f.txt,Non-NA,,Global cross-national sample of 192 countries (132 in the Global South); no North American results are reported separately,,,national,WEF-all,climate|health|equity,index-indicator|statistical-causal,True,False,False,1,10.1002/sd.71666,True,"Kim, H., Chang, H., & Woosnam, K. M. (2026). Water-food-energy nexus vulnerability and sustainable development: Implications for health adaptation to climate change. Sustainable Development, Article e71666. https://doi.org/10.1002/sd.71666",local_g03.json
Natcher2021,2021,article,local:Natcher-NexusApproachWater-2021.txt,Arctic,CA,"Northern Canada as defined by the Arctic Council: Yukon, Northwest Territories, Nunavut, Nunavik (Quebec), and Labrador",,,state-province,WEF-all|E->F|E->W|W->E,equity|economy|climate|health|ecosystems,index-indicator|data-compilation,True,True,False,5,10.14430/arctic72045,True,"Natcher, D., & Ingram, S. (2021). A nexus approach to water, energy, and food security in northern Canada. Arctic, 74(1), 1–11. https://doi.org/10.14430/arctic72045",local_g03.json
Endo2017,2017,review,local:1-s2.0-S2214581815001251-main.txt,Global-with-NA,US|CA,"Global review of 37 nexus projects; North American institutions include US federal agencies and universities, the Great Lakes Commission, the University of British Columbia, and the Canadian Hydropower Association",,,multi,W->E|E->W|W->F|WEF-all,climate,review-bibliometric|data-compilation,True,False,False,3,10.1016/j.ejrh.2015.11.010,True,"Endo, A., Tsurita, I., Burnett, K., & Orencio, P. M. (2017). A review of the current state of research on the water, energy, and food nexus. Journal of Hydrology: Regional Studies, 11, 20–30. https://doi.org/10.1016/j.ejrh.2015.11.010",local_g03.json
Mohtar2022,2022,article,local:fsufs-06-820305.txt,Global-with-NA,US,"Texas (San Antonio Region L, Lubbock, Eagle Ford Shale, Matagorda County) with international cases in Qatar, the United Arab Emirates, Turkey, Lebanon, and Morocco",,,multi,W->E|E->W|W->F,land|GHG|economy|health|climate,scenario|participatory-stakeholder|case-study,True,False,False,4,10.3389/fsufs.2022.820305,True,"Mohtar, R. H. (2022). The WEF nexus journey. Frontiers in Sustainable Food Systems, 6, Article 820305. https://doi.org/10.3389/fsufs.2022.820305",local_g03.json
Raub2021,2021,article,local:sustainability-13-06316-v2.txt,US,US,"11 coastal US cities in the 100 Resilient Cities program: Boston, New York City, Norfolk, Miami, Seattle, Los Angeles, San Francisco, Oakland, Berkeley, New Orleans, Honolulu",,,city,WEF-all,climate|equity|economy,policy-legal-analysis|qualitative-governance|index-indicator,True,False,False,5,10.3390/su13116316,True,"Raub, K. B., Stepenuck, K. F., Panikkar, B., & Stephens, J. C. (2021). An analysis of resilience planning at the nexus of food, energy, water, and transportation in coastal US cities. Sustainability, 13(11), Article 6316. https://doi.org/10.3390/su13116316",local_g03.json
Alhassan2026,2026,article,local:1-s2.0-S258979182500060X-main.txt,CA,CA,"Newfoundland and Labrador, Canada (interviews mainly in western Newfoundland: Corner Brook, Grenfell Campus)",48.95,-57.95,state-province,E->F|W->F|FL->E,climate|economy|GHG|equity,qualitative-governance|participatory-stakeholder|case-study,True,False,False,4,10.1016/j.glt.2025.08.002,True,"Alhassan, A.-L., Perez, M. A., & Galagedara, L. W. (2026). Integrating climate change, food security, and innovative agriculture in Newfoundland and Labrador (NL): A Water-Energy-Food (WEF) nexus approach. Global Transitions, 8(1), 22–36. https://doi.org/10.1016/j.glt.2025.08.002",local_g03.json
Zhu2025,2025,article,local:1-s2.0-S0378377425004317-main.txt,US,US,"Palo Duro watershed, Texas High Plains and Panhandle over the Ogallala Aquifer (2,600 km2; Dallam, Hartley, Moore, Hutchinson, Hansford, Sherman counties)",35.86,-101.97,watershed-basin,W->F,climate|economy,hydro-economic-IAM|scenario,False,False,False,4,10.1016/j.agwat.2025.109717,True,"Zhu, J., Ding, B., Chen, Y., Feng, P., Ge, J., Liu, D. L., Srinivasan, R., Yu, L., & Zhang, X. (2025). Integrating crop, groundwater, and economic dynamics: Insights into climate adaptation in the overexploited U.S. Ogallala aquifer. Agricultural Water Management, 318, Article 109717. https://doi.org/10.1016/j.agwat.2025.109717",local_g03.json
Khan2021,2021,article,local:Khan_2021_Environ._Res._Lett._16_065010.txt,US,US,"Contiguous United States, national and state level (GCAM-USA, 2015-2100)",,,national,WEF-all|W->E|E->W|W->F|FL->E,climate|land|GHG|economy,hydro-economic-IAM|index-indicator|scenario,False,False,False,5,10.1088/1748-9326/ac046c,True,"Khan, Z., Wild, T. B., Iyer, G., Hejazi, M., & Vernon, C. R. (2021). The future evolution of energy-water-agriculture interconnectivity across the US. Environmental Research Letters, 16(6), 065010. https://doi.org/10.1088/1748-9326/ac046c",local_g03.json
Mo2014,2014,article,local:es405648x.txt,US,US,"Tampa Bay Water planning region, Florida, and San Diego County Water Authority service area, California",,,city,E->W,GHG|economy|climate,IO-LCA-footprint|scenario,False,False,False,4,10.1021/es405648x,True,"Mo, W., Wang, R., & Zimmerman, J. B. (2014). Energy–water nexus analysis of enhanced water supply scenarios: A regional comparison of Tampa Bay, Florida, and San Diego, California. Environmental Science & Technology, 48(10), 5883–5891. https://doi.org/10.1021/es405648x",local_g03.json
Portney2017,2017,article,local:s40518-017-0077-1.txt,US,US,"San Antonio region, Texas (Edwards Aquifer, Eagle Ford Shale, surrounding river basins)",29.42,-98.49,city,,health|land,qualitative-governance|statistical-causal|GIS-spatial,True,False,False,3,10.1007/s40518-017-0077-1,True,"Portney, K. E., Vedlitz, A., Sansom, G., Berke, P., & Daher, B. T. (2017). Governance of the water-energy-food nexus: The conceptual and methodological foundations for the San Antonio Region case study. Current Sustainable/Renewable Energy Reports, 4(3), 160–167. https://doi.org/10.1007/s40518-017-0077-1",local_g03.json
Simpson2019,2019,review,local:1-s2.0-S1877343519300314-main.txt,Global-with-NA,US,Global narrative review; only North American reference is the Eagle Ford shale gas water-energy-transportation nexus in southwestern Texas; examples from South Africa and Lisbon,,,multi,,climate|equity,review-bibliometric|policy-legal-analysis,True,False,False,3,10.1016/j.cosust.2019.10.007,True,"Simpson, G. B., & Jewitt, G. P. W. (2019). The water-energy-food nexus in the Anthropocene: Moving from 'nexus thinking' to 'nexus action'. Current Opinion in Environmental Sustainability, 40, 117–123. https://doi.org/10.1016/j.cosust.2019.10.007",local_g03.json
Guan2020,2020,article,local:1-s2.0-S0048969719344699-main.txt,US,US,"Phoenix Active Management Area, Arizona (14,623 km2; Salt, Verde, and Colorado River supplies; Central Arizona Project)",33.45,-112.07,city,W->E|E->W|W->F|WEF-all,climate|land,simulation-system-dynamics|scenario|index-indicator,False,False,False,5,10.1016/j.scitotenv.2019.134478,True,"Guan, X., Mascaro, G., Sampson, D., & Maciejewski, R. (2020). A metropolitan scale water management analysis of the food-energy-water nexus. Science of the Total Environment, 701, Article 134478. https://doi.org/10.1016/j.scitotenv.2019.134478",local_g03.json
Bian2021,2021,review,local:ijerph-18-08276-v2.txt,Global-with-NA,US|MX,"Global review with an Americas section: California Delta, Great Lakes (GLEW model), San Juan River Basin (ZeroNet DSS), US Gulf Coast (PRIMA), Mexico",,,multi,,climate,review-bibliometric,False,False,False,2,10.3390/ijerph18168276,True,"Bian, Z., & Liu, D. (2021). A comprehensive review on types, methods and different regions related to water–energy–food nexus. International Journal of Environmental Research and Public Health, 18(16), Article 8276. https://doi.org/10.3390/ijerph18168276",local_g03.json
Ao2023,2023,article,local:Water Resources Research - 2023 - Ao - Food  Energy  and Water Production Within Watersheds of the United States.txt,US,US,Conterminous United States: 204 HUC-4 watersheds in 18 HUC-2 regions (2017),,,watershed-basin,WEF-all|W->F|W->E,climate,GIS-spatial|IO-LCA-footprint|data-compilation,False,False,False,5,10.1029/2022wr034031,True,"Ao, Y. Z., Siddik, M. A. B., Konar, M., & Marston, L. T. (2023). Food, energy, and water production within watersheds of the United States. Water Resources Research, 59(5), Article e2022WR034031. https://doi.org/10.1029/2022WR034031",local_g03.json
JonesCrank2024b,2024,article,local:s11625-024-01509-2.txt,US,US,"Phoenix, Arizona (US); Cape Town (South Africa) and Singapore as comparison cases outside North America",33.45,-112.07,city,WEF-all,climate,qualitative-governance|case-study|policy-legal-analysis,True,False,False,4,10.1007/s11625-024-01509-2,True,"Jones-Crank, J. L. (2024). A multi-case institutional analysis of water–energy–food nexus governance. Sustainability Science, 19(4), 1277–1291. https://doi.org/10.1007/s11625-024-01509-2",local_g03.json
Leck2015,2015,review,local:Geography Compass - 2015 - Leck - Tracing the Water Energy Food Nexus  Description  Theory and Practice.txt,Non-NA,,Global conceptual review; North American items are limited to the Nexus 2014 conference at the University of North Carolina (Chapel Hill) and the Nexus Declaration,,,multi,,climate|equity,review-bibliometric|policy-legal-analysis,True,False,False,3,10.1111/gec3.12222,True,"Leck, H., Conway, D., Bradshaw, M., & Rees, J. (2015). Tracing the water–energy–food nexus: Description, theory and practice. Geography Compass, 9(8), 445–460. https://doi.org/10.1111/gec3.12222",local_g03.json
Zhang2018,2018,review,local:1-s2.0-S0960148117309928-main.txt,Global-with-NA,US|CA,Global review of hydropower by region with a climate analysis; North America (United States and Canada) paragraph and projected change in gross hydropower potential,,,multi,W->E|W->F,climate|ecosystems,review-bibliometric|scenario|data-compilation,True,False,False,3,10.1016/j.renene.2017.10.030,True,"Zhang, X., Li, H.-Y., Deng, Z. D., Ringler, C., Gao, Y., Hejazi, M. I., & Leung, L. R. (2018). Impacts of climate change, policy and Water-Energy-Food nexus on hydropower development. Renewable Energy, 116, 827–834. https://doi.org/10.1016/j.renene.2017.10.030",local_g03.json
Mohtar2019,2019,article,local:1-s2.0-S0048969718333825-main.txt,US,US,"San Antonio region, Texas (TWDB Region L; Groundwater Management Areas 9, 10, 13, and 15; Lubbock; Eagle Ford shale play)",29.42,-98.49,city,W->E|E->W|W->F|WEF-all,climate|economy,participatory-stakeholder|case-study|qualitative-governance,True,False,False,4,10.1016/j.scitotenv.2018.08.406,True,"Mohtar, R. H., & Daher, B. (2019). Lessons learned: Creating an interdisciplinary team and using a nexus approach to address a resource hotspot. Science of the Total Environment, 650, 105–110. https://doi.org/10.1016/j.scitotenv.2018.08.406",local_g03.json
Perrone2014,2014,review,local:WIREs Water - 2013 - Perrone - Water  food  and energy security  scrambling for resources or solutions.txt,Global-with-NA,US,"Apalachicola-Chattahoochee-Flint (ACF) River Basin, Georgia/Alabama/Florida, US; global overview; Sri Lanka and Brazil as non-North American comparators",32.0,-84.8,multi,W->E|E->W|W->F|E->F|FL->E|F->W,climate|land|ecosystems|economy|trade,review-bibliometric|case-study|data-compilation,True,False,False,4,10.1002/wat2.1004,True,"Perrone, D., & Hornberger, G. M. (2014). Water, food, and energy security: Scrambling for resources or solutions? WIREs Water, 1(1), 49–68. https://doi.org/10.1002/wat2.1004",local_g04.json
Smidt2016,2016,article,local:1-s2.0-S0048969716310579-main.txt,US,US,"High Plains (Ogallala) Aquifer, eight states (SD, WY, NE, CO, KS, OK, NM, TX); Kansas irrigation-technology records; Republican River Compact area",38.0,-101.0,watershed-basin,W->F|E->W|FL->E,climate|land|economy,review-bibliometric|data-compilation|policy-legal-analysis|GIS-spatial,True,False,True,5,10.1016/j.scitotenv.2016.05.127,True,"Smidt, S. J., Haacker, E. M. K., Kendall, A. D., Deines, J. M., Pei, L., Cotterman, K. A., Li, H., Liu, X., Basso, B., & Hyndman, D. W. (2016). Complex water management in modern agriculture: Trends in the water-energy-food nexus over the High Plains Aquifer. Science of the Total Environment, 566–567, 988–1001. https://doi.org/10.1016/j.scitotenv.2016.05.127",local_g04.json
Wu2021,2021,article,local:1-s2.0-S0921344920305097-main.txt,CA,CA,"Saskatchewan, Canadian Prairies (South and North Saskatchewan, Saskatchewan, Souris, Assiniboine basins; Lake Diefenbaker); interprovincial flows from Alberta to Manitoba",51.5,-106.0,state-province,W->E|E->W|W->F|E->F|FL->E|WEF-all,climate|GHG|economy|trade,simulation-system-dynamics|scenario,True,False,False,5,10.1016/j.resconrec.2020.105192,True,"Wu, L., Elshorbagy, A., Pande, S., & Zhuo, L. (2021). Trade-offs and synergies in the water-energy-food nexus: The case of Saskatchewan, Canada. Resources, Conservation and Recycling, 164, Article 105192. https://doi.org/10.1016/j.resconrec.2020.105192",local_g04.json
Cook2022,2022,article,local:1-s2.0-S0048969722012773-main.txt,US,US,"Amarillo, Texas Panhandle (the abstract describes it as south-central Texas); NREL 2015 solar and wind resource data",35.22,-101.83,city,W->E|FL->E,land|economy,optimization,False,False,False,3,10.1016/j.scitotenv.2022.154185,True,"Cook, J., Di Martino, M., Allen, R. C., Pistikopoulos, E. N., & Avraamidou, S. (2022). A decision-making framework for the optimal design of renewable energy systems under energy-water-land nexus considerations. Science of the Total Environment, 827, Article 154185. https://doi.org/10.1016/j.scitotenv.2022.154185",local_g04.json
Rahman2024,2024,article,local:Rahman-WarmingArcticCascading-2024.txt,Arctic,CA,"Iqaluit, Nunavut (Baffin Island), with comparisons to Kinngait and Arviat, Nunavut; 2021 fuel contamination of the municipal water supply",63.75,-68.52,city,E->W|W->F|E->F,climate|health|equity|economy,case-study|qualitative-governance,True,True,True,5,10.14430/arctic81237,True,"Rahman, H. M. T., Ingram, S., Liang, Q., & Natcher, D. (2024). Warming Arctic and its cascading impacts on water, energy, and food (WEF) systems: A case study of Iqaluit, Nunavut. Arctic, 77(4), 360–374. https://doi.org/10.14430/arctic81237",local_g04.json
Ingram2021,2021,article,local:sustainability-13-13338.txt,Arctic,CA,"Northern Canada: Yukon, Northwest Territories, Nunavut, Nunavik (northern Quebec) and Labrador; compared with national scores for 170 countries",,,state-province,WEF-all,equity|climate,index-indicator|data-compilation,False,True,False,5,10.3390/su132313338,True,"Ingram, S., Bogdan, A.-M., Shah, T., Lu, X., Li, M., Sidloski, M., & Natcher, D. (2021). Unpacking the WEF Nexus Index: A regional and sub-regional analysis of northern Canada. Sustainability, 13(23), Article 13338. https://doi.org/10.3390/su132313338",local_g04.json
Ringler2013,2013,review,local:1-s2.0-S1877343513001504-main.txt,Global-with-NA,US,"Global review; US examples (maize ethanol under the Energy Policy Act of 2005, fossil-energy use in agriculture, thermoelectric withdrawals in the US and Europe)",,,multi,W->E|E->W|W->F|E->F|FL->E,climate|land|ecosystems|economy|equity|trade,review-bibliometric|data-compilation,True,True,False,3,10.1016/j.cosust.2013.11.002,True,"Ringler, C., Bhaduri, A., & Lawford, R. (2013). The nexus across water, energy, land and food (WELF): Potential for improved resource use efficiency? Current Opinion in Environmental Sustainability, 5(6), 617–624. https://doi.org/10.1016/j.cosust.2013.11.002",local_g04.json
Yupanqui2025,2025,review,local:1-s2.0-S2772427125000506-main.txt,Global-with-NA,US,Global review; worked index examples for Peru and Egypt; North American content limited to US research funding (NSF INFEWS) and the 2015 Texas A&M Resource Nexus Water Forum,,,national,WEF-all|W->E|W->F|E->F,climate,review-bibliometric|index-indicator,False,False,False,2,10.1016/j.nexus.2025.100409,True,"Yupanqui, C., Dias, N., Goodarzi, M. R., Sharma, S., Vagheei, H., & Mohtar, R. (2025). A review of water-energy-food nexus frameworks, models, challenges and future opportunities to create an integrated, national security-based development index. Energy Nexus, 18, Article 100409. https://doi.org/10.1016/j.nexus.2025.100409",local_g04.json
Lopez-Flores2025,2025,article,local:s10668-023-04257-y.txt,MX,MX,"Nuevo León state (Monterrey metropolitan area), northeastern Mexico: four supply dams, 23 aquifers, 16 power plants",25.67,-100.31,state-province,WEF-all,ecosystems|economy|land,optimization|ML-AI|IO-LCA-footprint|scenario,False,False,False,3,10.1007/s10668-023-04257-y,True,"López-Flores, F. J., Sánchez-Zarco, X. G., Rubio-Castro, E., & Ponce-Ortega, J. M. (2025). A machine learning approach for optimizing the water-energy-food-ecosystem nexus: A resilience perspective for sustainability. Environment, Development and Sustainability, 27(4), 8863–8891. https://doi.org/10.1007/s10668-023-04257-y",local_g04.json
Garcia-Martinez2024,2024,article,local:1-s2.0-S0255270124000424-main.txt,MX,MX,"Sonora state, northwestern Mexico, in four regions (R1 border, R2 center, R3 central mountain range, R4 south); the paper itself describes Sonora as northeastern",29.1,-110.9,state-province,WEF-all|E->W,economy|GHG|equity,optimization|index-indicator,True,False,False,4,10.1016/j.cep.2024.109703,True,"García-Martínez, J., Cansino-Loeza, B., Ponce-Ortega, J. M., & Fuentes-Cortés, L. F. (2024). Water–energy–food nexus analysis: A multi-stakeholder alliance-based framework. Chemical Engineering and Processing – Process Intensification, 197, Article 109703. https://doi.org/10.1016/j.cep.2024.109703",local_g04.json
Raya-Tapia2023a,2023,article,local:1-s2.0-S1462901123000825-main.txt,MX,MX,"Mexico (national scale; 32 federal entities treated as one unit); natural gas imports from Texas, US, as a dependence",,,national,WEF-all,economy|equity|trade,ML-AI|index-indicator|data-compilation,False,False,False,5,10.1016/j.envsci.2023.03.010,True,"Raya-Tapia, A. Y., López-Flores, F. J., & Ponce-Ortega, J. M. (2023). Incorporating deep learning predictions to assess the water-energy-food nexus security. Environmental Science & Policy, 144, 99–109. https://doi.org/10.1016/j.envsci.2023.03.010",local_g04.json
Smith2020,2020,article,local:1-s2.0-S1462901120300678-main.txt,MX,MX|US,"San Quintín Valley, municipality of Ensenada, Baja California, Mexico (four coastal aquifers, 54 private desalination plants); US market for exported berries and vegetables; binational finance (NADBank/BECC)",30.55,-115.95,watershed-basin,E->W|W->F|E->F|WEF-all,GHG|economy|equity|trade|ecosystems,case-study|data-compilation|qualitative-governance,True,True,True,5,10.1016/j.envsci.2020.08.008,True,"Smith, G., Bayldon Block, L., Ajami, N., Pombo, A., & Velasco-Aulcy, L. (2020). Trade-offs across the water-energy-food nexus: A triple bottom line sustainability assessment of desalination for agriculture in the San Quintín Valley, Mexico. Environmental Science & Policy, 114, 445–452. https://doi.org/10.1016/j.envsci.2020.08.008",local_g04.json
Ramirez-Marquez2024,2024,article,local:s41660-023-00364-5.txt,MX,MX,"Conceptual note; Mexico (32 states) is named only as an earlier test case (Raya-Tapia et al., 2022, COVID-19 period)",,,multi,WEF-all,,index-indicator,False,False,False,2,10.1007/s41660-023-00364-5,True,"Ramírez-Márquez, C., & Ponce-Ortega, J. M. (2024). Macro-index for the assessment of the water-energy-food nexus: Toward accessibility and sustainability of resources. Process Integration and Optimization for Sustainability, 8(1), 301–306. https://doi.org/10.1007/s41660-023-00364-5",local_g04.json
Medina-Santana2020,2020,article,local:1-s2.0-S0098135420305767-main.txt,MX,MX,"Isolated off-grid rural community (20 households, 84 inhabitants, 75,000 m2 of land) in a mountainous region of Michoacán, Mexico; community not named",19.4,-101.9,farm,WEF-all|W->E|E->W|W->F|FL->E,land|economy|equity,optimization|scenario,False,False,False,3,10.1016/j.compchemeng.2020.107120,True,"Medina-Santana, A. A., Flores-Tlacuahuac, A., Cárdenas-Barrón, L. E., & Fuentes-Cortés, L. F. (2020). Optimal design of the water-energy-food nexus for rural communities. Computers & Chemical Engineering, 143, Article 107120. https://doi.org/10.1016/j.compchemeng.2020.107120",local_g04.json
Gonzalez-Bravo2018,2018,article,local:sc8b02484.txt,MX,MX,"Sonoran Desert, Sonora, northwestern Mexico: Hermosillo, Obregón and Guaymas; irrigation districts 018, 041, 051 and 084; Sonora, Matape and Yaqui rivers; power-desalination plant at Hermosillo bay",29.07,-110.96,state-province,WEF-all|E->W|W->E|W->F|E->F,GHG|economy,optimization,False,False,False,3,10.1021/acssuschemeng.8b02484,True,"González-Bravo, R., Sauceda-Valenzuela, M., Mahlknecht, J., Rubio-Castro, E., & Ponce-Ortega, J. M. (2018). Optimization of water grid at macroscopic level analyzing water–energy–food nexus. ACS Sustainable Chemistry & Engineering, 6(9), 12140–12152. https://doi.org/10.1021/acssuschemeng.8b02484",local_g04.json
Raya-Tapia2023b,2023,article,local:s10668-022-02671-2.txt,MX,MX,"Mexico, all 32 federal entities (states and Mexico City), 2019 versus 2020 (pre-pandemic and pandemic years)",,,state-province,WEF-all|W->E,climate|economy|equity|health,index-indicator|data-compilation,False,True,True,5,10.1007/s10668-022-02671-2,True,"Raya-Tapia, A. Y., Cansino-Loeza, B., Sánchez-Zarco, X. G., Ramírez-Márquez, C., & Ponce-Ortega, J. M. (2023). A systematic approach for assessing water, energy and food security during the COVID-19 pandemic: Case study of Mexico. Environment, Development and Sustainability, 25(12), 14381–14409. https://doi.org/10.1007/s10668-022-02671-2",local_g04.json
Miralles-Wilhelm2018,2018,article,local:An_Analysis_of_the_Water_Energy_Food_Nex.txt,Global-with-NA,MX,"Latin America and the Caribbean as seven GCAM regions (Argentina, Brazil, Central America and Caribbean, Colombia, Mexico, northern and southern South America); Mexico is the only North American unit",,,multi,WEF-all|W->E|W->F|FL->E,climate|land|GHG|economy,hydro-economic-IAM|scenario,False,False,False,3,10.9790/1813-07010825,False,"Miralles-Wilhelm, F., & Muñoz-Castillo, R. (2018). An analysis of the water-energy-food nexus in Latin America and the Caribbean region: Identifying synergies and tradeoffs through integrated assessment modeling. The International Journal of Engineering and Science, 7(1), 8–24.",local_g04.json
Susnik2022,2022,chapter,local:3-s2.0-B9780323912235000071-main.txt,Global-with-NA,MX,"Global review of nexus applications from household to global scale; Mexico City urban water-energy system (Valek et al. 2017, summarized second-hand) is the only North American content",,,multi,E->W,economy|trade,review-bibliometric,False,False,False,2,10.1016/b978-0-323-91223-5.00007-1,True,"Sušnik, J., Masia, S., & Jewitt, G. (2022). Scales of application of the WEF nexus approach. In Water–energy–food nexus narratives and resource securities (pp. 49–65). Elsevier. https://doi.org/10.1016/B978-0-323-91223-5.00007-1",local_g04.json
Mahlknecht2018,2018,article,local:1-s2.0-S1876610218308774-main.txt,Global-with-NA,MX,Latin America and the Caribbean: 13 evaluation units (countries and merged subregions) including Mexico; Mexico value shown only in a radar plot,,,national,WEF-all,trade,index-indicator|data-compilation,False,False,False,3,10.1016/j.egypro.2018.10.065,True,"Mahlknecht, J., & González-Bravo, R. (2018). Measuring the water-energy-food nexus: The case of Latin America and the Caribbean region. Energy Procedia, 153, 169–173. https://doi.org/10.1016/j.egypro.2018.10.065",local_g04.json
Villalba-Pastrana2024,2024,article,local:1-s2.0-S2590252024000035-main.txt,MX,MX,"Mexico City (Valley of Mexico) and its supply and disposal chains: Cutzamala and Lerma systems, Mezquital Valley and Atotonilco treatment plant (Hidalgo), Tula and Minatitlán refineries, food-supplying states",19.43,-99.13,city,WEF-all|E->W|W->E|W->F|F->W,GHG|ecosystems|health,IO-LCA-footprint|case-study|data-compilation,True,False,False,5,10.1016/j.cacint.2024.100143,True,"Villalba-Pastrana, M. E., & Güereca, L. P. (2024). Environmental impacts of water, food and energy nexus in Mexico City from an organizational life cycle approach. City and Environment Interactions, 22, Article 100143. https://doi.org/10.1016/j.cacint.2024.100143",local_g04.json
FerollaSpyerPrates2025,2025,review,local:s00550-025-00582-0.txt,MX,MX,"Mexico (national), with examples from the Sonora lithium region and Mexico City; 48 Mexico-specific articles from Web of Science and Scopus (searched 25 September 2024)",,,national,E->W,climate|GHG|economy|equity|trade,review-bibliometric|qualitative-governance|policy-legal-analysis,True,True,False,3,10.1007/s00550-025-00582-0,True,"Ferolla Spyer Prates, L., Carreón Sosa, R., Karthe, D., & Bonilla, D. (2025). Integrating the resource nexus approach in energy, mobility and circular economy transitions in Mexico: A systematic literature review. Sustainability Nexus Forum, 33(1), Article 23. https://doi.org/10.1007/s00550-025-00582-0",local_g04.json
Cansino-Loeza2024,2024,article,local:s41660-024-00422-6.txt,MX,MX,"Sonora, northwestern Mexico, in four regions (R1 border, R2 central, R3 central-sierra, R4 south)",29.1,-110.9,state-province,WEF-all|E->W,GHG|economy|equity,optimization|index-indicator|scenario,False,True,False,3,10.1007/s41660-024-00422-6,True,"Cansino-Loeza, B., Bazán-Ramírez, S. Y., & Ponce-Ortega, J. M. (2024). Optimizing the water-energy-food nexus system considering the Human Development Index. Process Integration and Optimization for Sustainability, 8(4), 1193–1208. https://doi.org/10.1007/s41660-024-00422-6",local_g04.json
Rasooli2026,2026,article,local:Global Challenges - 2026 - Rasooli - Synergetic Benefits of Agricultural Sewage Reuse and Floating Photovoltaics in Mexi.txt,MX,MX,"Upper Atoyac River basin (Alto Atoyac), Tlaxcala-Puebla Valley, central Mexico: 82 municipalities in Tlaxcala, Puebla and the State of Mexico, a tributary of the Balsas River",19.2,-98.2,watershed-basin,WEF-all|E->W|W->F,climate|economy|ecosystems,hydro-economic-IAM|scenario|GIS-spatial,True,False,False,4,10.1002/gch2.202500440,True,"Rasooli, S., Casiano-Flores, C., Farhoodi, S., Daher, B., Cervantes-Avilés, P. A., & Huerta-Aguilar, C. A. (2026). Synergetic benefits of agricultural sewage reuse and floating photovoltaics in Mexican wastewater system: A municipal-level WEF nexus study. Global Challenges, 10(1), Article e00440. https://doi.org/10.1002/gch2.202500440",local_g04.json
Nunez-Lopez2022,2022,article,local:s10098-022-02273-6.txt,MX,MX,"Two arid and semiarid northern Mexican cities: Monterrey Metropolitan Area (Nuevo León) and Hermosillo (Sonora); hurricane, low-temperature and drought failure modes for 2013, 2015, 2019, 2025 and 2030",,,city,WEF-all,climate|economy,index-indicator|scenario,False,False,False,4,10.1007/s10098-022-02273-6,True,"Núñez-López, J. M., Cansino-Loeza, B., Sánchez-Zarco, X. G., & Ponce-Ortega, J. M. (2022). Involving resilience in assessment of the water–energy–food nexus for arid and semiarid regions. Clean Technologies and Environmental Policy, 24(6), 1681–1693. https://doi.org/10.1007/s10098-022-02273-6",local_g04.json
Mahlknecht2024,2024,review,local:1405-0269-CES-31-00248.txt,MX,MX,"Mexico (national), with Latin America and the Caribbean as context; Spanish-language review and national synthesis",,,national,WEF-all|W->E|W->F|E->W|E->F|FL->E,climate|land|ecosystems|economy,review-bibliometric|data-compilation|index-indicator,True,False,False,4,10.30878/ces.v31n0a34,True,"Mahlknecht, J. (2024). Desarrollo sostenible a través del nexo agua-energía-alimentos: Avances y perspectivas para México [Sustainable development through the water-energy-food nexus: Advances and perspectives for Mexico]. CIENCIA ergo-sum, 31, Article e248. https://doi.org/10.30878/ces.v31n0a34",local_g04.json
Cansino-Loeza2020,2020,article,local:sc0c04333.txt,MX,MX,"Sonora, northwestern Mexico (Sonoran Desert): Sonora, Yaqui and Mayo river basins, Hermosillo, Ciudad Obregón and the Yaqui Valley, five irrigation districts",29.1,-110.9,state-province,WEF-all|W->E|W->F|E->W,climate|ecosystems|equity|trade,index-indicator|data-compilation|scenario,True,False,False,4,10.1021/acssuschemeng.0c04333,True,"Cansino-Loeza, B., Sánchez-Zarco, X. G., Mora-Jacobo, E. G., Saggiante-Mauro, F. E., González-Bravo, R., Mahlknecht, J., & Ponce-Ortega, J. M. (2020). Systematic approach for assessing the water–energy–food nexus for sustainable development in regions with resource scarcities. ACS Sustainable Chemistry & Engineering, 8(36), 13734–13748. https://doi.org/10.1021/acssuschemeng.0c04333",local_g04.json
Lopez-Diaz2018,2018,article,local:s10098-017-1395-0.txt,MX,MX,"Balsas River watershed, central-west Mexico (23 reaches), supplying biofuel markets in ten cities (Mexico City, Guadalajara, Puebla, León, Querétaro, Toluca, Morelia, Cuernavaca, Uruapan, Lázaro Cárdenas)",18.5,-101.0,watershed-basin,WEF-all|W->E|FL->E|W->F,land|GHG|economy|ecosystems,optimization|scenario,False,False,False,3,10.1007/s10098-017-1395-0,True,"López-Díaz, D. C., Lira-Barragán, L. F., Rubio-Castro, E., Serna-González, M., El-Halwagi, M. M., & Ponce-Ortega, J. M. (2018). Optimization of biofuels production via a water–energy–food nexus framework. Clean Technologies and Environmental Policy, 20(7), 1443–1466. https://doi.org/10.1007/s10098-017-1395-0",local_g04.json
Romero-Lankao2018,2018,article,local:1-s2.0-S1462901117304148-main.txt,Multi-NA,US|MX,"Boulder (Colorado Front Range) and New York City, US; Mexico City with the Cutzamala and Lerma source basins; Accra, Ghana, as a non-North American comparator",,,city,W->E|E->W|W->F|E->F,climate|equity|economy|health|ecosystems,case-study|qualitative-governance|data-compilation,True,True,True,4,10.1016/j.envsci.2018.01.004,True,"Romero-Lankao, P., Bruns, A., & Wiegleb, V. (2018). From risk to WEF security in the city: The influence of interdependent infrastructural systems. Environmental Science & Policy, 90, 213–222. https://doi.org/10.1016/j.envsci.2018.01.004",local_g04.json
Cansino-Loeza2021,2021,article,local:1-s2.0-S0959652620352380-main.txt,MX,MX,"Comarca Lagunera (La Laguna), northern Mexico: 16 municipalities (5 in Coahuila, 11 in Durango, including Torreón, Gómez Palacio and Lerdo), Lázaro Cárdenas and Francisco Zarco dams, 10 aquifers",25.54,-103.41,watershed-basin,WEF-all|E->W|W->E|W->F,GHG|economy|climate,optimization|scenario,False,False,False,3,10.1016/j.jclepro.2020.125194,True,"Cansino-Loeza, B., & Ponce-Ortega, J. M. (2021). Sustainable assessment of water-energy-food nexus at regional level through a multi-stakeholder optimization approach. Journal of Cleaner Production, 290, Article 125194. https://doi.org/10.1016/j.jclepro.2020.125194",local_g04.json
Steadman2025,2025,article,local:s41598-025-14099-5.txt,US,US,"US Gulf Coast states (Texas, Louisiana, Mississippi, Alabama, Florida) and Gulf waters, linked to the Permian Basin, the Ogallala Aquifer and the Mississippi River basin; no Mexican territory is analyzed",29.0,-90.0,multi,W->E|W->F|F->W|E->W,ecosystems|economy|health,review-bibliometric|GIS-spatial|qualitative-governance,True,False,False,4,10.1038/s41598-025-14099-5,True,"Steadman, C. L., Williams, S., & Eiswerth, A. (2025). Network analysis of the food-energy-water nexus in the Gulf of Mexico (America) region. Scientific Reports, 15(1), Article 29581. https://doi.org/10.1038/s41598-025-14099-5",local_g04.json
OswaldSpring2016,2016,chapter,local:HansGünterBrauc_2016_6TheWaterEnergyFoodan_AddressingGlobalEnvir.txt,MX,MX,"Mexico (national): drylands, northern shale-gas deserts (Chihuahuan and Nuevo León-Tamaulipas), Cutzamala system, border states; the text file holds only pp. 113-122 of the chapter (pp. 113-144)",,,national,W->E|W->F,climate|ecosystems|equity|economy|trade,qualitative-governance|data-compilation,True,True,False,3,10.1007/978-3-319-30990-3_6,True,"Oswald Spring, Ú. (2016). The water, energy, food and biodiversity nexus: New security issues in the case of Mexico. In H. G. Brauch, Ú. Oswald Spring, J. Bennett, & S. E. Serrano Oswald (Eds.), Addressing global environmental challenges from a peace ecology perspective (pp. 113–144). Springer. https://doi.org/10.1007/978-3-319-30990-3_6",local_g04.json
PenaTorres2024,2024,article,local:1-s2.0-S0098135423003435-main.txt,MX,MX,"Sinaloa state, northwest Mexico (hydrological region covering 85% of the state; Culiacán, Mazatlán, Los Mochis; 8 aquifers, dams, 15 deep-well municipalities)",24.81,-107.39,state-province,W->E|E->W|W->F|E->F|FL->E|WEF-all,GHG|economy|trade,optimization|scenario,False,False,False,4,10.1016/j.compchemeng.2023.108473,True,"Peña-Torres, D., Boix, M., & Montastruc, L. (2024). Multi-objective optimization and demand variation analysis on a water energy food nexus system. *Computers and Chemical Engineering*, 180, 108473. https://doi.org/10.1016/j.compchemeng.2023.108473",local_g05.json
Yadav2021,2021,article,local:fenvs-09-667018.txt,US,US,"New Mexico (state and county scale): Rio Grande corridor, Elephant Butte Reservoir, Permian Basin (southeast), San Juan Basin (northwest), Chihuahuan Desert",34.4,-106.1,state-province,W->E|E->W|W->F|E->F,climate|land|economy|equity,data-compilation|index-indicator|simulation-system-dynamics,False,False,False,5,10.3389/fenvs.2021.667018,True,"Yadav, K., Geli, H. M. E., Cibils, A. F., Hayes, M., Fernald, A., Peach, J., Sawalhah, M. N., Tidwell, V. C., Johnson, L. E., Zaied, A. J., & Gedefaw, M. G. (2021). An integrated food, energy, and water nexus, human well-being, and resilience (FEW-WISE) framework: New Mexico. *Frontiers in Environmental Science*, 9, 667018. https://doi.org/10.3389/fenvs.2021.667018",local_g05.json
SanchezZarco2020,2020,article,local:s10098-020-01964-2.txt,MX,MX,"Nuevo León state, northeast Mexico (Monterrey Metropolitan Area, 13 municipalities); water imported from Tamaulipas",25.69,-100.32,state-province,WEF-all|W->F|W->E,climate|health|trade,index-indicator|scenario|data-compilation,False,False,False,5,10.1007/s10098-020-01964-2,True,"Sánchez-Zarco, X. G., Mora-Jacobo, E. G., González-Bravo, R., Mahlknecht, J., & Ponce-Ortega, J. M. (2020). Water, energy, and food security assessment in regions with semiarid climates. *Clean Technologies and Environmental Policy*, 22(10), 2145–2161. https://doi.org/10.1007/s10098-020-01964-2",local_g05.json
SanchezZarco2023,2023,article,local:1-s2.0-S095965262301692X-main.txt,MX,MX,"Nuevo León state, northeast Mexico (third-largest contributor to national GDP; migration destination); basins and municipalities not named in the main text",25.69,-100.32,state-province,WEF-all,ecosystems|health|land|economy|trade,optimization|IO-LCA-footprint|index-indicator|scenario,False,False,False,4,10.1016/j.jclepro.2023.137534,True,"Sánchez-Zarco, X. G., & Ponce-Ortega, J. M. (2023). Water-energy-food-ecosystem nexus: An optimization approach incorporating life cycle, security and sustainability assessment. *Journal of Cleaner Production*, 414, 137534. https://doi.org/10.1016/j.jclepro.2023.137534",local_g05.json
FonsecaOrtiz2020,2020,chapter,local:7 water energy food_capitulo.txt,MX,MX,"Mexico (national, north-south contrasts); case study of an irrigated maize district in the Upper Lerma River basin over the Valley of Toluca Aquifer, State of Mexico",,,national,E->W|W->F|F->W,climate|land|economy|equity|trade|health,data-compilation|index-indicator|IO-LCA-footprint|case-study,True,True,False,5,10.1007/978-3-030-40686-8_4,True,"Fonseca-Ortiz, C. R., Mastachi-Loza, C. A., Díaz-Delgado, C., & Esteller-Alberich, M. V. (2020). The water–energy–food nexus in Mexico. In J. A. Raynal-Villaseñor (Ed.), *Water resources of Mexico* (World Water Resources, Vol. 6, pp. 65–82). Springer. https://doi.org/10.1007/978-3-030-40686-8_4",local_g05.json
Natcher2022a,2022,chapter,local:9781000464603.txt,Arctic,CA,"Northern Canada as defined by the Arctic Council: Yukon, Northwest Territories, Nunavut, Nunavik and Labrador",,,multi,WEF-all|W->E|E->F,climate|equity|health|ecosystems|economy,index-indicator|data-compilation|case-study,True,True,False,5,10.4324/9781003172406-14,True,"Natcher, D., & Ingram, S. (2022). The nexus between water, energy, and food (WEF) systems in Northern Canada. In D. C. Natcher & T. Koivurova (Eds.), *Renewable economies in the Arctic* (pp. 263–279). Routledge. https://doi.org/10.4324/9781003172406-14",local_g05.json
Cambou2022,2022,chapter,local:9781000464603.txt,Arctic,CA|US,"Canada (territorial and provincial North) and Alaska, with comparators in Russia (Sakha), Norway and Sweden",,,multi,E->F,equity|economy|climate|GHG,policy-legal-analysis|case-study|qualitative-governance,True,True,False,4,10.4324/9781003172406-10,True,"Cambou, D., & Poelzer, G. (2022). Enhancing energy justice in the Arctic: An appraisal of the participation of Arctic indigenous peoples in the transition to renewable energy. In D. C. Natcher & T. Koivurova (Eds.), *Renewable economies in the Arctic* (pp. 184–202). Routledge. https://doi.org/10.4324/9781003172406-10",local_g05.json
Buhmann2022,2022,chapter,local:9781000464603.txt,Arctic,CA,"Muskrat Falls (lower Churchill River, Labrador), WAC Bennett Dam and Williston Reservoir and Site C (Peace River, British Columbia), T'Sou-ke First Nation, Haida Gwaii; Sápmi and Greenland comparators",,,multi,W->E|W->F,equity|ecosystems|health|land|climate,case-study|policy-legal-analysis|qualitative-governance,True,True,False,4,10.4324/9781003172406-9,True,"Buhmann, K., Bowles, P., Cambou, D., Skjervedal, A.-S. H., & Stoddart, M. (2022). Toward socially sustainable renewable energy projects through involvement of local communities: Normative aspects and practices on the ground. In D. C. Natcher & T. Koivurova (Eds.), *Renewable economies in the Arctic* (pp. 165–183). Routledge. https://doi.org/10.4324/9781003172406-9",local_g05.json
Natcher2022b,2022,chapter,local:9781000464603.txt,Arctic,CA,"Northern Canada (Yukon, Northwest Territories, Nunavut, Nunavik, Labrador), with Iceland and northern Norway as comparators",,,multi,,trade|economy|equity|climate,data-compilation|policy-legal-analysis,True,True,False,4,10.4324/9781003172406-13,True,"Natcher, D., Kvalvik, I., Reykdal, Ó., Hansen, K., Govaerts, F., Elde, S., Nøstvold, B. H., Rødbotten, R., Dalmannsdottir, S., Halland, H., Uleberg, E., Árnason, J., Pálsson, P. G., Halldórsdóttir, R., Hilmarsson, Ó. Þ., Þórðarson, G., & Valsdóttir, Þ. (2022). The Arctic as a food-producing region. In D. C. Natcher & T. Koivurova (Eds.), *Renewable economies in the Arctic* (pp. 249–262). Routledge. https://doi.org/10.4324/9781003172406-13",local_g05.json
Chambers2022,2022,chapter,local:9781000464603.txt,Arctic,US|CA,"Pan-Arctic (18 PAME large marine ecosystems) with North American content on the Bering, Chukchi and Beaufort seas (Alaska), the Mackenzie River (NWT), British Columbia and Atlantic Canada",,,multi,W->F,climate|ecosystems|equity|economy|trade,review-bibliometric|data-compilation|policy-legal-analysis,True,True,False,3,10.4324/9781003172406-12,True,"Chambers, C., Henke, T., Barr, B., Cook, D., Costa Pierce, B., Einarsson, N., Kaiser, B., Knútsson, Ö., Kokorsch, M., & Sutton, T. (2022). Marine fisheries and aquaculture in the Arctic. In D. C. Natcher & T. Koivurova (Eds.), *Renewable economies in the Arctic* (pp. 224–248). Routledge. https://doi.org/10.4324/9781003172406-12",local_g05.json
Pasch2022,2022,chapter,local:9781000464603.txt,Arctic,CA|US,"Arviat (Kivalliq, Nunavut); Hughes and Huslia (Tanana Chiefs Conference region, interior Alaska); Fairbanks",,,city,E->F,equity|economy|climate,participatory-stakeholder|case-study|qualitative-governance,True,True,False,2,10.4324/9781003172406-2,True,"Pasch, T. J., & Kuhlke, O. (2022). Arctic broadband connectivity and the creative economy: Access, challenges, and opportunities in Nunavut and Alaska. In D. C. Natcher & T. Koivurova (Eds.), *Renewable economies in the Arctic* (pp. 9–45). Routledge. https://doi.org/10.4324/9781003172406-2",local_g05.json
Madani2026,2026,chapter,local:978-3-032-24934-0.txt,Arctic,US|CA,"Circumpolar Arctic with named North American sites: Alaska (Shaktoolik, Selawik, Kobuk, Kaktovik; statewide freshwater export proposals), Canada (Nunavik, Iqaluit, Northern Canada), and the contiguous US as the demand-side driver of Alaskan water export ideas",,,multi,W->E|E->W|W->F,climate|equity|ecosystems|trade,policy-legal-analysis|qualitative-governance,True,True,False,4,10.1007/978-3-032-24934-0_10,True,"Madani, Z., & Poto, M. P. (2026). From water security to water, energy and food (WEF) security: A just systems approach to water–energy–food governance in the Arctic. In Z. Madani, M. P. Poto, Y. McGowan, & D. Ahmed (Eds.), *From climate to ocean protection for a just future: Reimagining justice with care and law* (pp. 257–308). Palgrave Macmillan. https://doi.org/10.1007/978-3-032-24934-0_10",local_g05.json
Murray2026,2026,chapter,local:978-3-032-24934-0.txt,Global-with-NA,US,"Global, with United States youth climate litigation (Juliana v. United States; Navahine v. Hawai'i Department of Transportation; Genesis v. US EPA)",,,multi,,climate|equity,policy-legal-analysis|case-study,True,True,False,1,10.1007/978-3-032-24934-0_3,True,"Murray, E. M., & Poto, M. P. (2026). Children and youth justice. In Z. Madani, M. P. Poto, Y. McGowan, & D. Ahmed (Eds.), *From climate to ocean protection for a just future: Reimagining justice with care and law* (pp. 35–64). Palgrave Macmillan. https://doi.org/10.1007/978-3-032-24934-0_3",local_g05.json
McGowan2026,2026,chapter,local:978-3-032-24934-0.txt,Global-with-NA,CA|US,"Global; brief mentions of Inuit in Canada and the US rural health penalty; one paragraph on Arctic water, energy and food governance",,,multi,,equity|climate,policy-legal-analysis|qualitative-governance,True,True,False,1,10.1007/978-3-032-24934-0_11,True,"McGowan, Y. E., & Poto, M. P. (2026). Science communication for justice: Relational, systemic, and decolonial pathways. In Z. Madani, M. P. Poto, Y. McGowan, & D. Ahmed (Eds.), *From climate to ocean protection for a just future: Reimagining justice with care and law* (pp. 311–341). Palgrave Macmillan. https://doi.org/10.1007/978-3-032-24934-0_11",local_g05.json
Waskom2014,2014,report,local:CWC_IS116.txt,US,US|CA,"Conterminous United States, weighted to the West (Colorado River Basin, California, Colorado, Nevada, Arizona, Texas, Wyoming, Nebraska), with Catawba-Wateree (North and South Carolina) and the US-Canada Columbia River",,,national,W->E|E->W|W->F|E->F|FL->E|F->W,climate|economy|equity|trade|ecosystems|GHG,participatory-stakeholder|case-study|data-compilation|qualitative-governance,True,False,True,5,,False,"Waskom, R., Akhbari, M., & Grigg, N. (2014). *U.S. perspective on the water-energy-food nexus* (Colorado Water Institute Completion Report No. 116; Information Series No. 116). Colorado State University, Colorado Water Institute.",local_g05.json
Cohen2014,2014,chapter,local:CWC_IS116.txt,US,US,"Lower Colorado River Basin: Imperial Valley and San Diego (IID-SDCWA transfer), Palo Verde Valley and Yuma Mesa, Las Vegas Valley and Lake Mead (SNWA), Navajo Generating Station and the Central Arizona Project, Salton Sea",34.45,-114.3,watershed-basin,W->F|E->W|W->E,economy|ecosystems|equity|climate,case-study|policy-legal-analysis|qualitative-governance,True,True,True,5,,False,"Cohen, M. (2014). Southern California ag-urban transfer: A potential nexus case study. In R. Waskom, M. Akhbari, & N. Grigg (Primary Authors), *U.S. perspective on the water-energy-food nexus* (Colorado Water Institute Completion Report No. 116, pp. 85–88). Colorado State University.",local_g05.json
MacDonnell2014,2014,chapter,local:CWC_IS116.txt,US,US,"Powder River Basin (Wyoming) coalbed methane with Colorado and New Mexico; The Geysers geothermal field (Sonoma and Lake counties, California); Colorado Front Range and South Platte (Xcel Energy); Austin, Texas; US national energy-water analyses",,,multi,W->E|E->W|W->F,economy|ecosystems|GHG|climate,case-study|policy-legal-analysis|data-compilation,True,False,True,4,,False,"MacDonnell, L. (2014). Case study illustrating water energy food nexus [CBM produced water management]. In R. Waskom, M. Akhbari, & N. Grigg (Primary Authors), *U.S. perspective on the water-energy-food nexus* (Colorado Water Institute Completion Report No. 116, pp. 66–68). Colorado State University.",local_g05.json
Lineberger2014,2014,chapter,local:CWC_IS116.txt,US,US|CA,Catawba-Wateree River Basin (North and South Carolina); Columbia River Basin (US-Canada treaty); California Bay-Delta (CALFED); Upper Mississippi inland waterways and Great Lakes (Boundary Waters Treaty and International Joint Commission),,,watershed-basin,W->E|E->W|W->F,climate|ecosystems|economy|equity,case-study|qualitative-governance|policy-legal-analysis,True,False,True,4,,False,"Lineberger, J. (2014). Catawba-Wateree River Basin water supply master plan. In R. Waskom, M. Akhbari, & N. Grigg (Primary Authors), *U.S. perspective on the water-energy-food nexus* (Colorado Water Institute Completion Report No. 116, pp. 62–65). Colorado State University.",local_g05.json
Holzfaster2014,2014,chapter,local:CWC_IS116.txt,US,US,US corn sector (Field to Market national indicators) with a Nebraska farmer perspective; Nebraska Water Balance Alliance (NEWBA) demonstrations; Coca-Cola North America corn and high-fructose corn syrup supply chain,,,farm,W->F|E->F|FL->E,GHG|land|climate|economy,data-compilation|case-study|participatory-stakeholder,True,False,True,4,,False,"Holzfaster, J. (2014). Defining, measuring, and improving corn sustainability. In R. Waskom, M. Akhbari, & N. Grigg (Primary Authors), *U.S. perspective on the water-energy-food nexus* (Colorado Water Institute Completion Report No. 116, pp. 40–42). Colorado State University.",local_g05.json
FernandezGuajardo2020,2020,thesis,local:FernandezPatriciaT2020.txt,US,US,"Hood River basin, north-central Oregon (Farmers, Middle Fork and East Fork Irrigation Districts; Mt. Hood glacial headwaters; Columbia River tributary)",45.6,-121.6,watershed-basin,W->E|E->W|W->F|E->F,ecosystems|economy|GHG|climate|equity,case-study|qualitative-governance|policy-legal-analysis,True,True,True,5,,False,"Fernández-Guajardo, P. T. (2020). *Sustainable management of the water-energy-food nexus: From traditional to integrated hydro-irrigation-restoration systems* [Doctoral dissertation, Oregon State University].",local_g05.json
Ge2025,2025,review,local:Research_Status_and_Developmen.txt,Non-NA,,"Global review dominated by studies from China; one US dataset (cotton growth data, Driscoll, Texas) appears in a summary table",,,multi,,economy,review-bibliometric|ML-AI,False,False,False,1,10.3390/agriculture15212247,True,"Ge, C., Zhang, G., Wang, Y., Shao, D., Song, X., & Wang, Z. (2025). Research status and development trends of artificial intelligence in smart agriculture. *Agriculture*, 15(21), 2247. https://doi.org/10.3390/agriculture15212247",local_g05.json
JonesCrank2026,2026,review,online,CA,CA,Canada (national review of Canadian WEF nexus research),,,national,,,review-bibliometric,True,False,False,5,10.1080/07011784.2025.2596607,True,"Jones-Crank, J. L., & McAllister, C. (2026). The water-energy-food nexus in Canada: A review. Canadian Water Resources Journal / Revue canadienne des ressources hydriques, 51(1), 85–100. https://doi.org/10.1080/07011784.2025.2596607",online_ca_north_methods.json
Vonderbank2025,2025,article,online,CA,CA,"Saskatchewan River Basin (Alberta, Saskatchewan, Manitoba), including the South Saskatchewan River and the Saskatchewan River Delta",51.5,-109.5,watershed-basin,W->F,climate|ecosystems|equity,simulation-system-dynamics|scenario|policy-legal-analysis,True,True,False,5,10.1007/s40899-025-01286-5,True,"Vonderbank, L., Stadnyk, T. A., & Black, K. (2025). Assessing hydrologic and policy implications of irrigation on the Canadian prairies under climate change. Sustainable Water Resources Management, 11(6), Article 117. https://doi.org/10.1007/s40899-025-01286-5",online_ca_north_methods.json
Wu2025,2025,article,online,CA,CA,"Peace River Basin, Canada (transboundary river system; hydropower, cropland and livestock)",56.2,-117.3,watershed-basin,WEF-all,land|ecosystems|economy,statistical-causal|scenario,False,False,False,5,10.1007/s10113-025-02465-y,True,"Wu, L., Zhao, Q., & Natcher, D. (2025). Bayesian network modeling of the water-energy-food nexus: The case of the Peace River Basin, Canada. Regional Environmental Change, 25(4), Article 137. https://doi.org/10.1007/s10113-025-02465-y",online_ca_north_methods.json
RossHopley2025,2025,article,online,CA,CA,Large irrigation projects in Saskatchewan (grid supply by SaskPower),,,state-province,E->W,economy|GHG,optimization|scenario,False,False,False,4,10.1016/j.scca.2025.100095,True,"Ross-Hopley, D., Husband, R., Ugwu, L., & Ibrahim, H. (2025). Opportunities for renewable energy in large Saskatchewan irrigation projects evaluated in HOMER Pro software. Sustainable Chemistry for Climate Action, 7, Article 100095. https://doi.org/10.1016/j.scca.2025.100095",online_ca_north_methods.json
Kim2022,2022,article,online,CA,CA,"Lower Nelson River Basin, Manitoba (Hudson Bay drainage basin)",56.5,-94.1,watershed-basin,W->E,climate,simulation-system-dynamics|scenario,False,False,False,4,10.1016/j.ejrh.2022.101077,True,"Kim, S. J., Asadzadeh, M., & Stadnyk, T. A. (2022). Climate change impact on water supply and hydropower generation potential in Northern Manitoba. Journal of Hydrology: Regional Studies, 41, Article 101077. https://doi.org/10.1016/j.ejrh.2022.101077",online_ca_north_methods.json
Dolter2022,2022,article,online,CA,CA,"Site C hydroelectric project, Peace River, British Columbia (BC and Alberta electricity systems)",56.2,-120.8,state-province,W->E,economy|GHG|trade,optimization|scenario,True,False,False,4,10.1016/j.enpol.2022.113161,True,"Dolter, B., Fellows, G. K., & Rivers, N. (2022). The cost effectiveness of new reservoir hydroelectricity: British Columbia's Site C project. Energy Policy, 169, Article 113161. https://doi.org/10.1016/j.enpol.2022.113161",online_ca_north_methods.json
Agrawal2022,2022,article,online,CA,CA,"Canada by province and territory (BC, AB, SK, MB, ON, QC, Atlantic provinces, Territories), reference year 2017",,,national,W->E|W->F,,data-compilation,False,False,False,5,10.1080/07011784.2021.1994884,True,"Agrawal, N., Patrick, T., Davis, M., Ahiduzzaman, M., & Kumar, A. (2022). Analysis of Canada's water use: Tracing water flow from source to end use. Canadian Water Resources Journal / Revue canadienne des ressources hydriques, 47(1), 19–39. https://doi.org/10.1080/07011784.2021.1994884",online_ca_north_methods.json
Pietroniro2026,2026,article,online,CA,CA,Canada (federal water governance; Canada Water Agency),,,national,,equity,policy-legal-analysis|qualitative-governance,True,True,False,4,10.1080/07011784.2026.2663787,True,"Pietroniro, A., Wrona, F., Chronopoulos, S., & Black, K. (2026). Shared currents: Stewarding Canada's water commons. Canadian Water Resources Journal / Revue canadienne des ressources hydriques, 51(3), 255–258. https://doi.org/10.1080/07011784.2026.2663787",online_ca_north_methods.json
Younis2025,2025,article,online,CA,CA,"Canada, provinces and river basins, projections to 2050",,,multi,W->E|W->F,climate|trade|GHG,hydro-economic-IAM|scenario,False,False,False,5,10.1016/j.jenvman.2025.126416,True,"Younis, O., Davies, E. G. R., Chiappori, D. V., Binsted, M., Siddiqui, M.-S., Arbuckle, E. J., & Macaluso, N. (2025). Exploring water use pathways under deep decarbonization scenarios in Canada at subnational scales using GCAM-Canada. Journal of Environmental Management, 391, Article 126416. https://doi.org/10.1016/j.jenvman.2025.126416",online_ca_north_methods.json
Huntington2021,2021,article,online,Arctic,US,"Rural Alaska communities in a renewable-energy project (companion framework paper covers Cordova, Kongiganak and Igiugig)",64.0,-153.0,city,WEF-all,,case-study|qualitative-governance,True,True,False,5,10.1038/s41893-021-00719-1,True,"Huntington, H. P., Schmidt, J. I., Loring, P. A., Whitney, E., Aggarwal, S., Byrd, A. G., Dev, S., Dotson, A. D., Huang, D., Johnson, B., Karenzi, J., Penn, H. J. F., Salmon, A., Sambor, D. J., Schnabel, W. E., Wies, R. W., & Wilber, M. (2021). Applying the food-energy-water nexus concept at the local scale. Nature Sustainability, 4(8), 672–679. https://doi.org/10.1038/s41893-021-00719-1",online_ca_north_methods.json
Schwoerer2020,2020,article,online,Arctic,US,Nine Arctic and Subarctic Indigenous communities (the abstract does not name them; Alaska inferred from author affiliations and keywords),,,household,E->F,climate|GHG,statistical-causal,False,True,False,4,10.1016/j.ecolecon.2020.106712,True,"Schwoerer, T., Schmidt, J. I., & Holen, D. (2020). Predicting the food-energy nexus of wild food systems: Informing energy transitions for isolated Indigenous communities. Ecological Economics, 176, Article 106712. https://doi.org/10.1016/j.ecolecon.2020.106712",online_ca_north_methods.json
Sambor2023,2023,article,online,Arctic,CA,"Kluane Lake Research Station, Yukon Territory",61.0,-138.4,city,E->F|E->W,economy|GHG,optimization|case-study,False,False,False,4,10.1016/j.nexus.2023.100200,True,"Sambor, D. J., Penn, H., & Jacobson, M. Z. (2023). Energy optimization of a food-energy-water microgrid living laboratory in Yukon, Canada. Energy Nexus, 10, Article 100200. https://doi.org/10.1016/j.nexus.2023.100200",online_ca_north_methods.json
Batal2021,2021,article,online,CA,CA,"92 on-reserve First Nations south of the 60th parallel (BC, Alberta, Saskatchewan, Manitoba, Ontario, Quebec/Labrador, Atlantic regions), 2008-2018",,,household,,equity|health|climate,statistical-causal|participatory-stakeholder,False,True,False,5,10.17269/s41997-021-00491-x,True,"Batal, M., Chan, H. M., Fediuk, K., Ing, A., Berti, P. R., Mercille, G., Sadik, T., & Johnson-Down, L. (2021). First Nations households living on-reserve experience food insecurity: Prevalence and predictors among ninety-two First Nations communities across Canada. Canadian Journal of Public Health, 112(S1), 52–63. https://doi.org/10.17269/s41997-021-00491-x",online_ca_north_methods.json
Schwartz2021,2021,article,online,CA,CA,"91 First Nations south of the 60th parallel across 11 ecozones (1,516 households)",,,household,,health|equity,data-compilation|participatory-stakeholder,False,True,False,4,10.17269/s41997-021-00497-5,True,"Schwartz, H., Marushka, L., Chan, H. M., Batal, M., Sadik, T., Ing, A., Fediuk, K., & Tikhonov, C. (2021). Metals in the drinking water of First Nations across Canada. Canadian Journal of Public Health, 112(S1), 113–132. https://doi.org/10.17269/s41997-021-00497-5",online_ca_north_methods.json
Brown2024,2024,article,online,Arctic,US,"Rural Alaskan coastlines, including the Bethel census area",60.8,-161.8,state-province,,climate|equity,ML-AI|GIS-spatial,True,True,False,4,10.1088/2634-4505/ad6bbe,True,"Brown, M. J., Passalacqua, P., & Faust, K. (2024). Exposure of rural Alaskan infrastructure to coastal erosion and permafrost subsidence. Environmental Research: Infrastructure and Sustainability, 4(3), Article 035011. https://doi.org/10.1088/2634-4505/ad6bbe",online_ca_north_methods.json
Curley2021,2021,article,online,US,US,"Central Arizona Project (Colorado River to Phoenix and Tucson), Navajo Nation, Colorado River basin",36.1,-109.5,watershed-basin,E->W|W->E,equity|land,policy-legal-analysis|case-study|qualitative-governance,True,True,True,4,10.1177/0263775821991537,True,"Curley, A. (2021). Infrastructures as colonial beachheads: The Central Arizona Project and the taking of Navajo resources. Environment and Planning D: Society and Space, 39(3), 387–404. https://doi.org/10.1177/0263775821991537",online_ca_north_methods.json
Schelly2024,2024,article,online,US,US,Anishinaabe Tribal Nations in the Great Lakes region (rural Tribal Nations; authors at Michigan Technological University),,,multi,,equity,qualitative-governance|participatory-stakeholder|case-study,True,True,False,4,10.1111/ruso.12519,True,"Schelly, C., Gagnon, V., Brosemer, K., & Arola, K. (2024). Engagement for life's sake: Reflections on partnering and partnership with rural Tribal Nations. Rural Sociology, 89(S1), 664–683. https://doi.org/10.1111/ruso.12519",online_ca_north_methods.json
Hoicka2021,2021,article,online,CA,CA,Canada (194 renewable energy projects associated with Indigenous communities),,,national,,equity|economy,data-compilation|policy-legal-analysis,True,True,True,4,10.1016/j.erss.2020.101897,True,"Hoicka, C. E., Savic, K., & Campney, A. (2021). Reconciliation through renewable energy? A survey of Indigenous communities, involvement, and peoples in Canada. Energy Research & Social Science, 74, Article 101897. https://doi.org/10.1016/j.erss.2020.101897",online_ca_north_methods.json
Daley2024,2024,article,online,Arctic,CA,"Remote northern Canada (territories, Inuit Nunangat and other Nutrition North eligible communities), Canadian Community Health Survey 2007-2016",,,household,,equity|economy|health,statistical-causal|policy-legal-analysis,True,True,True,5,10.1111/caje.12688,True,"Daley, A., Pandey, S., Phipps, S., & Watson, B. (2024). From the Food Mail Program to Nutrition North Canada: The impact on food insecurity among Indigenous and non-Indigenous families with children. Canadian Journal of Economics/Revue canadienne d'économique, 57(1), 27–54. https://doi.org/10.1111/caje.12688",online_ca_north_methods.json
Opejin2020,2020,review,online,Global-with-NA,US|CA,"Global literature, Scopus, January 2011 to May 2018; North America (World Bank region) has 31 of 150 located case studies",,,multi,,,review-bibliometric,True,False,False,4,10.3390/su12031112,True,"Opejin, A. K., Aggarwal, R. M., White, D. D., Jones, J. L., Maciejewski, R., Mascaro, G., & Sarjoughian, H. S. (2020). A bibliometric analysis of food-energy-water nexus literature. Sustainability, 12(3), Article 1112. https://doi.org/10.3390/su12031112",online_ca_north_methods.json
Stone2023,2023,review,online,Global-with-NA,US,United States and countries with similar national development (Human Development Index of 0.9 or above); systematic review of food-energy-water systems analyses,,,multi,,equity|climate,review-bibliometric,True,True,False,4,10.3389/fenvs.2023.1028306,True,"Stone, T. F., Dickey, L. C., Summers, H., Thompson, J. R., Rehmann, C. R., Zimmerman, E., & Tyndall, J. (2023). A systematic review of social equity in FEWS analyses. Frontiers in Environmental Science, 11, Article 1028306. https://doi.org/10.3389/fenvs.2023.1028306",online_ca_north_methods.json
Tuler2023,2023,article,online,US,US,Midwest and Northeast United States (C-FEWS modeling framework to 2100); stakeholders in New England,,,multi,,climate,participatory-stakeholder|qualitative-governance,True,False,False,4,10.3389/fenvs.2023.1067559,True,"Tuler, S. P., Webler, T., Hansen, R., Vörösmarty, C. J., Melillo, J. M., & Wuebbles, D. J. (2023). Prospects and challenges of regional modeling frameworks to inform planning for food, energy, and water systems: Views of modelers and stakeholders. Frontiers in Environmental Science, 11, Article 1067559. https://doi.org/10.3389/fenvs.2023.1067559",online_ca_north_methods.json
FoxKamper2023,2023,article,online,Global-with-NA,US,"Five case-study cities: Dortmund, Gorzow Wielkopolski, London, Nantes (Europe) and New York City (US)",,,city,,land,policy-legal-analysis|participatory-stakeholder,True,False,False,3,10.1016/j.landurbplan.2023.104848,True,"Fox-Kämper, R., Kirby, C. K., Specht, K., Cohen, N., Ilieva, R., Caputo, S., Schoen, V., Hawes, J. K., Ponizy, L., & Béchet, B. (2023). The role of urban agriculture in food-energy-water nexus policies: Insights from Europe and the U.S. Landscape and Urban Planning, 239, Article 104848. https://doi.org/10.1016/j.landurbplan.2023.104848",online_ca_north_methods.json
Mai2025,2025,review,online,Global-with-NA,US,"Global agricultural nexus literature, 2000-2024 (Web of Science and Scopus); North America compared with East Asia and developing regions",,,multi,,,review-bibliometric,False,False,False,4,10.3390/su17104428,True,"Mai, E. N. Z., Inoue, N., & Uenishi, Y. (2025). The food water energy nexus in agriculture: Understanding regional challenges and practices to sustainability. Sustainability, 17(10), Article 4428. https://doi.org/10.3390/su17104428",online_ca_north_methods.json
FloresVillarreal2025,2025,article,online,MX,MX,"Linares and Hualahuises municipalities, Citrícola Sur aquifer, Nuevo León (Río Bravo hydrological-administrative region VI)",24.86,-99.57,farm,E->W|W->F,economy,statistical-causal|policy-legal-analysis|case-study|data-compilation,True,False,True,5,10.22231/asyd.v22i3.1718,True,"Flores Villarreal, J. C., Arredondo Pastrana, D. M., Cantú Ayala, C. M., González Saldivar, F. N., & Uvalle Sauceda, J. I. (2025). Estudio preliminar para el cambio en la fórmula de la cuota energética en México [Preliminary study for changing the energy quota formula in Mexico]. Agricultura, Sociedad y Desarrollo, 22(3), 397–416. https://doi.org/10.22231/asyd.v22i3.1718",online_mx_transboundary.json
Knappett2022,2022,article,online,MX,MX,"Independence Basin (upper Río Laja), Guanajuato, central Mexico (Bajío)",20.9,-100.75,watershed-basin,E->W|W->F|WEF-all,health|economy,simulation-system-dynamics|hydro-economic-IAM|scenario,False,False,False,5,10.1029/2022gh000592,True,"Knappett, P. S. K., Farias, P., Miller, G. R., Hoogesteger, J., Li, Y., Mendoza-Sanchez, I., Woodward, R. T., Hernandez, H., Loza-Aguirre, I., Datta, S., Huang, Y., Carrillo, G., Roh, T., & Terrell, D. (2022). A systems approach to remediating human exposure to arsenic and fluoride from overexploited aquifers. GeoHealth, 6(7), Article e2022GH000592. https://doi.org/10.1029/2022gh000592",online_mx_transboundary.json
GaitanRossi2025,2025,article,online,MX,MX,"Monterrey Metropolitan Area, Nuevo León",25.67,-100.31,city,,health|equity|climate,case-study|qualitative-governance|policy-legal-analysis,True,True,True,4,10.5334/aogh.4758,True,"Gaitán-Rossi, P., Félix-Beltrán, L., García-Ruiz, X., & Young, S. L. (2025). Implementation lessons of a water insecurity intervention during a drought in Mexico. Annals of Global Health, 91(1), Article 52. https://doi.org/10.5334/aogh.4758",online_mx_transboundary.json
MundoRosas2024,2024,article,online,MX,MX,"Mexico, national household survey (ENSANUT Continua 2020-2023)",,,household,,health|equity,index-indicator|data-compilation,False,True,False,4,10.21149/15853,True,"Mundo-Rosas, V., Shamah-Levy, T., Muñoz-Espinosa, A., Hernández-Palafox, C., Vizuet-Vega, N. I., Torres-Valencia, M. Á., Figueroa-Oropeza, J. L., Gutiérrez-Atristain, A., Bautista-Arredondo, S., Téllez-Rojo, M. M., Lewise-Young, S., Melgar-Quiñonez, H., Pérez-Escamilla, R., Gaitán-Rossi, P., Unar-Munguía, M., García, O. P., Del Castillo-Matamoros, S. E., Dolores-Maldonado, G. K., Gallardo-Medina, D. del C., . . . López-Ridaura, R. (2024). Inseguridad alimentaria y del agua [Food and water insecurity]. Salud Pública de México, 66(4), 580–588. https://doi.org/10.21149/15853",online_mx_transboundary.json
GomezTagle2022,2022,article,online,MX,MX,"Uruapan municipality, Avocado Belt, Michoacán",19.42,-102.06,farm,W->F|F->W,equity,IO-LCA-footprint|data-compilation,False,False,False,4,10.3390/su14159664,True,"Gómez-Tagle, A. F., Gómez-Tagle, A., Fuerte-Velázquez, D. J., Barajas-Alcalá, A. G., Quiroz-Rivera, F., Alarcón-Chaires, P. E., & Guerrero-García-Rojas, H. (2022). Blue and green water footprint of agro-industrial avocado production in central Mexico. Sustainability, 14(15), 9664. https://doi.org/10.3390/su14159664",online_mx_transboundary.json
Huberts2023,2023,article,online,MX,MX,Mexico City (households in 38 neighborhoods; survey in five eastern boroughs),19.43,-99.13,household,,equity|health,case-study|data-compilation,False,True,False,3,10.1371/journal.pwat.0000056,True,"Huberts, A., Palma, D., Bernal García, A. C., Cole, F., & Roberts, E. F. S. (2023). Making scarcity “enough”: The hidden household costs of adapting to water scarcity in Mexico City. PLOS Water, 2(3), Article e0000056. https://doi.org/10.1371/journal.pwat.0000056",online_mx_transboundary.json
Cigna2022,2022,article,online,MX,MX,"Central Mexico (about 700,000 km2, more than 300 aquifer systems; Mexico City Metropolitan Area is the main hotspot; hydrological-administrative regions VII, VIII and XIII)",,,national,,land,GIS-spatial|data-compilation,False,False,False,3,10.1029/2022gl098923,True,"Cigna, F., & Tapete, D. (2022). Land subsidence and aquifer-system storage loss in central Mexico: A quasi-continental investigation with Sentinel-1 InSAR. Geophysical Research Letters, 49(15), Article e2022GL098923. https://doi.org/10.1029/2022gl098923",online_mx_transboundary.json
OchoaNoriega2022,2022,article,online,MX,MX,"Costa de Hermosillo, Sonora",28.85,-111.45,watershed-basin,W->F,economy,participatory-stakeholder|qualitative-governance|case-study,True,False,False,3,10.3390/agronomy12010154,True,"Ochoa-Noriega, C., Velasco-Muñoz, J. F., Aznar-Sánchez, J. A., & López-Felices, B. (2022). Analysis of the acceptance of sustainable practices in water management for the intensive agriculture of the Costa de Hermosillo (Mexico). Agronomy, 12(1), 154. https://doi.org/10.3390/agronomy12010154",online_mx_transboundary.json
Guevara2025,2025,article,online,MX,MX,"Xochimilco chinampa farming zone, Mexico City",19.26,-99.1,farm,E->W|E->F|FL->E,GHG|economy|health,scenario|case-study|data-compilation,False,False,False,3,10.1016/j.esd.2025.101743,True,"Guevara, M., Manzini, F., & Sánchez-Juárez, A. (2025). Technical and economic analysis for the implementation of photovoltaic systems in agricultural zones of Mexico City: A case study. Energy for Sustainable Development, 87, Article 101743. https://doi.org/10.1016/j.esd.2025.101743",online_mx_transboundary.json
Espira2024,2024,article,online,MX,MX,"Mezquital Valley irrigation canals, Hidalgo (wastewater from Mexico City)",20.15,-99.2,watershed-basin,W->F,health,statistical-causal|case-study|data-compilation,False,False,True,3,10.1016/j.scitotenv.2024.170615,True,"Espira, L. M., Contreras, J. D., Felix-Arellano, E. E., Siebe, C., Mazari-Hiriart, M., Riojas-Rodríguez, H., & Eisenberg, J. N. S. (2024). A comparative analysis of regional infection risk due to wastewater recontamination in the Mezquital Valley, Mexico. Science of the Total Environment, 919, Article 170615. https://doi.org/10.1016/j.scitotenv.2024.170615",online_mx_transboundary.json
SEMARNAT2026,2026,report,online,MX,MX,Mexico (national water program 2026-2030; reference year 2023-2024 data),,,national,E->W|W->F,equity|economy,policy-legal-analysis|data-compilation,True,True,False,5,,False,"Secretaría de Medio Ambiente y Recursos Naturales, & Comisión Nacional del Agua. (2026, May 18). Programa Nacional Hídrico 2026-2030. Diario Oficial de la Federación. https://www.gob.mx/cms/uploads/attachment/file/1079404/PROGRAMA_Nacional_H_drico_2026-2030.pdf",online_mx_transboundary.json
Richter2024,2024,article,online,Transboundary,US|MX,"Colorado River Basin (seven US states, Gila River basin, exports, and Mexico), 2000-2019 averages",36.9,-111.5,transboundary,W->F,ecosystems|climate,data-compilation|IO-LCA-footprint|GIS-spatial,False,False,False,5,10.1038/s43247-024-01291-0,True,"Richter, B. D., Lamsal, G., Marston, L., Dhakal, S., Sangha, L. S., Rushforth, R. R., Wei, D., Ruddell, B. L., Davis, K. F., Hernandez-Cruz, A., Sandoval-Solis, S., & Schmidt, J. C. (2024). New water accounting reveals why the Colorado River no longer reaches the sea. Communications Earth & Environment, 5(1), Article 134. https://doi.org/10.1038/s43247-024-01291-0",online_mx_transboundary.json
Huizar2024,2024,article,online,Transboundary,US|MX,"Lower Colorado River Basin (Arizona, California, Nevada) and Mexico; Lake Mead and Lake Powell hydropower",36.1,-114.4,watershed-basin,W->E,climate|economy,hydro-economic-IAM|scenario,True,False,False,4,10.1061/joeedu.eeeng-7505,True,"Huizar, L., Díaz, S., Lansey, K., & Arnold, R. (2024). Economic impacts of the 2019 Drought Contingency Plan in the Lower Colorado River Basin: Water, energy, and recreation. Journal of Environmental Engineering, 150(4), Article 04024004. https://doi.org/10.1061/joeedu.eeeng-7505",online_mx_transboundary.json
Stern2023,2023,report,online,US,US|MX,"Glen Canyon Dam and Lake Powell, Colorado River Storage Project (Arizona); Upper Basin deliveries to the Lower Basin and Mexico",36.94,-111.48,watershed-basin,W->E|E->F,economy|GHG,policy-legal-analysis|data-compilation,True,False,False,4,,False,"Stern, C. V., & Lawson, A. J. (2023). Long-term drought and Glen Canyon Dam: Potential effects on water deliveries and hydropower (CRS Report No. R47497). Congressional Research Service. https://www.congress.gov/crs-product/R47497",online_mx_transboundary.json
CER2024,2024,report,online,Multi-NA,CA|US,"Quebec, Ontario, Manitoba and British Columbia; interties with the US Northeast, Midcontinent and Pacific Northwest",,,transboundary,W->E,climate|trade|economy,data-compilation,False,False,False,4,,False,"Canada Energy Regulator. (2024, August 7). Market snapshot: Electricity trade trends affected by recent low precipitation. https://www.cer-rec.gc.ca/en/data-analysis/energy-markets/market-snapshots/2024/market-snapshot-electricity-trade-trends-affected-by-recent-low-precipitation.html",online_mx_transboundary.json
Hartman2021,2021,article,online,Multi-NA,MX|US,"Mexico (municipal crop water use, 1986-2016; Guanajuato, Michoacán, Sonora, Baja California, Chihuahua) and the US import supply chain",,,national,W->F|F->W,trade,IO-LCA-footprint|GIS-spatial|data-compilation,False,False,False,5,10.1088/1748-9326/ac286d,True,"Hartman, S., Chiarelli, D. D., Rulli, M. C., & D’Odorico, P. (2021). A growing produce bubble: United States produce tied to Mexico’s unsustainable agricultural water use. Environmental Research Letters, 16(10), 105008. https://doi.org/10.1088/1748-9326/ac286d",online_mx_transboundary.json
Richter2025,2025,article,online,Transboundary,US|MX,"Rio Grande-Bravo basin (14 sub-basins: Colorado, New Mexico, Pecos, Rio Conchos, Lower Valley), 2000-2024",30.5,-104.5,watershed-basin,W->F|W->E,climate|ecosystems|economy,data-compilation|GIS-spatial,False,False,False,5,10.1007/s43832-025-00301-2,True,"Richter, B. D., Abdelmohsen, K., Dhakal, S., Famiglietti, J. S., Fowler, K. F., Green, H., Marston, L., Mekonnen, M. M., Prunes, E., Rohde, M. M., Ruddell, B. L., Rushforth, R. R., Shahbol, N., Sjöstedt, E. C., & Sandoval-Solis, S. (2025). Overconsumption gravely threatens water security in the binational Rio Grande-Bravo basin. Discover Water, 5(1), Article 104. https://doi.org/10.1007/s43832-025-00301-2",online_mx_transboundary.json
NavarroGomez2026,2026,review,online,Transboundary,US|MX,Mexico-US transboundary aquifers; Valle de Juárez / Hueco Bolsón (Chihuahua-Texas) as the anchor case,31.6,-106.1,transboundary,W->F,,policy-legal-analysis|qualitative-governance|data-compilation,True,False,False,4,10.3390/w18111315,True,"Navarro-Gómez, C. J., Sánchez, R., & Sánchez, D. H. (2026). The irrigation efficiency paradox in transboundary aquifers: Implications for groundwater recharge and sustainability. Water, 18(11), 1315. https://doi.org/10.3390/w18111315",online_mx_transboundary.json
Sanchez2025,2025,article,online,Transboundary,US|MX,"Colorado River, Upper Rio Grande and Lower Rio Grande under the 1944 US-Mexico Water Treaty",26.2,-98.3,transboundary,,climate|economy,policy-legal-analysis,True,False,False,4,10.1080/02508060.2025.2465053,True,"Sanchez, R., Mumme, S. P., & Eckstein, G. (2025). The extraordinary drought provision and the future of the Rio Grande water deliveries under the 1944 US–Mexico water treaty: An exploratory policy analysis. Water International, 50(2), 171–188. https://doi.org/10.1080/02508060.2025.2465053",online_mx_transboundary.json
LoeraAlonso2026,2026,article,online,Transboundary,US|MX,"Colorado River Basin (US Lower Basin and Mexico, Mexicali Valley and Baja California users)",32.7,-114.7,transboundary,,climate,qualitative-governance|case-study|policy-legal-analysis,True,False,True,5,10.3390/w18070775,True,"Loera Alonso, A. R. J., Gerlak, A. K., & Smith, G. (2026). Minute 330 of the US–Mexico water treaty: A testament to transboundary cooperation amidst drought in the Colorado River Basin. Water, 18(7), 775. https://doi.org/10.3390/w18070775",online_mx_transboundary.json
Gronewold2024,2024,article,online,Transboundary,US|CA|MX,"Colorado River, Rio Grande and Great Lakes-St. Lawrence basins (US, Mexico, Canada)",,,continental,,climate,policy-legal-analysis|qualitative-governance,True,False,False,4,10.1038/s41467-024-51456-w,True,"Gronewold, A., Bednar, J., Cort, M., Rueda, V., Moore, M., & Allan, J. (2024). Can continental transboundary compacts hold water? Nature Communications, 15(1), Article 7087. https://doi.org/10.1038/s41467-024-51456-w",online_mx_transboundary.json
Zhang2021,2021,article,online,Transboundary,US|CA,"Columbia River Basin (US Pacific Northwest and British Columbia, Canada)",47.5,-118.5,transboundary,,,participatory-stakeholder|qualitative-governance|data-compilation,True,False,False,4,10.1061/(asce)wr.1943-5452.0001461,True,"Zhang, J., Yang, Y.-C. E., Li, H., & Shittu, E. (2021). Examining the food-energy-water-environment nexus in transboundary river basins through a human dimension lens: Columbia River Basin. Journal of Water Resources Planning and Management, 147(10), Article 05021019. https://doi.org/10.1061/(asce)wr.1943-5452.0001461",online_mx_transboundary.json
Stern2024,2024,report,online,Transboundary,US|CA,"Columbia River Basin; Canadian storage dams (Mica, Hugh Keenleyside/Arrow Lakes, Duncan) and Libby Dam, Montana",49.3,-118.0,transboundary,W->E,ecosystems|economy,policy-legal-analysis|data-compilation,True,False,False,5,,False,"Stern, C. V. (2024). Columbia River Treaty (CRS Report No. R43287, updated December 3, 2024). Congressional Research Service. https://www.congress.gov/crs-product/R43287",online_mx_transboundary.json
Humphreys2026,2026,report,online,Transboundary,US|MX,"Rio Grande/Río Bravo below Fort Quitman, Colorado River deliveries to Mexico (including Tijuana), Tijuana River Valley",,,transboundary,,economy|trade|health,policy-legal-analysis|data-compilation,True,False,True,5,,False,"Humphreys, E. H., Carter, N. T., & Stern, C. V. (2026). 1944 U.S.-Mexico water treaty: Issues in the 119th Congress (CRS In Focus No. IF12976, version 6, updated March 6, 2026). Congressional Research Service. https://www.congress.gov/crs-product/IF12976",online_mx_transboundary.json
Mieno2024,2024,article,online,US,US,"High Plains (Ogallala) Aquifer region, central United States; county-level corn and soybean data over 30+ years",38.8,-100.5,watershed-basin,W->F,climate|economy,statistical-causal,False,False,False,4,10.1038/s44221-023-00173-7,True,"Mieno, T., Foster, T., Kakimoto, S., & Brozović, N. (2024). Aquifer depletion exacerbates agricultural drought losses in the US High Plains. Nature Water, 2(1), 41–51. https://doi.org/10.1038/s44221-023-00173-7",online_us.json
Liu2022,2022,article,online,US,US,"California Central Valley (Sacramento, San Joaquin and Tulare basins)",36.8,-119.7,watershed-basin,W->F,climate,data-compilation|GIS-spatial,False,False,False,4,10.1038/s41467-022-35582-x,True,"Liu, P.-W., Famiglietti, J. S., Purdy, A. J., Adams, K. H., McEvoy, A. L., Reager, J. T., Bindlish, R., Wiese, D. N., David, C. H., & Rodell, M. (2022). Groundwater depletion in California’s Central Valley accelerates during megadrought. Nature Communications, 13(1), Article 7825. https://doi.org/10.1038/s41467-022-35582-x",online_us.json
McCarthy2020,2020,article,online,US,US,Kansas portion of the High Plains Aquifer,38.4,-100.9,watershed-basin,E->W|E->F|W->F,GHG|climate,IO-LCA-footprint|data-compilation,False,False,True,5,10.1021/acs.est.0c02897,True,"McCarthy, B., Anex, R., Wang, Y., Kendall, A. D., Anctil, A., Haacker, E. M. K., & Hyndman, D. W. (2020). Trends in water use, energy consumption, and carbon emissions from irrigation: Role of shifting technologies and energy sources. Environmental Science & Technology, 54(23), 15329–15337. https://doi.org/10.1021/acs.est.0c02897",online_us.json
Driscoll2024,2024,article,online,US,US,"Contiguous United States, county level; High Plains Aquifer, Colorado River Basin and California discussed",,,national,E->W|E->F,GHG|climate,IO-LCA-footprint|GIS-spatial|scenario,True,False,False,5,10.1038/s41467-024-44920-0,True,"Driscoll, A. W., Conant, R. T., Marston, L. T., Choi, E., & Mueller, N. D. (2024). Greenhouse gas emissions from US irrigation pumping and implications for climate-smart irrigation policy. Nature Communications, 15(1), Article 675. https://doi.org/10.1038/s41467-024-44920-0",online_us.json
Deines2019,2019,article,online,US,US,"Kansas High Plains Aquifer, earliest Local Enhanced Management Area (northwestern Kansas)",39.35,-100.44,watershed-basin,W->F,land|economy,statistical-causal|GIS-spatial,True,False,True,5,10.1088/1748-9326/aafe39,True,"Deines, J. M., Kendall, A. D., Butler, J. J., & Hyndman, D. W. (2019). Quantifying irrigation adaptation strategies in response to stakeholder-driven groundwater management in the US High Plains Aquifer. Environmental Research Letters, 14(4), Article 044014. https://doi.org/10.1088/1748-9326/aafe39",online_us.json
BarronGafford2019,2019,article,online,US,US,"Tucson, Arizona (University of Arizona Biosphere 2 field experiment)",32.22,-110.97,farm,WEF-all,climate,case-study|statistical-causal,False,False,False,5,10.1038/s41893-019-0364-5,True,"Barron-Gafford, G. A., Pavao-Zuckerman, M. A., Minor, R. L., Sutter, L. F., Barnett-Moreno, I., Blackett, D. T., Thompson, M., Dimond, K., Gerlak, A. K., Nabhan, G. P., & Macknick, J. E. (2019). Agrivoltaics provide mutual benefits across the food–energy–water nexus in drylands. Nature Sustainability, 2(9), 848–855. https://doi.org/10.1038/s41893-019-0364-5",online_us.json
Stid2025,2025,article,online,US,US,"California Central Valley (925 solar PV arrays on former farmland, 2008-2018)",36.5,-119.7,watershed-basin,WEF-all|FL->E,land|economy|climate,GIS-spatial|data-compilation|IO-LCA-footprint,True,False,True,5,10.1038/s41893-025-01546-4,True,"Stid, J. T., Shukla, S., Kendall, A. D., Anctil, A., Hyndman, D. W., Rapp, J., & Anex, R. P. (2025). Impacts of agrisolar co-location on the food–energy–water nexus and economic security. Nature Sustainability, 8(6), 702–713. https://doi.org/10.1038/s41893-025-01546-4",online_us.json
Skinner2025,2025,article,online,US,US,Conterminous United States and its hydrologic regions (freshwater-using utility-scale thermoelectric plants),,,national,W->E,ecosystems|climate,statistical-causal|data-compilation,False,False,True,5,10.1021/acsestwater.5c00360,True,"Skinner, K. D., Niswonger, R. G., Harris, M. A., McCarthy, B. A., Chamberlin, C., Lombard, M. A., Diehl, T. H., Galanter, A. E., Gorman-Sanisaca, L. E., & Stewart, J. S. (2025). Water withdrawal and consumption trends for thermoelectric-power plants in the conterminous United States, 2008–2020. ACS ES&T Water, 5(10), 5820–5831. https://doi.org/10.1021/acsestwater.5c00360",online_us.json
Chi2024,2024,article,online,US,US,"Continental United States; coal-to-gas retrofits 2013-2022 (17 plant replacements, 167 boiler conversions at 85 plants)",,,national,W->E,GHG,statistical-causal|data-compilation,False,False,True,5,10.1088/1748-9326/ad6fb8,True,"Chi, K. H.-K., & McCracken, M. (2024). Water usage in cooling systems for electricity production: An event study of retrofitted coal-fired power plants in the United States. Environmental Research Letters, 19(10), Article 104018. https://doi.org/10.1088/1748-9326/ad6fb8",online_us.json
Qiu2023,2023,article,online,US,US,"Western United States (California, Northwest and Southwest electricity regions), 2001-2021",,,multi,W->E,climate|GHG|health|economy,statistical-causal|scenario,False,False,False,5,10.1073/pnas.2300395120,True,"Qiu, M., Ratledge, N., Azevedo, I. M. L., Diffenbaugh, N. S., & Burke, M. (2023). Drought impacts on the electricity system, emissions, and air quality in the western United States. Proceedings of the National Academy of Sciences, 120(28), Article e2300395120. https://doi.org/10.1073/pnas.2300395120",online_us.json
Turner2024,2024,article,online,US,US,"Conterminous United States; 610 hydropower plants above 5 MW (Pacific Northwest, California, Colorado River Basin, Southeast, Northeast)",,,national,W->E,climate|ecosystems,statistical-causal|data-compilation,False,False,True,4,10.1038/s41467-024-49553-x,True,"Turner, S. W. D., Ghimire, G. R., Hansen, C., Singh, D., & Kao, S.-C. (2024). Hydropower capacity factors trending down in the United States. Nature Communications, 15(1), Article 5445. https://doi.org/10.1038/s41467-024-49553-x",online_us.json
Scanlon2022,2022,article,online,US,US,"Permian Basin, west Texas and southeastern New Mexico (Delaware and Midland sub-basins)",31.9,-102.1,watershed-basin,W->E,ecosystems|health,data-compilation|GIS-spatial|case-study,False,False,False,4,10.1016/j.scitotenv.2021.152306,True,"Scanlon, B. R., Reedy, R. C., & Wolaver, B. D. (2022). Assessing cumulative water impacts from shale oil and gas production: Permian Basin case study. Science of the Total Environment, 811, Article 152306. https://doi.org/10.1016/j.scitotenv.2021.152306",online_us.json
Zib2021,2021,article,online,US,US,"United States; 76 wastewater utilities and 64 drinking water utilities, plus three case cities at monthly scale",,,national,E->W,GHG,IO-LCA-footprint|data-compilation,False,False,False,4,10.1016/j.jclepro.2021.128815,True,"Zib, L., Byrne, D. M., Marston, L. T., & Chini, C. M. (2021). Operational carbon footprint of the U.S. water and wastewater sector’s energy consumption. Journal of Cleaner Production, 321, Article 128815. https://doi.org/10.1016/j.jclepro.2021.128815",online_us.json
Siddik2021,2021,article,online,US,US,"Conterminous United States, 2,110 subbasins (8-digit HUC); data center operations in 2018",,,national,W->E,GHG|climate,IO-LCA-footprint|GIS-spatial,False,False,False,5,10.1088/1748-9326/abfba1,True,"Siddik, M. A. B., Shehabi, A., & Marston, L. (2021). The environmental footprint of data centers in the United States. Environmental Research Letters, 16(6), Article 064017. https://doi.org/10.1088/1748-9326/abfba1",online_us.json
Xiao2025,2025,article,online,US,US,"United States, state-level allocation of AI servers (balancing-area grid water and carbon factors), 2024-2030",,,national,W->E,GHG|climate,scenario|IO-LCA-footprint|GIS-spatial,True,False,False,5,10.1038/s41893-025-01681-y,True,"Xiao, T., Nerini, F. F., Matthews, H. D., Tavoni, M., & You, F. (2025). Environmental impact and net-zero pathways for sustainable artificial intelligence servers in the USA. Nature Sustainability, 8(12), 1541–1553. https://doi.org/10.1038/s41893-025-01681-y",online_us.json
Shehabi2024,2024,report,online,US,US,"United States; data centers by type (internal, colocation, hyperscale) and county-level grid water and emission factors",,,national,W->E,GHG|climate,data-compilation|simulation-system-dynamics|scenario,False,False,False,5,10.71468/p1wc7q,True,"Shehabi, A., Smith, S. J., Hubbard, A., Newkirk, A., Lei, N., Siddik, M. A. B., Holecek, B., Koomey, J., Masanet, E., & Sartor, D. (2024). 2024 United States data center energy usage report (LBNL-2001637). Lawrence Berkeley National Laboratory. https://doi.org/10.71468/P1WC7Q",online_us.json
Lark2022,2022,article,online,US,US,"United States (Corn Belt, Dakotas, western Minnesota, Mississippi Alluvial Plain); RFS effects 2008-2016",,,national,FL->E|F->W,land|GHG|ecosystems|economy,statistical-causal|GIS-spatial,True,False,True,5,10.1073/pnas.2101084119,True,"Lark, T. J., Hendricks, N. P., Smith, A., Pates, N., Spawn-Lee, S. A., Bougie, M., Booth, E. G., Kucharik, C. J., & Gibbs, H. K. (2022). Environmental outcomes of the US Renewable Fuel Standard. Proceedings of the National Academy of Sciences, 119(9), Article e2101084119. https://doi.org/10.1073/pnas.2101084119",online_us.json
Maguire2024,2024,report,online,US,US,"Rural areas of the contiguous United States (Midwest, Plains and West regions), solar and wind sites 2009-2020",,,national,FL->E,land|economy,data-compilation|GIS-spatial,False,False,True,4,10.32747/2024.8374829.ers,True,"Maguire, K., Tanner, S. J., Winikoff, J. B., & Williams, R. (2024). Utility-scale solar and wind development in rural areas: Land cover change (2009–20) (Report No. ERR-330). U.S. Department of Agriculture, Economic Research Service. https://doi.org/10.32747/2024.8374829.ers",online_us.json
Perrone2023,2023,article,online,US,US,California; 108 Groundwater Sustainability Plans under the Sustainable Groundwater Management Act (SGMA),37.0,-120.0,state-province,W->F,equity|ecosystems,policy-legal-analysis|qualitative-governance|GIS-spatial,True,True,False,4,10.1038/s41467-023-39363-y,True,"Perrone, D., Rohde, M. M., Hammond Wagner, C., Anderson, R., Arthur, S., Atume, N., Brown, M., Esaki-Kua, L., Gonzalez Fernandez, M., Garvey, K. A., Heidel, K., Jones, W. D., Khosrowshahi Asl, S., Munill, C., Nelson, R., Ortiz-Partida, J. P., & Remson, E. J. (2023). Stakeholder integration predicts better outcomes from groundwater sustainability policy. Nature Communications, 14(1), Article 3793. https://doi.org/10.1038/s41467-023-39363-y",online_us.json
Bostic2023,2023,article,online,US,US,California Central Valley; 60 Groundwater Sustainability Plans in 35 subbasins,36.5,-119.8,watershed-basin,W->F,equity|health,GIS-spatial|policy-legal-analysis|scenario,True,True,False,4,10.1038/s41598-023-41379-9,True,"Bostic, D., Mendez-Barrientos, L., Pauloo, R., Dobbin, K., & MacClements, V. (2023). Thousands of domestic and public supply wells face failure despite groundwater sustainability reform in California’s Central Valley. Scientific Reports, 13(1), Article 14797. https://doi.org/10.1038/s41598-023-41379-9",online_us.json
Huckleberry2019,2019,article,online,US,US,"Lower Colorado River Basin below Hoover Dam (Arizona, California and Nevada portions; Mexico excluded); Central Arizona Project and Colorado River Aqueduct; 2001-2016",34.5,-114.3,watershed-basin,WEF-all,equity|climate|economy,IO-LCA-footprint|scenario|policy-legal-analysis,True,True,False,5,10.1016/j.envsci.2018.11.027,True,"Huckleberry, J. K., & Potts, M. D. (2019). Constraints to implementing the food-energy-water nexus concept: Governance in the Lower Colorado River Basin. Environmental Science & Policy, 92, 289–298. https://doi.org/10.1016/j.envsci.2018.11.027",online_us.json
Glazer2021,2021,article,online,US,US,"Texas (statewide; county-level outage and boil-water-notice data), Winter Storm Uri 2021",31.0,-99.0,state-province,E->W|W->E,climate|equity|health,case-study|data-compilation|policy-legal-analysis,True,True,True,5,10.1142/s2345737621500226,True,"Glazer, Y. R., Tremaine, D. M., Banner, J. L., Cook, M., Mace, R. E., Nielsen-Gammon, J., Grubert, E., Kramer, K., Stoner, A. M. K., Wyatt, B. M., Mayer, A., Beach, T., Correll, R., & Webber, M. E. (2021). Winter Storm Uri: A test of Texas’ water infrastructure and water resource resilience to extreme winter weather events. Journal of Extreme Events, 8(4), Article 2150022. https://doi.org/10.1142/S2345737621500226",online_us.json
OrdunaAlegria2024,2024,article,online,US,US,"Sheridan 6 (SD-6) Local Enhanced Management Area, northwest Kansas, High Plains Aquifer (255 km2)",39.35,-100.44,watershed-basin,W->F|E->W,economy,case-study|qualitative-governance|policy-legal-analysis,True,False,True,5,10.1038/s41893-024-01437-0,True,"Orduña Alegría, M. E., Zipper, S., Shin, H. C., Deines, J. M., Hendricks, N. P., Allen, J. J., Bohling, G. C., Golden, B., Griggs, B. W., Lauer, S., Lin, C.-Y., Marston, L. T., Sanderson, M. R., Smith, S. M., Whittemore, D. O., Wilson, B. B., Yu, D. J., Yu, Q. C., & Butler, J. J. (2024). Unlocking aquifer sustainability through irrigator-driven groundwater conservation. Nature Sustainability, 7(12), 1574–1583. https://doi.org/10.1038/s41893-024-01437-0",online_us.json
Smith2026,2026,report,online,US,US,United States; national data center electricity use 2017-2030,,,national,,,scenario|data-compilation,False,False,False,4,10.71468/p1rp4f,True,"Smith, S. J., Hubbard, A., Newkirk, A., Ganeshalingam, M., Holecek, B., Sartor, D., Mills, M., & Shehabi, A. (2026). United States data center energy usage report: 2025 update (LBNL-2001758). Lawrence Berkeley National Laboratory. https://doi.org/10.71468/P1RP4F",online_us.json
