key,year,na_scope,places,relevance,source,what,evidence,magnitude,conditions,type,status
Natcher2025,2025,Arctic,"Alaska (five regions); northern Canada (Yukon, Northwest Territories, Nunavut, Nunavik, Labrador); Yukon River Basin (Alaska-Yukon-British Columbia); Iqaluit, Nunavut; Nordic Arctic comparators (Iceland, Norway, Sweden, Finland)",5,"local:Sustainable Development Goals In The Arctic_ The Nexus Between Water, Energy and Food Security.txt",Hydropower displacing diesel for electricity (Southeast Alaska),Observed (cited from REAP 2020): four hydroelectric dams of 76 MW supply the Southeast region and offset about 20 million gallons of diesel per year; the region has the highest energy availability score among Alaska regions (85.19).,75.7 million L of diesel offset per year; energy availability sub-index 85.19,Grid-connected or hydro-rich regions only; rural islanded microgrids still run on barged diesel,Renewable generation replacing thermal power or diesel,observed
Natcher2025,2025,Arctic,"Alaska (five regions); northern Canada (Yukon, Northwest Territories, Nunavut, Nunavik, Labrador); Yukon River Basin (Alaska-Yukon-British Columbia); Iqaluit, Nunavut; Nordic Arctic comparators (Iceland, Norway, Sweden, Finland)",5,"local:Sustainable Development Goals In The Arctic_ The Nexus Between Water, Energy and Food Security.txt","Culturally informed housing design that supports food, culture and permafrost protection","Described in the serious-game design work (Part 6, p. 65), not evaluated: culturally informed housing with larger kitchens for processing traditional foods, storage for hunting gear, cold porches for preserving harvested animals and elevated buildings that limit heat transfer to the ground.",Not quantified,Requires Indigenous participation in design; tested only in a simulation,Energy recovery and low-carbon supply options,modeled
Tabatabaie2021,2021,US,"Umatilla and Morrow counties, northeastern Oregon (Columbia River Basin)",4,local:1-s2.0-S0921344920305826-main.txt,Switching irrigation supply from groundwater to Columbia River surface water,"Modeled, and matched by local practice: lower unit price, lower GHG emissions and less energy per m3, and avoids falling groundwater tables and rising pumping energy.","0.3 vs 0.7 MJ/m3 delivered (about 57% less energy per m3, derived from Table 1)",Surface-water rights and conveyance infrastructure must exist; supply is seasonal,"Groundwater caps, water markets, and allocation instruments",modeled
Tabatabaie2021,2021,US,"Umatilla and Morrow counties, northeastern Oregon (Columbia River Basin)",4,local:1-s2.0-S0921344920305826-main.txt,Food-processor wastewater supplied to farmers through shared pipelines,Observed local practice cited in the paper: processors give wastewater to farmers at no cost and co-install pipelines; reduces freshwater demand.,Not quantified,"Oregon rules currently require treatment before direct irrigation use, which limits scale","Wastewater, stormwater, and recycled water supply",observed
Tabatabaie2021,2021,US,"Umatilla and Morrow counties, northeastern Oregon (Columbia River Basin)",4,local:1-s2.0-S0921344920305826-main.txt,More hydro and wind in the electricity mix,Modeled: lowers both cost (hydro) and warming potential (wind) of the food-energy-water system.,Not quantified in text,Capital for wind and solar; grid balancing by gas and coal,Renewable generation replacing thermal power or diesel,modeled
Benson2017,2017,Global-with-NA,"Global review with US state and agency examples (California, Arizona, Nevada, Texas, Great Lakes states, Chesapeake Bay)",3,local:Water-Energy-Food Nexus - 2017 - Salam - Governing for the Nexus.txt,Urban water conservation targets that also cut distribution energy (California SB X7-7),"Observed (policy described, effect not measured): a 20% per-capita cut by 2020 is expected to reduce energy use for water distribution.",20% per-capita urban water reduction target; energy saving not quantified,Depends on compliance and on the energy intensity of avoided supply,Water conservation and irrigation efficiency saving energy,observed
Benson2017,2017,Global-with-NA,"Global review with US state and agency examples (California, Arizona, Nevada, Texas, Great Lakes states, Chesapeake Bay)",3,local:Water-Energy-Food Nexus - 2017 - Salam - Governing for the Nexus.txt,"Integrated regional water planning that jointly targets supply, flood protection and energy-related emissions (California IRWM Act)","Observed (policy described, effect not measured): the Act requires integrating water supply and flood protection with reducing energy consumption from water distribution to limit GHG emissions.",Not quantified,Regional planning bodies and funding conditions,"Integrated planning, shared infrastructure, and co-governance",observed
Benson2017,2017,Global-with-NA,"Global review with US state and agency examples (California, Arizona, Nevada, Texas, Great Lakes states, Chesapeake Bay)",3,local:Water-Energy-Food Nexus - 2017 - Salam - Governing for the Nexus.txt,"Utility-led conservation, water recycling and biogas (San Antonio Water System; Sonoma County Water Agency)","Observed (policy described, effect not measured): reduces energy for distribution and supports carbon-neutral operations.",Not quantified,Publicly owned or quasi-governmental utilities with mandate and capital,"Wastewater, stormwater, and recycled water supply",observed
Roy2025,2025,US,"Deep South USA: Alabama, Arkansas, Louisiana, Mississippi, Tennessee (plus global country map)",3,local:1-s2.0-S2589915525000069-main.txt,Irrigation efficiency improvement (Arkansas),Index-based inference (not measured): better irrigation efficiency would lower both water demand and pumping energy.,Not quantified; current efficiency about 50-55%,Requires investment in irrigation technology and metering,Water conservation and irrigation efficiency saving energy,observed
Roy2025,2025,US,"Deep South USA: Alabama, Arkansas, Louisiana, Mississippi, Tennessee (plus global country map)",3,local:1-s2.0-S2589915525000069-main.txt,Hydropower and renewable electricity in Tennessee,Observed pattern in the index: high hydropower (18%) and renewable share coincide with the highest IWSI (2.34).,IWSI 2.34 vs 1.62 for the USA,Hydropower potential is concentrated in Tennessee and Alabama,Renewable generation replacing thermal power or diesel,observed
Pradhanang2017,2017,US,"California (Sacramento-San Joaquin Delta, Westlands Water District, Central Valley Project); Texas (statewide); US national food system",4,local:Water-Energy-Food Nexus - 2017 - Salam.txt,Food-waste reduction and composting,"Observed (described) with national estimates: less wasted food saves embedded water and energy, avoids land conversion and methane from landfills; Santa Monica and Charleston County run composting programs.",About 25% of US freshwater consumed and 2.5% of the US energy budget are associated with discarded food,Requires collection and composting infrastructure; less than 3% recovered in 2010,"Diets, local food, subsistence, and food-waste reduction",observed
Pradhanang2017,2017,US,"California (Sacramento-San Joaquin Delta, Westlands Water District, Central Valley Project); Texas (statewide); US national food system",4,local:Water-Energy-Food Nexus - 2017 - Salam.txt,"Shifting generation to wind, solar and gas combined cycle, and electricity efficiency (Texas)","Observed (described): wind needs no water, PV only for panel washing, combined-cycle gas uses a little over half the water of coal; energy efficiency saves water by cutting electricity demand.",Combined cycle a little over half of coal water use; wind about zero,Cooling technology and plant mix determine savings,Renewable generation replacing thermal power or diesel,observed
Pradhanang2017,2017,US,"California (Sacramento-San Joaquin Delta, Westlands Water District, Central Valley Project); Texas (statewide); US national food system",4,local:Water-Energy-Food Nexus - 2017 - Salam.txt,Land retirement with unchanged project deliveries (Westlands),"Observed (described): greater reliability and availability of water per acre still farmed, a reason Westlands pursues its own retirement program.",Not quantified,Contract deliveries must be maintained,"Groundwater caps, water markets, and allocation instruments",observed
SmithLopez2023,2023,Arctic,"Alaska and its five regions (Far North, Interior, Southcentral, Southeast, Southwest), benchmarked against the USA",4,local:SMITHLOPEZ-THESIS-2023.txt,Hydropower displacing diesel (Southeast Alaska),Observed (cited from REAP 2020): four hydro dams of 76 MW offset about 20 million gallons of diesel a year and give the region the highest energy availability (85.19).,75.7 million L diesel offset per year,"Hydro-rich, grid-connected regions only",Renewable generation replacing thermal power or diesel,observed
SmithLopez2023,2023,Arctic,"Alaska and its five regions (Far North, Interior, Southcentral, Southeast, Southwest), benchmarked against the USA",4,local:SMITHLOPEZ-THESIS-2023.txt,Positive spillovers among WEF-related SDGs in northern Canada (secondary result),Modeled interaction scoring cited from Natcher and Ingram (2021): achieving one WEF-related SDG usually benefits the others.,87% of 210 pairwise interactions synergistic,"Northern Canada context; cited, not re-estimated here","Integrated planning, shared infrastructure, and co-governance",modeled
Schmidt2022,2022,Arctic,"Cordova (Prince William Sound), Kongiganak (Yukon-Kuskokwim region) and Igiugig (Bristol Bay), rural Alaska",5,local:1-s2.0-S0048969722004478-main.txt,Subsistence harvesting and sharing alongside purchased food,"Observed (self-reported security): subsistence foods are rated far more secure and higher quality than store food, and provide a buffer for access and cultural preference.",Low security 3% (subsistence) vs 24% (purchased); access and quality 91% agreement,"Depends on healthy fish and game stocks, fuel for harvesting, regulations and health","Diets, local food, subsistence, and food-waste reduction",observed
Schmidt2022,2022,Arctic,"Cordova (Prince William Sound), Kongiganak (Yukon-Kuskokwim region) and Igiugig (Bristol Bay), rural Alaska",5,local:1-s2.0-S0048969722004478-main.txt,Direct flights plus Anchorage-based 'transporters' to buy supplies (Igiugig),Observed local adaptation: Igiugig residents did not mention supply-chain problems because they call transporters in Anchorage to buy supplies from stores with more selection and lower prices and fly them in directly.,Not quantified,A direct air link and willing intermediaries; costs of air freight not reported,Other or unclassified,observed
Schmidt2022,2022,Arctic,"Cordova (Prince William Sound), Kongiganak (Yukon-Kuskokwim region) and Igiugig (Bristol Bay), rural Alaska",5,local:1-s2.0-S0048969722004478-main.txt,Community-owned renewable energy (hydropower in Cordova; wind plus electric thermal stoves in Kongiganak),Observed: local savings printed on power bills (Cordova) and local jobs and training (Kongiganak); satisfaction 42-68%; electric thermal stoves convert surplus wind power to heat.,"Cordova hydropower 3,500 MWh per year, about 60% of town power","Reliability, clear communication and Indigenous values in planning; subsidy design",Renewable generation replacing thermal power or diesel,observed
Buechler2020,2020,Multi-NA,"Tucson, Flowing Wells and Cascabel, Arizona (Tucson 32.22, -110.97); Zacatecas City and ejido Benito Juarez, Zacatecas, Mexico (Zacatecas 22.77, -102.58)",5,local:1-s2.0-S2214629620303182-main.txt,"Small-scale solar pumping and heating combined with rainwater harvesting, graywater reuse, composting and gardens","Observed (qualitative): solar users were more likely to harvest water, compost and grow crops; solar pumps irrigate community gardens and fill livestock and wildlife tanks (Cascabel); the authors describe a multiplier effect on community sustainability.",Cascabel community garden 3/5 acre irrigated by solar groundwater pump; Tucson solar households pay US$0-65 per month,"Local training, access to solar technology and women's participation; supportive net-metering rules","Solar co-location with farms, canals, reservoirs, and pumps",observed
Buechler2020,2020,Multi-NA,"Tucson, Flowing Wells and Cascabel, Arizona (Tucson 32.22, -110.97); Zacatecas City and ejido Benito Juarez, Zacatecas, Mexico (Zacatecas 22.77, -102.58)",5,local:1-s2.0-S2214629620303182-main.txt,Solar water heaters displacing LPG and firewood (Zacatecas),"Observed: adoption growing as low-cost and subsidized models spread; saves LPG and household money; a trainee reports that her self-built heater saves money (about half the cost of propane gas, as described).","About 21 L of LPG per household per month; 106,507 units installed through 2016","Affordable models, training and delivery that reach rural elderly women","Solar co-location with farms, canals, reservoirs, and pumps",observed
White2017,2017,US,"Phoenix Active Management Area (mostly Maricopa County), Arizona",5,local:sustainability-09-02204-v2.txt,Hydropower generation as water moves through dams (Hoover Dam long-term power contracting),"Stakeholder perception: hydropower was seen as the most significant water-energy link, providing co-benefits to both sectors, with the state allocating a share of the power to customers.",Roughly nine million acre-feet of water passing through the dam (interview statement; about 11 km3),Depends on Colorado River flows and long-term power contracts,"Groundwater caps, water markets, and allocation instruments",observed
Wu2023,2023,CA,"Southern Saskatchewan, Canadian Prairies (eight river basins; South and North Saskatchewan rivers rise in Alberta; Lake Diefenbaker)",5,local:1-s2.0-S0378377423002081-main.txt,"Reduced soil evaporation (mulching, residue management)","Modeled: compensates 25-82% of rainfed yield losses while reducing irrigation energy and slightly raising hydropower, and raises water productivity.",-10 to -16% irrigation energy (2-4 GWh); +0.15% hydropower (5 GWh),Rainfed and irrigated crops; water stress present in rainfed crops; strategy applied uniformly in the model,Agronomic adaptation and crop choice,modeled
Wu2023,2023,CA,"Southern Saskatchewan, Canadian Prairies (eight river basins; South and North Saskatchewan rivers rise in Alberta; Lake Diefenbaker)",5,local:1-s2.0-S0378377423002081-main.txt,"Combined agronomic and genetic adaptation (early planting, longer-season cultivars, less evaporation)",Modeled: offsets most climate yield losses and exceeds baseline production under SSP585 with little effect on irrigation energy or hydropower.,45-87% of rainfed loss recovered; +7% production over baseline under SSP585,Cultivar availability; hotter drier SSP370 and SSP126 cases still lose yield without irrigation,Agronomic adaptation and crop choice,modeled
Kulat2019,2019,US,"Matagorda County, Texas Gulf Coast (Lower Colorado River, Gulf Coast Aquifer, South Texas Project nuclear plant)",4,local:fenvs-07-00003.txt,"Bundle of modernized irrigation, wastewater reuse, a new reservoir, altered nuclear cooling, brackish treatment and solar (scenario S-9)","Modeled: lowers water demand and conventional energy demand while raising agricultural income and keeping municipal, industrial and power supply whole.","Water demand -22 Mm3; conventional energy -21 million kWh; income about +US$32 million per year net of costs; CO2 -2,100 t (derived from Table 7)",Existing water rights and TCEQ flows respected; capital of US$19.2 million; weights set by the analyst,"Wastewater, stormwater, and recycled water supply",modeled
Kulat2019,2019,US,"Matagorda County, Texas Gulf Coast (Lower Colorado River, Gulf Coast Aquifer, South Texas Project nuclear plant)",4,local:fenvs-07-00003.txt,"On-site solar generation offsetting energy for pumping, treatment and desalination (S-9)","Modeled: a solar farm produces 105 million kWh per year, reducing conventional energy demand from 144 to 39 million kWh.",-105 million kWh of conventional demand,Land and capital for the solar farm,"Solar co-location with farms, canals, reservoirs, and pumps",modeled
Hellegers2008,2008,Global-with-NA,"Global special-issue introduction; North American content: Snake River Basin (USA), Columbia River Treaty (Canada-USA), US maize and soy bioethanol",3,"local:Interactions_between_water,_en.txt","Transboundary benefit sharing: flood-control storage upstream for hydropower downstream (Columbia River Treaty, Canada-USA)","Observed arrangement described as a huge success: large volumes of water are transferred each year, exchanging flood-control storage for hydropower benefits.",Not quantified in the editorial,Binational treaty and operating agreements,"Integrated planning, shared infrastructure, and co-governance",observed
Hellegers2008,2008,Global-with-NA,"Global special-issue introduction; North American content: Snake River Basin (USA), Columbia River Treaty (Canada-USA), US maize and soy bioethanol",3,"local:Interactions_between_water,_en.txt","Hydropower first, irrigation second, with hydropower revenue cross-subsidizing irrigation (Krishna Basin example, non-NA)",Observed (described): water that first generates hydropower and then provides agricultural benefits; hydropower revenue can cover part of irrigation costs.,Not quantified,Compatible release timing between power and irrigation demand,"Groundwater caps, water markets, and allocation instruments",observed
Ololade2026,2026,Global-with-NA,"Global editorial; only Pao et al. (Salton Sea, California) is clearly North American",2,local:fsrma-5-1858871.txt,"Community-based project/policy laboratory linking water use reduction and health outcomes (NIH-supported program, secondary report)",Reported evaluation of funded projects in the editorial (primary study not read): lower agricultural water use together with statistically significant clinical health improvements among vulnerable populations.,60% reduction in agricultural water use,"Merit review, dual-tier metrics and capacity building; location and baselines not stated","Integrated planning, shared infrastructure, and co-governance",modeled
Jha2022,2022,US,"California, especially the Central Valley (Sacramento Valley, San Joaquin Basin, Tulare Basin), Imperial Valley and Central Coast",5,local:EBSCO-FullText-09_27_2026.txt,Grants for efficient irrigation hardware and management (SWEEP),Observed program-level reporting (not independently evaluated): saves water and reduces GHG emissions at once.,"88,496 ML of water and 80,077 MTCO2e saved per year from USD 80 million across more than 800 projects",Stable funding and access for small and socially disadvantaged growers (only 10% of funds to them),Water conservation and irrigation efficiency saving energy,observed
Jha2022,2022,US,"California, especially the Central Valley (Sacramento Valley, San Joaquin Basin, Tulare Basin), Imperial Valley and Central Coast",5,local:EBSCO-FullText-09_27_2026.txt,"Coordinated off-peak pumping, on-farm storage and solar or hybrid pumps","Proposed (not yet evaluated): shifts pumping away from peak electricity periods and heat waves, saving energy and reducing grid stress while securing irrigation water.",Potential saving of at least 1 TWh (10%) of about 10 TWh agricultural pumping through better control and metering,District or GSA-level coordination and forecast-based irrigation decisions,Agronomic adaptation and crop choice,modeled
Jha2022,2022,US,"California, especially the Central Valley (Sacramento Valley, San Joaquin Basin, Tulare Basin), Imperial Valley and Central Coast",5,local:EBSCO-FullText-09_27_2026.txt,Joint irrigation-energy decision support (AgMonitor),"Observed pilot: the only California tool that co-manages irrigation and on-farm energy, validated in key California cropping systems.",Not quantified in the review,"Needs integration with salinity, nitrogen and disease management, which no tool currently provides","Integrated planning, shared infrastructure, and co-governance",observed
Wu2022,2022,CA,"Saskatchewan, Canadian Prairies (eight river basins; Lake Diefenbaker); interprovincial flows from Alberta through Saskatchewan to Manitoba",5,local:Wu_2022_Environ._Res._Commun._4_015009.txt,"Renewable energy expansion (wind) reducing thermal power, cooling water and emissions","Modeled: replaces coal-fired generation with wind, cutting thermal power use and cooling water.",Thermal power -49.8%; GHG -10.5%; total water demand -2.6%; groundwater demand -8.2%,Wind capacity rises from 2% to 43%; food-export loss if biofuel blending is first-generation,Renewable generation replacing thermal power or diesel,modeled
Wu2022,2022,CA,"Saskatchewan, Canadian Prairies (eight river basins; Lake Diefenbaker); interprovincial flows from Alberta through Saskatchewan to Manitoba",5,local:Wu_2022_Environ._Res._Commun._4_015009.txt,Second-generation biofuels from residues instead of grain,Recommended (not modeled): avoids diverting grains to energy while meeting blending mandates.,Not quantified,Technology availability and residue supply,Agronomic adaptation and crop choice,modeled
Zhang2018,2018,US,"South-eastern Nebraska (NASS East, Northeast and Southeast districts), Great Plains corn region",4,local:1-s2.0-S030626191730908X-main.txt,Solar photovoltaic water pumping with optimized tilt and peak power for irrigation,"Modeled: a fossil-free pumping system whose output follows solar radiation and crop water demand; the optimization shows the profit-maximizing yield is below the maximum yield, which saves water and energy.","Optimal yield below maximum yield; energy needed to restore the 2009 yield in 2012 was 1,680 kWh/ha; no comparison with grid or diesel pumping","Groundwater must be available; PV cost function 1.7655 x peak kW + 2.2608 (US$, modules at US$1/Wp); drought-year price signals","Solar co-location with farms, canals, reservoirs, and pumps",modeled
Zhang2018,2018,US,"South-eastern Nebraska (NASS East, Northeast and Southeast districts), Great Plains corn region",4,local:1-s2.0-S030626191730908X-main.txt,Real-time drought monitoring coupled with irrigation management,Proposed: moves agricultural drought management from monitoring to real-time management in the style of NASA's satellite irrigation management support.,Not quantified,Satellite and gridded data availability; end-user priorities in multi-criteria weighting,"Integrated planning, shared infrastructure, and co-governance",modeled
SmithLopez2024,2024,Arctic,"Alaska and its five regions (Far North, Interior, Southcentral, Southeast, Southwest), benchmarked against the USA",5,local:Advancing a WEF nexus security index for Alaska  an informed starting point for policy making.txt,Hydropower displacing diesel (Southeast Alaska),Observed (cited from REAP 2020): four hydro dams of 76 MW offset about 20 million gallons of diesel a year and give the highest regional energy availability.,75.7 million L diesel per year; energy availability 85.19,"Hydro-rich, grid-connected regions only",Renewable generation replacing thermal power or diesel,observed
SmithLopez2024,2024,Arctic,"Alaska and its five regions (Far North, Interior, Southcentral, Southeast, Southwest), benchmarked against the USA",5,local:Advancing a WEF nexus security index for Alaska  an informed starting point for policy making.txt,Moving from nexus thinking to nexus doing through an open portal,"Observed (described): a free online tool lets communities and policymakers compute and track their own scores, supporting dialogue with local officials.","Portal covers regions of Alaska, northern Canada and the Nordic Arctic",Data availability and community capacity; the tool does not prescribe interventions,"Integrated planning, shared infrastructure, and co-governance",observed
Cotterman2018,2018,US,"Central High Plains part of the High Plains (Ogallala) Aquifer: Colorado, Kansas, Oklahoma, Texas and New Mexico (about 127,000 km2)",4,local:s10584-017-1947-7.txt,"Efficient irrigation technology, deficit irrigation, drought-tolerant cultivars and crop switching","Named as adaptation options (not modeled): conserve groundwater while sustaining production, including lower-energy sprinklers (LEPA) and less water-dependent crops such as cotton.",Not quantified,Requires management changes and cultivar choice; modeled results assume status quo management,Water conservation and irrigation efficiency saving energy,modeled
Cotterman2018,2018,US,"Central High Plains part of the High Plains (Ogallala) Aquifer: Colorado, Kansas, Oklahoma, Texas and New Mexico (about 127,000 km2)",4,local:s10584-017-1947-7.txt,CO2 fertilization benefit for winter wheat (a C3 crop),"Modeled climate response: wheat yields rise 13.7-24.1% under irrigation as CO2 rises, partly offsetting reduced irrigation.",Total wheat production +2% (range +2% to +30%) while corn falls ~60%,Depends on emissions pathway (RCP) and water availability,Agronomic adaptation and crop choice,modeled
Whitney2019,2019,Arctic,"Cordova, Southcentral Alaska (Prince William Sound, Copper River delta); pan-Arctic network of off-grid communities as context",4,local:whitney-et-al-2019-microfews-a-food-energy-water-systems-approach-to-renewable-energy-decisions-in-islanded-microgrid.txt,Added run-of-river hydropower displacing diesel for seafood processing (Cordova),"Modeled using observed load data: a third 3 MW turbine covers most processing load in the fishing season, protecting processing income (food security through livelihoods) while cutting diesel.","About 50% less diesel generation for processors (2,000 to 1,091.8 kWh, units as printed)",Processing season May to mid-September; feeder serving processors could not be identified so load is estimated,Renewable generation replacing thermal power or diesel,observed
Madani2024,2024,Arctic,"Circumpolar Arctic with the Canadian Arctic and Alaska; US-Canada boundary-water treaties (Boundary Waters 1909, Columbia River 1961, Skagit River 1984)",4,local:water-16-00835.txt,"Joint basin institution (International Joint Commission under the 1909 Boundary Waters Treaty) that weighs drinking water, hydroelectricity, agriculture and ecosystem health in one decision","Documentary, p. 18",Not quantified,"Applies to projects affecting boundary-water levels and flows that come before the Commission; WEF integration is implicit, not stated in the treaty","Integrated planning, shared infrastructure, and co-governance",modeled
Madani2024,2024,Arctic,"Circumpolar Arctic with the Canadian Arctic and Alaska; US-Canada boundary-water treaties (Boundary Waters 1909, Columbia River 1961, Skagit River 1984)",4,local:water-16-00835.txt,Coordinated hydropower and flood-control operation across the border (Columbia River Treaty),"Documentary, p. 17",Not quantified,Covers dams in the upper Columbia; the authors read it as securing water and energy and only indirectly food,"Integrated planning, shared infrastructure, and co-governance",observed
Raub2021,2021,Global-with-NA,"Systematic review of 20 coastal-resilience studies worldwide; North American cases: Boulder CO (2013 flood), Fort Lauderdale FL, New York City (Hurricane Sandy), Houston TX (Harvey), Bay County FL (Michael), Cordova AK, Puerto Rico (Maria), Chamela-Cuixmala Biosphere Reserve, Mexico (Patricia)",4,local:exploring-the-food-energy-water-nexus-approach-to-enhance-coastal-community-resilience-research-and-planning.txt,Infrastructure redundancy (backup generators at water and wastewater plants; landlines and radios when cell towers fail),"Observed in the 2013 Boulder flood, pp. 6–7",Treatment plant stayed operational although the wider grid was damaged,Holds only if fuel and supplies can still be delivered; blocked roads defeat generator backup (p. 7),"Wastewater, stormwater, and recycled water supply",observed
Raub2021,2021,Global-with-NA,"Systematic review of 20 coastal-resilience studies worldwide; North American cases: Boulder CO (2013 flood), Fort Lauderdale FL, New York City (Hurricane Sandy), Houston TX (Harvey), Bay County FL (Michael), Cordova AK, Puerto Rico (Maria), Chamela-Cuixmala Biosphere Reserve, Mexico (Patricia)",4,local:exploring-the-food-energy-water-nexus-approach-to-enhance-coastal-community-resilience-research-and-planning.txt,"Coordinated restoration across power, water, transport and food systems","Modeled: artificial county of 0.5 million people under simulated category 2-4 hurricanes (Ni et al. 2019 as reported), p. 4",Resilience gain largest for category 4-5 storms,Retailers should increase inventory when a category 3 hurricane is forecast,Agronomic adaptation and crop choice,modeled
Pao2026,2026,US,"Salton Sea region (Imperial and Coachella valleys), Southern California; California State Legislature documents 1999–2024",5,local:fsrma-5-1736238.txt,Water-food synergies framed as conservation and finance measures,Observed: most chaptered synergistic bills date from 2004 or earlier (p. 7),Most often enacted synergy type,"Early 2000s, when bills responded to threats to food production",Water conservation and irrigation efficiency saving energy,observed
Pao2026,2026,US,"Salton Sea region (Imperial and Coachella valleys), Southern California; California State Legislature documents 1999–2024",5,local:fsrma-5-1736238.txt,"Economic development (renewables, biofuels, mineral extraction, algae) used to finance Salton Sea restoration (AB 148, chaptered)",Observed: finance is the second most common theme and occasionally enacted (p. 11),Not quantified,Success depends on the sector combination financed; water-energy finance bills often fail,Renewable generation replacing thermal power or diesel,observed
Jones2022,2022,US,"Phoenix metropolitan area, Arizona (Central Arizona Project, Salt River Project, Maricopa County irrigation districts)",5,local:1-s2.0-S1462901121003051-main.txt,Agricultural organizations jointly purchasing a unit of a local power plant,"Observed (interview P13), p. 116",Economies of scale of power-plant ownership without owning or operating a plant (not quantified),Disaggregated actors unite around a common purpose or shared resource; collaboration stays within the food sector,"Integrated planning, shared infrastructure, and co-governance",observed
Jones2022,2022,US,"Phoenix metropolitan area, Arizona (Central Arizona Project, Salt River Project, Maricopa County irrigation districts)",5,local:1-s2.0-S1462901121003051-main.txt,"Water organizations acting as boundary organizations across water, energy and food","Observed pattern across interviews, p. 117",Not quantified,"Water is the limiting resource for cooling and agriculture, so water actors already work across sectors","Integrated planning, shared infrastructure, and co-governance",observed
Lofman2002,2002,US,"California and the Pacific Northwest (Columbia-Snake dams, Bonneville Power Administration); Central Valley Project; State Water Project; Colorado River Aqueduct (Metropolitan Water District of Southern California); 2000–2001 energy crisis and dry year",4,local:Water  Energy and Environment Nexus  The California Experience.txt,Dry cooling or treated wastewater for power plant cooling,Delta Energy Center uses secondary-treated wastewater; dry cooling uses 95% less water (p. 82),95% less cooling water than conventional systems,Applies to new thermal plants; dry cooling carries an efficiency penalty not quantified in the paper,Cooling technology change and plant retirement,observed
Lofman2002,2002,US,"California and the Pacific Northwest (Columbia-Snake dams, Bonneville Power Administration); Central Valley Project; State Water Project; Colorado River Aqueduct (Metropolitan Water District of Southern California); 2000–2001 energy crisis and dry year",4,local:Water  Energy and Environment Nexus  The California Experience.txt,On-site solar and microturbines for water agencies plus demand management,ACWA agreements to buy photovoltaic units and 30 and 60 kW microturbines at reduced prices (p. 78),Not quantified,Water agencies facing high electricity costs (20-80% of operating budgets),"Solar co-location with farms, canals, reservoirs, and pumps",observed
Lofman2002,2002,US,"California and the Pacific Northwest (Columbia-Snake dams, Bonneville Power Administration); Central Valley Project; State Water Project; Colorado River Aqueduct (Metropolitan Water District of Southern California); 2000–2001 energy crisis and dry year",4,local:Water  Energy and Environment Nexus  The California Experience.txt,Water markets and drought water banks that move water to higher-value uses,State drought water banks in 1991 and 1992 bought water from farmers who fallowed or used groundwater (p. 83),Not quantified,Used mainly in crises; recommended with pricing and education to internalize external costs,"Groundwater caps, water markets, and allocation instruments",observed
Kumar2023,2023,US,"Southern Flint River Basin, southwest Georgia (21 counties, Floridan aquifer irrigation, part of the Apalachicola-Chattahoochee-Flint basin shared by Georgia, Alabama and Florida)",4,local:Water Resources Research - 2023 - Kumar - Understanding the Food-Energy-Water Nexus in Mixed Irrigation Regimes Using a.txt,"Optimal deficit irrigation (soil-moisture trigger and 0-10 mm/day application) in a groundwater-dominated basin: more profit with less water, energy and carbon","Modeled: AQ2 vs AQ1, Table 2 and sect. 5.4","Profit +51.5%, revenue +18.0%, water -14.1%, pumping energy -14.7%",Groundwater-dominated basin with electric pumps and no pronounced rainfall seasonality; the optimizer has seasonal rainfall foresight farmers lack (sect. 5.4),Water conservation and irrigation efficiency saving energy,modeled
Kumar2023,2023,US,"Southern Flint River Basin, southwest Georgia (21 counties, Floridan aquifer irrigation, part of the Apalachicola-Chattahoochee-Flint basin shared by Georgia, Alabama and Florida)",4,local:Water Resources Research - 2023 - Kumar - Understanding the Food-Energy-Water Nexus in Mixed Irrigation Regimes Using a.txt,Seasonal and sub-seasonal forecasts to choose crop portfolio and update irrigation during the season,"Proposed use of the framework, sect. 6 (not tested)",Not quantified,Extension agents and water managers using the model; transferable to regions with similar hydroclimate,Agronomic adaptation and crop choice,modeled
Daher2019a,2019,US,"San Antonio region (Texas Water Development Board Region L), south-central Texas; Edwards and Carrizo-Wilcox aquifers, Eagle Ford Shale, Wintergarden irrigation area",5,local:1-s2.0-S0048969718338221-main.txt,Stakeholder forums and integrative planning workshops,"Observed: forum attendance associated with more water-water communication (N = 95, p. 2920)",Some-communication share 23% vs 9%,Effect limited to water-water ties because the forums attended were water-centric; broader audiences could cut silos (p. 2920),"Integrated planning, shared infrastructure, and co-governance",observed
Orttung2019,2019,Arctic,"Fairbanks North Star Borough, interior Alaska (population about 100,000)",4,local:sustainability-11-02722-v2.txt,"Food-waste utilization (compost, possibly energy), solar-powered greenhouses and dashboards showing how food, energy and water connect","Public and stakeholder suggestions, not implemented; dashboards intended to show that reducing food waste also cuts water and energy demand (pp. 9, 11)",Not quantified,Needs funding and targets; the plan sets none and implementation outcomes are unknown,"Diets, local food, subsistence, and food-waste reduction",observed
Liu2017,2017,US,"California statewide and its 10 hydrologic regions (Sacramento River, San Joaquin River, Tulare Lake, South Coast, Colorado River and others)",5,local:Water-Energy-Food Nexus - 2017 - Salam - WEF Nexus Cases from California with Climate Change Implication.txt,"Urban water conservation under SBX7-7 saves water, electricity and GHG together",Estimated: 1.8 million acre-feet saved at the average urban intensity of 4.16 MWh per acre-foot (p. 154),"2.2 × 10^9 m3 water; 7,488 GWh; 2.29 MMTCO2e","Holds if savings occur in end uses and conveyance at average intensity; an estimate, not a measured outcome",Water conservation and irrigation efficiency saving energy,observed
Liu2017,2017,US,"California statewide and its 10 hydrologic regions (Sacramento River, San Joaquin River, Tulare Lake, South Coast, Colorado River and others)",5,local:Water-Energy-Food Nexus - 2017 - Salam - WEF Nexus Cases from California with Climate Change Implication.txt,"Renewable energy combined with best agricultural management, recycled water and suitable drip irrigation to ease the water-energy conflict under climate change","Recommendation of the chapter, not evaluated (p. 154)",Not quantified,"Site-specific (topography, soil, crop, agro-climate); adaptation and mitigation must be coordinated",Renewable generation replacing thermal power or diesel,observed
Brown2025,2025,US,"Ogallala (High Plains) Aquifer (eight Great Plains states); Colorado River Basin (seven US states, two Mexican states, thirty Tribal Nations); Mississippi River Basin (ten states to the Gulf of Mexico); Hawaiʻi example",5,local:1-s2.0-S1462901125002308-main.txt,Local Enhanced Management Areas in Kansas: locally designed voluntary overdraft reduction,"Reported positive results with minimal effects on net farm profits (cited from Steiner et al. 2024), p. 3",Overdraft reduced; net farm profit impact minimal (not quantified here),Local stakeholder collaboration and trust-building; voluntary participation,"Groundwater caps, water markets, and allocation instruments",observed
Brown2025,2025,US,"Ogallala (High Plains) Aquifer (eight Great Plains states); Colorado River Basin (seven US states, two Mexican states, thirty Tribal Nations); Mississippi River Basin (ten states to the Gulf of Mexico); Hawaiʻi example",5,local:1-s2.0-S1462901125002308-main.txt,Retention ponds co-designed with floating solar panels in Hawaiʻi,"Cited example (Riley et al. 2024), p. 5",Reduces both flooding and energy burden (not quantified),Co-design with vulnerable communities; local decentralized solution,"Solar co-location with farms, canals, reservoirs, and pumps",observed
Brown2025,2025,US,"Ogallala (High Plains) Aquifer (eight Great Plains states); Colorado River Basin (seven US states, two Mexican states, thirty Tribal Nations); Mississippi River Basin (ten states to the Gulf of Mexico); Hawaiʻi example",5,local:1-s2.0-S1462901125002308-main.txt,Tribal voluntary water contributions to Colorado River reservoirs at affordable rates,"Observed (Lee and Marsh 2022 cited), p. 3",Not quantified,Requires inclusion in decisions and infrastructure; Tribes remain frequently excluded,"Groundwater caps, water markets, and allocation instruments",observed
Scanlon2017,2017,Global-with-NA,"Global commentary with US examples (Texas shale and wind transmission, California Central Valley conveyance and conjunctive use, US Rio Grande Basin, hay grown in Arizona and California for Saudi dairies); China and northwest India as comparisons",4,local:Water Resources Research - 2017 - Scanlon - The food-energy-water nexus  Transforming science for society.txt,Conjunctive use of surface water in wet periods and efficient groundwater irrigation in droughts,"Reported applications in the California Central Valley and northwest India (Faunt 2009; Scanlon et al. 2016), p. 3552",Not quantified,Requires storage and managed recharge,Water conservation and irrigation efficiency saving energy,observed
Scanlon2017,2017,Global-with-NA,"Global commentary with US examples (Texas shale and wind transmission, California Central Valley conveyance and conjunctive use, US Rio Grande Basin, hay grown in Arizona and California for Saudi dairies); China and northwest India as comparisons",4,local:Water Resources Research - 2017 - Scanlon - The food-energy-water nexus  Transforming science for society.txt,Reducing food loss and waste,"Global analysis cited: 25% of food production, cropland and fertilizer is lost; cutting loss to the lowest regional level would feed an additional billion people, p. 3552","Additional billion people fed with the same water, energy and land",Applies across supply chain stages; regional lowest loss levels as the benchmark,"Diets, local food, subsistence, and food-waste reduction",modeled
Scanlon2017,2017,Global-with-NA,"Global commentary with US examples (Texas shale and wind transmission, California Central Valley conveyance and conjunctive use, US Rio Grande Basin, hay grown in Arizona and California for Saudi dairies); China and northwest India as comparisons",4,local:Water Resources Research - 2017 - Scanlon - The food-energy-water nexus  Transforming science for society.txt,Reuse of produced water in oil production,"Oil industry produces about 10 L of water per liter of oil, reused for enhanced oil recovery for decades, p. 3553",10 L per liter of oil reused,Oil and gas operations; produced-water quality limits,"Wastewater, stormwater, and recycled water supply",modeled
Saed2024,2024,CA,"Canadian Prairie Provinces (Alberta, Saskatchewan, Manitoba), analyzed singly and as one region; interprovincial and international rivers shared with the USA",5,local:fenvs-11-1328009.txt,Renewable energy expansion in Saskatchewan reducing both water demand and GHG emissions,Modeled: WEF-Sask results of Wu et al. 2021 cited for 2021–2050 (p. 2),Not quantified here,Depends on water-manager decisions and on hydropower expansion room in the Prairies,Renewable generation replacing thermal power or diesel,modeled
Daher2019b,2019,US,"Texas statewide plus three hotspots: Lubbock (Southern High Plains, Ogallala Aquifer), San Antonio region, Eagle Ford Shale play (15 core counties of 23)",5,local:1-s2.0-S0048969718328936-main.txt,Wastewater reclamation plus dryland agriculture plus cut in groundwater extraction (Lubbock scenario 1),Modeled: dryland agriculture delivers nearly 60% of savings (p. 454),"Closes the 25% gap, about 51.3 × 10^6 m3, for about USD 121 million",Needs about 94.6 million USD reclamation plant and acceptance of potable reuse,"Wastewater, stormwater, and recycled water supply",modeled
Daher2019b,2019,US,"Texas statewide plus three hotspots: Lubbock (Southern High Plains, Ogallala Aquifer), San Antonio region, Eagle Ford Shale play (15 core counties of 23)",5,local:1-s2.0-S0048969718328936-main.txt,Replacing natural gas with wind for city energy,Modeled: scenario 5 meets 80% of city energy needs with wind (p. 454),Saves water and reduces carbon footprint,Lubbock has high wind speeds; energy and carbon footprints of scenarios 1 and 5 differ little,Renewable generation replacing thermal power or diesel,modeled
Daher2019b,2019,US,"Texas statewide plus three hotspots: Lubbock (Southern High Plains, Ogallala Aquifer), San Antonio region, Eagle Ford Shale play (15 core counties of 23)",5,local:1-s2.0-S0048969718328936-main.txt,Low impact development stormwater harvesting as irrigation supply (San Antonio),Modeled: 100% implementation (p. 456),"181 × 10^6 m3 a year (146,688 acre-feet), 1.7% of the 2060 irrigation shortfall",Assumes 25% impervious area with 50% to rainwater harvesting; cities treated as a source of water; transport is 25% of cost,"Diets, local food, subsistence, and food-waste reduction",modeled
Daher2019b,2019,US,"Texas statewide plus three hotspots: Lubbock (Southern High Plains, Ogallala Aquifer), San Antonio region, Eagle Ford Shale play (15 core counties of 23)",5,local:1-s2.0-S0048969718328936-main.txt,Playas as fast recharge pathways for the Ogallala,"Cited from Gurdak and Roe (2010), not modeled here (p. 454)",1-2 orders of magnitude faster recharge than impermeable areas,Playa cropland sites,Other or unclassified,modeled
Rahman2026,2026,Transboundary,"Yukon River Basin (Alaska, Yukon and northwestern British Columbia); about 850,000 km2, 3,190 km long, about 126,000 people",5,local:1-s2.0-S2211464526000291-main.txt,"Existing transboundary bodies (Yukon River Panel, Yukon River Inter-Tribal Watershed Council) and non-government agencies as WEF coordinators","Proposed on the basis of network analysis showing they are best connected (pp. 1, 11)",Not quantified,Needs resourced actors using agentic interventions and a minimal formal integrative arrangement,"Integrated planning, shared infrastructure, and co-governance",observed
Rahman2026,2026,Transboundary,"Yukon River Basin (Alaska, Yukon and northwestern British Columbia); about 850,000 km2, 3,190 km long, about 126,000 people",5,local:1-s2.0-S2211464526000291-main.txt,Fishway and later hatchery program built alongside hydropower (Whitehorse Rapids),"Observed: fishway built with the late-1950s dam, hatchery salmon program from 1983-84 (p. 6)",Not quantified,Hydropower operator obligated to maintain habitat and wild food supply,"Diets, local food, subsistence, and food-waste reduction",observed
Chini2017,2017,US,"74 US metropolitan statistical areas (indirect footprints) and 33 cities with utility data (direct footprints), reference year 2012",4,local:Water Resources Research - 2016 - Chini - Direct and indirect urban water footprints of the United States.txt,Rail and barge shipping and short supply distances reduce embedded energy and emissions per unit of virtual water,"Derived from freight intensities and city-level results (lower values along the Nebraska-Texas corridor), pp. 321, 323","Rail 294 and barge 210 Btu per ton-mile vs truck 3,711",Applies to food and fuel flows tracked in the 2012 Commodity Flow Survey,Other or unclassified,observed
Chini2017,2017,US,"74 US metropolitan statistical areas (indirect footprints) and 33 cities with utility data (direct footprints), reference year 2012",4,local:Water Resources Research - 2016 - Chini - Direct and indirect urban water footprints of the United States.txt,Energy savings through both direct water services and indirect (food and fuel) supply chains,Authors' interpretation of the footprint results (pp. 324–325),About 5 MMBtu of primary transport energy and 80 kWh of water treatment and distribution electricity per person,"Water-rich cities may target indirect water, water-stressed cities direct water",Other or unclassified,observed
Tye2024,2024,US,"Wilmington, Delaware (about 71,000 people, tidal Delaware River estuary) within the Delaware River Basin; Brandywine Creek supply",4,local:PIIS2589004224015360.txt,Biosolids renewable energy at the wastewater plant and solar generation at the water treatment plant,Observed existing arrangements in Wilmington (p. 4),Not quantified,City-controlled water infrastructure; water is the sector the city actively manages,Renewable generation replacing thermal power or diesel,observed
Tye2024,2024,US,"Wilmington, Delaware (about 71,000 people, tidal Delaware River estuary) within the Delaware River Basin; Brandywine Creek supply",4,local:PIIS2589004224015360.txt,Community solar gardens through public-private partnerships and building-efficiency standards,"Recommended, not evaluated (pp. 8, 11)",Not quantified,"Requires coordination with utilities, citizens and state and federal funding","Integrated planning, shared infrastructure, and co-governance",observed
Rahman2025,2025,Arctic,"Northern Canada (Yukon, Northwest Territories, Nunavut, Labrador, Nunavik); Alaska (Alaska Village Electric Cooperative, wind microgrids) as comparator",4,local:ssrn-5955631.txt,Biodigesters with fish and plant by-product innovations,"Modeled expert scoring: highest pairwise synergy, shared infrastructure and GHG reduction (p. 11)",Highest score on the -4 to +4 scale (Table 3),Requires biowaste supply and local technical capacity; cold conditions limit adoption (Cambridge Bay pilot shows adequate methane yield from food waste),"Wastewater, stormwater, and recycled water supply",modeled
Rahman2025,2025,Arctic,"Northern Canada (Yukon, Northwest Territories, Nunavut, Labrador, Nunavik); Alaska (Alaska Village Electric Cooperative, wind microgrids) as comparator",4,local:ssrn-5955631.txt,"Greenhouses with solar PV, wind, hydro, biodigesters and geothermal",Modeled expert scoring (p. 11),Positive synergy scores for all renewable options,Solar PV and greenhouses do not function in northern winter; land competition possible,"Solar co-location with farms, canals, reservoirs, and pumps",modeled
Rahman2025,2025,Arctic,"Northern Canada (Yukon, Northwest Territories, Nunavut, Labrador, Nunavik); Alaska (Alaska Village Electric Cooperative, wind microgrids) as comparator",4,local:ssrn-5955631.txt,"Smart irrigation, biodigester and aquaponics in a closed loop",Modeled preferred triplet (p. 14),Among three highest preferred synergy scores,Operational scale flexible; aquaponics cannot run across seasons in cold conditions,"Wastewater, stormwater, and recycled water supply",modeled
Rahman2025,2025,Arctic,"Northern Canada (Yukon, Northwest Territories, Nunavut, Labrador, Nunavik); Alaska (Alaska Village Electric Cooperative, wind microgrids) as comparator",4,local:ssrn-5955631.txt,Alaska Village Electric Cooperative model: shift from diesel to renewables with shared circuit-rider technicians,Observed institutional example proposed for transfer (p. 16),57 communities served since 1967 (as described),"Locally based public-private ownership plus policy support, financial and technical incentives","Integrated planning, shared infrastructure, and co-governance",observed
Dargin2019,2019,Global-with-NA,"Global review of eight WEF assessment tools active in May 2018; North American applications cited: CLEWS for New York City, a California version of Foreseer, and WEAP-LEAP for desalination in California",3,local:1-s2.0-S0048969718335174-main.txt,"Coupling simple tools with complex tools in sequence, with added diagnostics and capacity building","Recommendation of the authors, not tested (pp. 1566, 1574)",Not quantified,Simple tools identify hotspots and build capacity; complex tools need granular data and skilled analysts,"Integrated planning, shared infrastructure, and co-governance",modeled
McCarl2017b,2017,Global-with-NA,"Review with US examples: Texas and the San Antonio region and Edwards Aquifer (EDSIMR), the Colorado River, US national bioenergy and agriculture (FASOMGHG, corn ethanol, biodiesel); non-North American examples: Egypt and the Nile Basin, the Indus, a global carbon-tax analysis",4,local:s40518-017-0078-0.txt,Dry-year option water market contract between a city and farmers,"Modeled design: early municipal exercise lowers payments (Keplinger et al. as reviewed), p. 148",Late exercise needed payments several times higher than early exercise,Model advice: do not exercise the option in El Niño years; the timing of exercise determines the payment,"Groundwater caps, water markets, and allocation instruments",modeled
JonesCrank2024a,2024,US,"22 U.S. member cities of the Resilient Cities Network with resilience plans (e.g., Atlanta, Houston, New York, Los Angeles, Honolulu, Chicago, Miami, Seattle)",5,local:ES-2024-15187.txt,Water scarcity as an entry point that lowers the governance threshold for nexus collaboration,"fsQCA on plan content; five water-insecure cities (Honolulu, Houston, Atlanta, Los Angeles, Berkeley) combine water insecurity with two governance conditions",solution consistency 0.874; coverage 0.618,"plans show intent, not implementation; cities without water insecurity need all three governance conditions","Integrated planning, shared infrastructure, and co-governance",observed
JonesCrank2024a,2024,US,"22 U.S. member cities of the Resilient Cities Network with resilience plans (e.g., Atlanta, Houston, New York, Los Angeles, Honolulu, Chicago, Miami, Seattle)",5,local:ES-2024-15187.txt,Urban agriculture integrated into land-use and conservation policy (Atlanta),plan example of policy coherence; stated intent,,coherence across departments,"Integrated planning, shared infrastructure, and co-governance",observed
JonesCrank2024a,2024,US,"22 U.S. member cities of the Resilient Cities Network with resilience plans (e.g., Atlanta, Houston, New York, Los Angeles, Honolulu, Chicago, Miami, Seattle)",5,local:ES-2024-15187.txt,City-state partnership preserving upstate farmland that protects New York City water supply and feeds residents,plan example of vertical coordination; stated intent,,city-state coordination,"Integrated planning, shared infrastructure, and co-governance",observed
JonesCrank2024a,2024,US,"22 U.S. member cities of the Resilient Cities Network with resilience plans (e.g., Atlanta, Houston, New York, Los Angeles, Honolulu, Chicago, Miami, Seattle)",5,local:ES-2024-15187.txt,Utility partnership for energy-efficient affordable housing for low-income residents (Chicago and ComEd),plan example of horizontal coordination; stated intent,,city-utility partnership,"Integrated planning, shared infrastructure, and co-governance",observed
JonesCrank2024a,2024,US,"22 U.S. member cities of the Resilient Cities Network with resilience plans (e.g., Atlanta, Houston, New York, Los Angeles, Honolulu, Chicago, Miami, Seattle)",5,local:ES-2024-15187.txt,"Asset swap between Houston and the Harris County Flood Control District (city takes storm sewers, district takes channels)",plan example of power sharing; stated intent,,shared responsibility across jurisdictions,"Diets, local food, subsistence, and food-waste reduction",observed
Holmatov2023,2023,Global-with-NA,"Global stock-take; North America 8% of documents, USA 6%, Columbia River basin (US-Canada), 69-city US study (Djehdian et al. 2019)",3,local:Natural Resources Forum - 2023 - Holmatov - The nexus across water  energy and food  WEF   Learning from research  build.txt,Hydropower-funded payment-for-ecosystem-services fund paying farmers to plant trees (Ozment et al. 2015),"outcome reported in a cited project document; observed per the review, not verified here; not North America","more energy, less silt, more sustainable agriculture",benefits flow through a fund that hydropower operators pay into,Other or unclassified,observed
Holmatov2023,2023,Global-with-NA,"Global stock-take; North America 8% of documents, USA 6%, Columbia River basin (US-Canada), 69-city US study (Djehdian et al. 2019)",3,local:Natural Resources Forum - 2023 - Holmatov - The nexus across water  energy and food  WEF   Learning from research  build.txt,Solar pumping for irrigation (IRENA 2016),"outcome reported in a cited project document; observed per the review, not verified here","higher income, food security, and resilience",off-grid or weak-grid irrigation settings,Renewable generation replacing thermal power or diesel,observed
Holmatov2023,2023,Global-with-NA,"Global stock-take; North America 8% of documents, USA 6%, Columbia River basin (US-Canada), 69-city US study (Djehdian et al. 2019)",3,local:Natural Resources Forum - 2023 - Holmatov - The nexus across water  energy and food  WEF   Learning from research  build.txt,"Utilities working with farmers on water availability (France), renewables on farms (England, Italy), energy from wastewater (Germany) (UNECE 2017)","outcomes reported in a cited transboundary-basin synthesis; observed per the review, not verified here","enhanced energy, water availability, and food production",cross-sector partnerships,"Integrated planning, shared infrastructure, and co-governance",observed
Daher2020,2020,US,"San Antonio Region (TWDB Region L), Texas, over the Eagle Ford Shale play",4,local:1-s2.0-S1462901119303661-main.txt,Cross-sector communication and early stakeholder engagement to shorten feedback cycles between researchers and decision makers,authors argument and recommendation; survey shows convergence of views but modest communication,monthly degree 4.65 (stakeholders) vs 2.48 (researchers),"needs agency mandates, funding, and incentives for engagement","Integrated planning, shared infrastructure, and co-governance",observed
Uddameri2018,2018,US,"Southern High Plains of Texas: Ogallala Aquifer over the Dockum Group (Garza, Lynn, Borden, Crosby, Terry, Gaines counties; Lubbock region)",5,local:Env Prog and Sustain Energy - 2017 - Uddameri - Food-energy-water nexus to mitigate sustainability challenges in a.txt,Blending Dockum with Ogallala water,modeled; removes sodium and chloride limits and cuts SAR and boron limits over most of the study area,"about 900,000 acres newly usable; maximum TDS 41,000 to under 13,000 mg/L","TDS and EC remain limiting, so only salt-tolerant crops benefit",Other or unclassified,modeled
Uddameri2018,2018,US,"Southern High Plains of Texas: Ogallala Aquifer over the Dockum Group (Garza, Lynn, Borden, Crosby, Terry, Gaines counties; Lubbock region)",5,local:Env Prog and Sustain Energy - 2017 - Uddameri - Food-energy-water nexus to mitigate sustainability challenges in a.txt,Confining pressure in the Dockum raises water levels,modeled; reduces lift energy in southern areas,blended energy about equal to Ogallala-only in the south,confined unit; drawdown spreads widely and recovers slowly,Other or unclassified,modeled
Uddameri2018,2018,US,"Southern High Plains of Texas: Ogallala Aquifer over the Dockum Group (Garza, Lynn, Borden, Crosby, Terry, Gaines counties; Lubbock region)",5,local:Env Prog and Sustain Energy - 2017 - Uddameri - Food-energy-water nexus to mitigate sustainability challenges in a.txt,"Quality-informed cross-sector transfers: brackish or desalinated water to municipal and industrial users, fresher Ogallala water kept for agriculture",authors proposal; qualitative,,needs concentrate disposal and municipal ability to pay,Other or unclassified,modeled
JonesCrank2022,2022,US,"Phoenix metropolitan area, Arizona (US); Cape Town metropolitan area, South Africa (comparison case, outside North America)",4,local:An Assessment Framework for Integrated Food-Energy-Water Nexus Governance  Application to the Cases of Phoenix and Cape .txt,"Shared goals across food, energy, and water organizations",Phoenix interviews: a shared objective motivated collaboration toward outcomes no single organization or sector could achieve; Cape Town: shared goals during the 2018 crisis were the main opening for collaboration,,"needs trust, communication, and resources to follow shared goals","Integrated planning, shared infrastructure, and co-governance",modeled
Jones2021,2021,US,"Phoenix Active Management Area, Arizona (about 14,500 km2, about 4.5 million residents)",5,local:s13412-021-00676-3.txt,"Using bridging actors (Salt River Project, City of Phoenix, Arizona Department of Agriculture) to build trust and communication across sectors",authors recommendation based on betweenness results; not tested,"betweenness 1334.02, 1283.95, 1187.77",bridging actors must reach scattered farm actors and the largely independent electric utility,"Integrated planning, shared infrastructure, and co-governance",modeled
Newell2020,2020,Global-with-NA,"Editorial summarizing a nine-paper focus issue: 382 US metropolitan areas, Los Angeles, Oxnard (southern California), Arizona and the arid American West, the US diet; Delhi and Hyderabad (India)",3,local:Newell_2020_Environ._Res._Lett._15_050201.txt,Halving food loss and waste,modeled (Birney et al. 2017): offsets the added resource use of the guideline diet and cuts landfill methane,50% reduction offsets +34% energy and +7% GHG,applies to consumer-level waste; 95% of discarded food goes to landfills,"Diets, local food, subsistence, and food-waste reduction",modeled
Newell2020,2020,Global-with-NA,"Editorial summarizing a nine-paper focus issue: 382 US metropolitan areas, Los Angeles, Oxnard (southern California), Arizona and the arid American West, the US diet; Delhi and Hyderabad (India)",3,local:Newell_2020_Environ._Res._Lett._15_050201.txt,Changing strawberry packaging away from energy-intensive PET clamshells,"modeled life-cycle assessment (Bell et al. 2018, reported in editorial)",significant GHG reduction (no figure given in editorial),alongside irrigation source changes,Other or unclassified,modeled
Newell2020,2020,Global-with-NA,"Editorial summarizing a nine-paper focus issue: 382 US metropolitan areas, Los Angeles, Oxnard (southern California), Arizona and the arid American West, the US diet; Delhi and Hyderabad (India)",3,local:Newell_2020_Environ._Res._Lett._15_050201.txt,"Co-locating urban agriculture with wastewater, compost, and combined heat facilities, with building-code changes","recommended strategy from urban agriculture energy typology (Mohareb et al. 2017, reported in editorial)",,urban agriculture type matters for energy profile,"Diets, local food, subsistence, and food-waste reduction",observed
Rahman2025,2025,CA,"Prince Albert Model Forest, central Saskatchewan (about 360,000 ha; Peter Ballantyne Cree Nation, Montreal Lake Cree Nation, Lac La Ronge Indian Band territories)",5,local:1-s2.0-S1462901125002114-main.txt,Boundary-organization partnerships across sectors and cultures (Aboriginal Caucus; traditional ecological knowledge in water and soil quality criteria; youth water sampling),observed in PAMF documents; ad hoc and not rule-based,,gaps stay latent and may resurface if the boundary organization stops functioning,"Integrated planning, shared infrastructure, and co-governance",observed
Rahman2025,2025,CA,"Prince Albert Model Forest, central Saskatchewan (about 360,000 ha; Peter Ballantyne Cree Nation, Montreal Lake Cree Nation, Lac La Ronge Indian Band territories)",5,local:1-s2.0-S1462901125002114-main.txt,"Joint caribou study with Buffalo River Dene Nation, the province, and a forestry company",observed; three-year study led to the 2012 Recovery Strategy for Woodland Caribou,three-year study to 2012 strategy,"partnership-based, relies on traditional ecological knowledge and science","Integrated planning, shared infrastructure, and co-governance",observed
Rahman2025,2025,CA,"Prince Albert Model Forest, central Saskatchewan (about 360,000 ha; Peter Ballantyne Cree Nation, Montreal Lake Cree Nation, Lac La Ronge Indian Band territories)",5,local:1-s2.0-S1462901125002114-main.txt,"Nipawin Biomass Ethanol Project agreement (town, research council, energy utility, rural municipalities, Métis local, three First Nations)",agreement facilitated by the model forest; aims were Indigenous jobs and lower fossil-fuel dependence; outcomes not measured,,requires Indigenous-industry cooperation on renewables,"Integrated planning, shared infrastructure, and co-governance",modeled
Rahman2025,2025,CA,"Prince Albert Model Forest, central Saskatchewan (about 360,000 ha; Peter Ballantyne Cree Nation, Montreal Lake Cree Nation, Lac La Ronge Indian Band territories)",5,local:1-s2.0-S1462901125002114-main.txt,Alley-cropping community gardens and youth water sampling with First Nation and non-Indigenous youth,observed; PAMF trained youth of Beardy's and Okemasis First Nation,,"links food production, water monitoring, and skills","Diets, local food, subsistence, and food-waste reduction",observed
Liu2016,2016,US,"California: 10 hydrologic regions, Sacramento-San Joaquin Delta, Central Valley and San Joaquin Valley, South Coast",5,local:s13717-016-0058-0.txt,Combined heat and power and hot-water conservation at a tomato-processing plant (Amón et al. 2012),reported benefits; no numbers given in the review,,food processing assessment at one facility,Water conservation and irrigation efficiency saving energy,observed
Liu2016,2016,US,"California: 10 hydrologic regions, Sacramento-San Joaquin Delta, Central Valley and San Joaquin Valley, South Coast",5,local:s13717-016-0058-0.txt,Forest biomass from thinning for electricity,"review: reduces wildfire danger, improves watershed environments, and supplies power feedstock; feasibility and cost unknown",,cost and feasibility limit uptake,Other or unclassified,observed
Liu2016,2016,US,"California: 10 hydrologic regions, Sacramento-San Joaquin Delta, Central Valley and San Joaquin Valley, South Coast",5,local:s13717-016-0058-0.txt,"Multi-benefit practices in Table 4: green infrastructure, forest and land management, water and energy system efficiency","review table rates benefits across water, energy, food, and ecosystems; qualitative",,needs tools and data for benefit and trade-off analysis,Water conservation and irrigation efficiency saving energy,observed
Natcher2021,2021,Arctic,"Northern Canada as defined by the Arctic Council: Yukon, Northwest Territories, Nunavut, Nunavik (Quebec), and Labrador",5,local:Natcher-NexusApproachWater-2021.txt,"Shared infrastructure (roads, water lines, clean power) serving food, water, and energy targets together",scored synergy: 132 of 210 interactions above +1; example 6.3 x 7.2 scores +3,about 87% of interactions synergistic,northern and remote context; scoring is subjective and assumes target-delivery pathways,Renewable generation replacing thermal power or diesel,observed
Natcher2021,2021,Arctic,"Northern Canada as defined by the Arctic Council: Yukon, Northwest Territories, Nunavut, Nunavik (Quebec), and Labrador",5,local:Natcher-NexusApproachWater-2021.txt,Integrated planning at finer regional and subregional scales that exploits infrastructure synergies,authors recommendation; qualitative,,"needs cultural ecosystem services, Indigenous livelihoods, and territorial rights added to scoring","Integrated planning, shared infrastructure, and co-governance",observed
Mohtar2022,2022,Global-with-NA,"Texas (San Antonio Region L, Lubbock, Eagle Ford Shale, Matagorda County) with international cases in Qatar, the United Arab Emirates, Turkey, Lebanon, and Morocco",4,local:fsufs-06-820305.txt,Dryland farming in Lubbock hotspot to slow aquifer decline,scenario guidance from nexus analysis; not measured,,Region L water-planning context,"Integrated planning, shared infrastructure, and co-governance",observed
Mohtar2022,2022,Global-with-NA,"Texas (San Antonio Region L, Lubbock, Eagle Ford Shale, Matagorda County) with international cases in Qatar, the United Arab Emirates, Turkey, Lebanon, and Morocco",4,local:fsufs-06-820305.txt,Low-impact development in San Antonio providing recharge and urban agriculture,scenario guidance from nexus analysis; not measured,,requires investment,"Diets, local food, subsistence, and food-waste reduction",observed
Mohtar2022,2022,Global-with-NA,"Texas (San Antonio Region L, Lubbock, Eagle Ford Shale, Matagorda County) with international cases in Qatar, the United Arab Emirates, Turkey, Lebanon, and Morocco",4,local:fsufs-06-820305.txt,Energy policies that cut water withdrawals while cutting emissions,modeled (EPAT),withdrawals cut by almost 10%,depends on the policy combination,"Integrated planning, shared infrastructure, and co-governance",modeled
Raub2021,2021,US,"11 coastal US cities in the 100 Resilient Cities program: Boston, New York City, Norfolk, Miami, Seattle, Los Angeles, San Francisco, Oakland, Berkeley, New Orleans, Honolulu",5,local:sustainability-13-06316-v2.txt,"Distributed energy and backup power for critical facilities (groceries, pharmacies, senior homes) and microgrids","plan actions with cascading-impact framing; stated intent, not evaluated","6 cascading-impact actions, all energy-centric",outage and extreme-weather resilience,Renewable generation replacing thermal power or diesel,observed
Raub2021,2021,US,"11 coastal US cities in the 100 Resilient Cities program: Boston, New York City, Norfolk, Miami, Seattle, Los Angeles, San Francisco, Oakland, Berkeley, New Orleans, Honolulu",5,local:sustainability-13-06316-v2.txt,Seawater district cooling (Honolulu action) to cool buildings,plan action; stated intent,,Honolulu coastal setting,Other or unclassified,observed
Raub2021,2021,US,"11 coastal US cities in the 100 Resilient Cities program: Boston, New York City, Norfolk, Miami, Seattle, Los Angeles, San Francisco, Oakland, Berkeley, New Orleans, Honolulu",5,local:sustainability-13-06316-v2.txt,"Resilience hubs and fresh-food retailer loans linking food access, equity, and disaster preparedness (Honolulu, Berkeley, New Orleans)",plan actions; stated intent,,community-scale delivery,Other or unclassified,observed
Alhassan2026,2026,CA,"Newfoundland and Labrador, Canada (interviews mainly in western Newfoundland: Corner Brook, Grenfell Campus)",4,local:1-s2.0-S258979182500060X-main.txt,Hydroponics and aquaponics with local production (cutting water use and transport emissions),"informant-reported, from international examples such as Wageningen; not measured in the province",up to 90-95% less water,"needs energy, capital, and technical capacity","Wastewater, stormwater, and recycled water supply",observed
Alhassan2026,2026,CA,"Newfoundland and Labrador, Canada (interviews mainly in western Newfoundland: Corner Brook, Grenfell Campus)",4,local:1-s2.0-S258979182500060X-main.txt,"Valorizing pulp-mill wood ash, paper sludge, and waste heat, plus fish and crab waste, as soil amendments, fertilizer, or heat",informant-reported opportunities; wood ash used directly in Alberta and Ontario,more than 40 kt of forestry biomass residues in the province (2012 report),regulatory approval for heavy metals; odor and transport management,Agronomic adaptation and crop choice,observed
Alhassan2026,2026,CA,"Newfoundland and Labrador, Canada (interviews mainly in western Newfoundland: Corner Brook, Grenfell Campus)",4,local:1-s2.0-S258979182500060X-main.txt,Anaerobic digestion of agricultural waste for on-site energy or grid supply (near Stephenville),observed example reported by an informant,,scale and feed-in arrangements,Energy recovery and low-carbon supply options,observed
Zhu2025,2025,US,"Palo Duro watershed, Texas High Plains and Panhandle over the Ogallala Aquifer (2,600 km2; Dallam, Hartley, Moore, Hutchinson, Hansford, Sherman counties)",4,local:1-s2.0-S0378377425004317-main.txt,Shifting from summer crops to winter wheat and adaptive irrigation (management-allowed-depletion thresholds),"modeled; winter wheat gains yield and revenue while irrigation demand is lower, and dryland wheat recharges slightly (1-5 mm percolation, +0.01-0.05 m per year)",irrigated wheat +33.2% yield; net benefit 51-220 million US dollars,late-century SSP5-8.5 conditions; static prices; CO2 fertilization,Agronomic adaptation and crop choice,modeled
Zhu2025,2025,US,"Palo Duro watershed, Texas High Plains and Panhandle over the Ogallala Aquifer (2,600 km2; Dallam, Hartley, Moore, Hutchinson, Hansford, Sherman counties)",4,local:1-s2.0-S0378377425004317-main.txt,Groundwater cost savings as a co-benefit of crops that need less irrigation under future climate,modeled; corn pumping-cost savings up to about 180 million US dollars in late future SSP5-8.5,55-400 million US dollars per year across crops,assumes 450 US dollars per acre-foot pumping cost,Other or unclassified,modeled
Khan2021,2021,US,"Contiguous United States, national and state level (GCAM-USA, 2015-2100)",5,local:Khan_2021_Environ._Res._Lett._16_065010.txt,Switch from once-through to recirculating cooling at power plants,modeled; decouples water and electricity systems in the Reference scenario,power share of US withdrawals 40% (2015) to 7% (2100),plant turnover; strongest on the East Coast,Cooling technology change and plant retirement,modeled
Khan2021,2021,US,"Contiguous United States, national and state level (GCAM-USA, 2015-2100)",5,local:Khan_2021_Environ._Res._Lett._16_065010.txt,Targeted multi-sector co-management where both Magnitude and Spread are high (for example Colorado and Kansas),modeled screening indicator; authors recommendation,both indices above 0.25 in 2100,"needs institutions able to co-manage water, agriculture, and energy","Integrated planning, shared infrastructure, and co-governance",modeled
Khan2021,2021,US,"Contiguous United States, national and state level (GCAM-USA, 2015-2100)",5,local:Khan_2021_Environ._Res._Lett._16_065010.txt,Strategic co-management of land and water for bioenergy in water-scarce states,modeled; authors conclusion for New Mexico,,joint land-water planning,"Integrated planning, shared infrastructure, and co-governance",modeled
Mo2014,2014,US,"Tampa Bay Water planning region, Florida, and San Diego County Water Authority service area, California",4,local:es405648x.txt,Prioritizing non-potable reuse ahead of seawater desalination,"modeled; lower energy, GHG, and cost in both regions, and S3 can beat the status quo",66-75 MJ and 2.2-2.9 kg CO2e saved per m3 replaced,"non-potable demand exists (San Diego demand can exceed 750,000 m3 per day); reuse uses 16.0 + 8.6 MJ per m3 in hilly San Diego","Wastewater, stormwater, and recycled water supply",modeled
Mo2014,2014,US,"Tampa Bay Water planning region, Florida, and San Diego County Water Authority service area, California",4,local:es405648x.txt,Grid decarbonization and water conservation,"modeled; low-carbon grid by 2030 cuts San Diego water-system GHG about 11%; conservation of 197,000 m3 per day gives the same reduction with less financial investment","11% GHG cut; 197,000 m3 per day",needs 42% fossil reduction in the grid for the 11% cut,Water conservation and irrigation efficiency saving energy,modeled
Mo2014,2014,US,"Tampa Bay Water planning region, Florida, and San Diego County Water Authority service area, California",4,local:es405648x.txt,Maintaining existing infrastructure instead of short-lived replacement,modeled sensitivity; embodied energy rises sharply at 20-year life but varies under 10% for 50-150 years,,infrastructure lifespan of 50 years or more,Other or unclassified,modeled
Guan2020,2020,US,"Phoenix Active Management Area, Arizona (14,623 km2; Salt, Verde, and Colorado River supplies; Central Arizona Project)",5,local:1-s2.0-S0048969719344699-main.txt,"Solar PV transition for electricity (50% renewable portfolio standard by 2030, carbon-free by 2060)","modeled; power-plant water demand falls to 74 hm3, groundwater use falls nearly 40%, safe-yield maintained, recharge increases ten-fold, energy for water falls 2%",Sustainability Index +2.5,requires replacement of coal and gas plants with PV; assumes policy of Nevada and California type,"Solar co-location with farms, canals, reservoirs, and pumps",modeled
Guan2020,2020,US,"Phoenix Active Management Area, Arizona (14,623 km2; Salt, Verde, and Colorado River supplies; Central Arizona Project)",5,local:1-s2.0-S0048969719344699-main.txt,Reclaimed effluent for power cooling (Palo Verde),observed; the nuclear station uses about 76 hm3 of effluent per year,76 hm3 per year,needs wastewater treatment capacity nearby,"Wastewater, stormwater, and recycled water supply",observed
Guan2020,2020,US,"Phoenix Active Management Area, Arizona (14,623 km2; Salt, Verde, and Colorado River supplies; Central Arizona Project)",5,local:1-s2.0-S0048969719344699-main.txt,Water conservation lowering per-capita use,observed 1985-2009 (1.2 to 0.9 m3 per day) and assumed to 0.4 by 2069,"municipal demand peaks then declines (1,625 to 1,224 hm3)",population growth continues,Water conservation and irrigation efficiency saving energy,observed
Ao2023,2023,US,Conterminous United States: 204 HUC-4 watersheds in 18 HUC-2 regions (2017),5,local:Water Resources Research - 2023 - Ao - Food  Energy  and Water Production Within Watersheds of the United States.txt,"Dams and reservoirs as shared buffers for food, energy, and water","observed inventory; FEW dams store about 281 km3, more than twice the FEW blue footprint","281 km3; each 1,000 m3 of storage matches a 47 m3 larger surface-water footprint",storage explains little of the footprint (R2 0.24; electricity 0.47) and over 65% is in low-stress watersheds,Energy recovery and low-carbon supply options,observed
Ao2023,2023,US,Conterminous United States: 204 HUC-4 watersheds in 18 HUC-2 regions (2017),5,local:Water Resources Research - 2023 - Ao - Food  Energy  and Water Production Within Watersheds of the United States.txt,Interbasin transfers moving water to where food and people are,observed inventory,at least 24.9 km3 per year for irrigation and public supply,flow data exist for only 203 of 639 projects,"Integrated planning, shared infrastructure, and co-governance",observed
Ao2023,2023,US,Conterminous United States: 204 HUC-4 watersheds in 18 HUC-2 regions (2017),5,local:Water Resources Research - 2023 - Ao - Food  Energy  and Water Production Within Watersheds of the United States.txt,Watershed-based accounting aligned with hydrologic boundaries,authors recommendation; qualitative,,data are currently collected by political and infrastructure units,"Integrated planning, shared infrastructure, and co-governance",observed
JonesCrank2024b,2024,US,"Phoenix, Arizona (US); Cape Town (South Africa) and Singapore as comparison cases outside North America",4,local:s11625-024-01509-2.txt,"Farmers, water utilities, and electric utilities working together in the Arizona Drought Contingency Plan process",observed operational-level cross-sector collaboration in Phoenix; agricultural lobbying also influenced the plan,,drought contingency planning process that feeds water allocation decisions at higher institutional levels,"Integrated planning, shared infrastructure, and co-governance",observed
JonesCrank2024b,2024,US,"Phoenix, Arizona (US); Cape Town (South Africa) and Singapore as comparison cases outside North America",4,local:s11625-024-01509-2.txt,Horizontal collaboration within an institutional level as a first step,authors recommendation from cross-case comparison,,same-level power balance,"Integrated planning, shared infrastructure, and co-governance",observed
JonesCrank2024b,2024,US,"Phoenix, Arizona (US); Cape Town (South Africa) and Singapore as comparison cases outside North America",4,local:s11625-024-01509-2.txt,Formal bottom-up feedback channels from operational to higher levels,authors recommendation; observed in Phoenix DCP process and Singapore,,participatory mechanisms,Other or unclassified,observed
Zhang2018,2018,Global-with-NA,Global review of hydropower by region with a climate analysis; North America (United States and Canada) paragraph and projected change in gross hydropower potential,3,local:1-s2.0-S0960148117309928-main.txt,"Upgrading existing plants, powering non-powered dams, and conduit and canal hydropower in the US","US Department of Energy resource assessments reported in the review (potential, not realized)",US capacity could double,feasibility depends on site and storage,Conduit hydropower and irrigation piping,modeled
Zhang2018,2018,Global-with-NA,Global review of hydropower by region with a climate analysis; North America (United States and Canada) paragraph and projected change in gross hydropower potential,3,local:1-s2.0-S0960148117309928-main.txt,Multi-purpose reservoirs buffering variability for irrigation and power as glaciers melt,authors argument; qualitative,,extreme precipitation and drought make multi-purpose operation harder,Other or unclassified,modeled
Mohtar2019,2019,US,"San Antonio region, Texas (TWDB Region L; Groundwater Management Areas 9, 10, 13, and 15; Lubbock; Eagle Ford shale play)",4,local:1-s2.0-S0048969718333825-main.txt,Treated wastewater for irrigation in semi-arid West Texas,field soil study reported in the special issue; observed,higher yields than groundwater irrigation with no greater soil degradation,localized soil and water analysis needed; lower soil horizons lose water-holding capacity,"Wastewater, stormwater, and recycled water supply",observed
Mohtar2019,2019,US,"San Antonio region, Texas (TWDB Region L; Groundwater Management Areas 9, 10, 13, and 15; Lubbock; Eagle Ford shale play)",4,local:1-s2.0-S0048969718333825-main.txt,Seed funding and cross-disciplinary teams leading to competitive federal awards,observed program outcome (NSF INFEWS awards),,needs sustained funding and a community of science,"Integrated planning, shared infrastructure, and co-governance",observed
Perrone2014,2014,Global-with-NA,"Apalachicola-Chattahoochee-Flint (ACF) River Basin, Georgia/Alabama/Florida, US; global overview; Sri Lanka and Brazil as non-North American comparators",4,local:WIREs Water - 2013 - Perrone - Water  food  and energy security  scrambling for resources or solutions.txt,Utility energy-efficiency programs that also save water (hot-water and pumping energy),Observed program spending; water co-benefit described qualitatively.,US$3 billion spent by California regulated utilities in 2010-2012; water savings not quantified.,Where water heating and water pumping embody large amounts of energy and a regulator mandates efficiency spending.,Water conservation and irrigation efficiency saving energy,observed
Perrone2014,2014,Global-with-NA,"Apalachicola-Chattahoochee-Flint (ACF) River Basin, Georgia/Alabama/Florida, US; global overview; Sri Lanka and Brazil as non-North American comparators",4,local:WIREs Water - 2013 - Perrone - Water  food  and energy security  scrambling for resources or solutions.txt,"Integrated water-energy planning with broad stakeholder involvement in the ACF (recommended, not evaluated)","Recommendation, drawing on adaptive-management arguments; no outcome data.",Not quantified.,"Requires reversible, experimental actions and inclusion of environmental stakeholders; choices on how the basin is supplied with electricity shape future drought stress.","Integrated planning, shared infrastructure, and co-governance",observed
Smidt2016,2016,US,"High Plains (Ogallala) Aquifer, eight states (SD, WY, NE, CO, KS, OK, NM, TX); Kansas irrigation-technology records; Republican River Compact area",5,local:1-s2.0-S0048969716310579-main.txt,Groundwater permit trading and other adaptive management within existing water law,"Implemented in 2014 by the Twin Platte Natural Resources District, Nebraska, to maintain Platte River streamflow; effectiveness described as too recent to evaluate.",Not quantified.,Works where water rights are metered and tradable and where marginal returns to water differ among users.,"Groundwater caps, water markets, and allocation instruments",observed
Smidt2016,2016,US,"High Plains (Ogallala) Aquifer, eight states (SD, WY, NE, CO, KS, OK, NM, TX); Kansas irrigation-technology records; Republican River Compact area",5,local:1-s2.0-S0048969716310579-main.txt,Drought-tolerant cultivars and better crop insurance to reduce production risk so that farmers can accept lower water use,Recommended by the authors on the basis of the Farm Bill and risk literature; not evaluated.,Not quantified.,Needs incentives that protect farmer profit while capping extraction (profit is the main lever).,Agronomic adaptation and crop choice,observed
Smidt2016,2016,US,"High Plains (Ogallala) Aquifer, eight states (SD, WY, NE, CO, KS, OK, NM, TX); Kansas irrigation-technology records; Republican River Compact area",5,local:1-s2.0-S0048969716310579-main.txt,Backcasting from 50-100 year sustainability goals to set short-term pumping limits,Recommended adaptive framework citing Gleeson et al. (2012); no outcome data.,Not quantified.,Requires political will and local management bodies willing to impose limits.,"Integrated planning, shared infrastructure, and co-governance",observed
Wu2021,2021,CA,"Saskatchewan, Canadian Prairies (South and North Saskatchewan, Saskatchewan, Souris, Assiniboine basins; Lake Diefenbaker); interprovincial flows from Alberta to Manitoba",5,local:1-s2.0-S0921344920305097-main.txt,Wind expansion to 30% of capacity displacing fossil thermal generation,"Modeled: lower thermal output reduces emissions and the water used for cooling, mining and industry, and eases groundwater demand.","GHG -2.0%, industrial water demand -5.7%, groundwater demand -3.8% (sect. 4.3).",Holds where fossil generation dominates (83.7% of electricity in 2016) and wind displaces thermal rather than hydropower.,Renewable generation replacing thermal power or diesel,modeled
Wu2021,2021,CA,"Saskatchewan, Canadian Prairies (South and North Saskatchewan, Saskatchewan, Souris, Assiniboine basins; Lake Diefenbaker); interprovincial flows from Alberta to Manitoba",5,local:1-s2.0-S0921344920305097-main.txt,Longer-season cultivars (larger growing-degree-day requirement) and earlier planting to offset warming losses,Modeled agronomic adaptation.,"+10% GDD requirement raises yields of cereals 1.6-6.5%, oilseeds 2.2-4.1% and pulses 2.4-8.4%; planting 3-6 days earlier per +1 degree C (sect. 4.1).",Limited by frost risk if the GDD requirement exceeds the thresholds for each crop.,Agronomic adaptation and crop choice,modeled
Wu2021,2021,CA,"Saskatchewan, Canadian Prairies (South and North Saskatchewan, Saskatchewan, Souris, Assiniboine basins; Lake Diefenbaker); interprovincial flows from Alberta to Manitoba",5,local:1-s2.0-S0921344920305097-main.txt,Pairing wind expansion with biofuel mandates to improve emissions outcomes,Modeled combined scenario S5; the authors recommend combining wind with bioenergy policy to mitigate GHG.,Combined scenario GHG -5.5% against -1.2% for biofuels alone (sect. 4.3).,Requires accepting a lower food surplus (-3.5%) and less hydropower and downstream flow in the combined case.,Renewable generation replacing thermal power or diesel,modeled
Cook2022,2022,US,"Amarillo, Texas Panhandle (the abstract describes it as south-central Texas); NREL 2015 solar and wind resource data",3,local:1-s2.0-S0048969722012773-main.txt,Combining wind and solar generation to cut storage requirements without water use,Modeled: solar supplements low-wind periods so that large expensive storage is not needed.,Not quantified in the text (shown in Fig. 12).,"Depends on complementary wind and solar profiles at the site (Amarillo, NREL 2015 data) and on cheaper wind per unit energy.",Renewable generation replacing thermal power or diesel,modeled
Rahman2024,2024,Arctic,"Iqaluit, Nunavut (Baffin Island), with comparisons to Kinngait and Arviat, Nunavut; 2021 fuel contamination of the municipal water supply",5,local:Rahman-WarmingArcticCascading-2024.txt,Interlinked and redundant WEF infrastructure planning instead of sector-specific subsidies (recommended),"Recommendation by the authors, who cite Haji et al. (2024) and Romero-Lankao et al. (2018); no outcome data.",Not quantified.,"Needs sustained maintenance funding and coordination across city, territorial and federal bodies.","Integrated planning, shared infrastructure, and co-governance",observed
Rahman2024,2024,Arctic,"Iqaluit, Nunavut (Baffin Island), with comparisons to Kinngait and Arviat, Nunavut; 2021 fuel contamination of the municipal water supply",5,local:Rahman-WarmingArcticCascading-2024.txt,Life-cycle assessment of emergency supply options to find alternatives to imported bottled water (recommended),The authors argue that a full life-cycle assessment could have identified a lower-impact emergency option; not tested.,Not quantified.,Requires scenario planning built on WEF interlinkages before a crisis.,"Groundwater caps, water markets, and allocation instruments",modeled
Ringler2013,2013,Global-with-NA,"Global review; US examples (maize ethanol under the Energy Policy Act of 2005, fossil-energy use in agriculture, thermoelectric withdrawals in the US and Europe)",3,local:1-s2.0-S1877343513001504-main.txt,"Resource-efficient practices (integrated soil fertility management, micro-irrigation, on-time water delivery, higher fertilizer efficiency)",Literature-based claim; integrated soil fertility management raises soil moisture and yields.,Not quantified.,Where technologies are adapted to local conditions and farmers can access them (p. 621).,Water conservation and irrigation efficiency saving energy,observed
Ringler2013,2013,Global-with-NA,"Global review; US examples (maize ethanol under the Energy Policy Act of 2005, fossil-energy use in agriculture, thermoelectric withdrawals in the US and Europe)",3,local:1-s2.0-S1877343513001504-main.txt,Agriculture-based GHG mitigation that also raises water and land efficiency and yields,Literature-based exception to the pattern in which climate mitigation raises water use.,Not quantified; large-scale mitigation in agriculture faces other obstacles (p. 622).,Applies to practices that cut emissions while improving water and land use efficiency.,Water conservation and irrigation efficiency saving energy,observed
Yupanqui2025,2025,Global-with-NA,Global review; worked index examples for Peru and Egypt; North American content limited to US research funding (NSF INFEWS) and the 2015 Texas A&M Resource Nexus Water Forum,2,local:1-s2.0-S2772427125000506-main.txt,Energy-food resource exchange within a composite security index,Modeled sensitivity (Peru): energy-food exchanges have low sensitivity and do not compromise the final security score.,Not quantified beyond the statement of low sensitivity.,Holds in the Peru demonstration where the medium-risk band is not breached; not tested for North America.,Other or unclassified,modeled
Lopez-Flores2025,2025,MX,"Nuevo León state (Monterrey metropolitan area), northeastern Mexico: four supply dams, 23 aquifers, 16 power plants",3,local:s10668-023-04257-y.txt,Wind generation lowers life-cycle impact relative to turbogas and combined-cycle plants,Modeled statement in the results; the paper text on how this carries into the future impact trend is internally unclear.,Not quantified; the model includes only three wind sites.,Holds within the Eco-indicator 99 comparison of the three generation types in Nuevo León.,Renewable generation replacing thermal power or diesel,modeled
Garcia-Martinez2024,2024,MX,"Sonora state, northwestern Mexico, in four regions (R1 border, R2 center, R3 central mountain range, R4 south); the paper itself describes Sonora as northeastern",4,local:1-s2.0-S0255270124000424-main.txt,Solar generation plus desalination and reclaimed water in an arid border state,"Modeled optimal designs select 2,501 MW of new solar with 400 L/s of new desalination capacity, so solar supplies the energy for added water supply.","New solar 2,501 MW and new desalination 400 L/s in the compromise and equity solutions (Table 3).","Strong solar resource in the border region (R1 generates 1,371 GWh of solar electricity) and high water scarcity in R1 and R3.","Solar co-location with farms, canals, reservoirs, and pumps",modeled
Garcia-Martinez2024,2024,MX,"Sonora state, northwestern Mexico, in four regions (R1 border, R2 center, R3 central mountain range, R4 south); the paper itself describes Sonora as northeastern",4,local:1-s2.0-S0255270124000424-main.txt,Alliance-based negotiation that reduces the number of bargaining parties,Modeled method claim: collaborative negotiation among four alliances replaces conflict among 30 stakeholders and exposes how each group preferred solution affects the others.,Negotiation reduced from 30 stakeholders to 4 groups (sect. 5.2).,"Requires real stakeholder preferences, which the paper replaces with synthetic weight sets.","Integrated planning, shared infrastructure, and co-governance",modeled
Raya-Tapia2023a,2023,MX,"Mexico (national scale; 32 federal entities treated as one unit); natural gas imports from Texas, US, as a dependence",5,local:1-s2.0-S1462901123000825-main.txt,"Reducing energy-import dependence through efficiency and clean, low-carbon generation (recommended)",Policy recommendation drawn from the projections; not evaluated.,Not quantified.,Requires investment in transmission and distribution and a grid transition that is resilient to unpredictable climate.,Water conservation and irrigation efficiency saving energy,modeled
Smith2020,2020,MX,"San Quintín Valley, municipality of Ensenada, Baja California, Mexico (four coastal aquifers, 54 private desalination plants); US market for exported berries and vegetables; binational finance (NADBank/BECC)",5,local:1-s2.0-S1462901120300678-main.txt,Desalination that sustains salt-sensitive export crops and farm employment,"Observed benefit: desalinated water supports berries, tomato, cucumber and onion production and a 98.8% employment rate.",About 37.9 Mm3/yr desalinated; four crops about MX$2.76 billion (US$141 million) in 2016.,"Depends on subsidized electricity (Tarifa 09), capital subsidies and unpriced groundwater; benefits are not matched by public services for workers.",Other or unclassified,observed
Smith2020,2020,MX,"San Quintín Valley, municipality of Ensenada, Baja California, Mexico (four coastal aquifers, 54 private desalination plants); US market for exported berries and vegetables; binational finance (NADBank/BECC)",5,local:1-s2.0-S1462901120300678-main.txt,Phasing out private energy subsidies and adding pumping taxes to fund managed aquifer recharge (proposed),"Policy proposal by the authors, noting that phase-out is politically difficult; not evaluated.",Not quantified; unsubsidized electricity would cost US$3.9-9.7 million a year.,"Requires stronger metering and enforcement, since pumping beyond permits persists despite closure of new well permits.","Groundwater caps, water markets, and allocation instruments",modeled
Medina-Santana2020,2020,MX,"Isolated off-grid rural community (20 households, 84 inhabitants, 75,000 m2 of land) in a mountainous region of Michoacán, Mexico; community not named",3,local:1-s2.0-S0098135420305767-main.txt,Complementary PV and bioethanol-fired CHP with battery storage for an off-grid community,Modeled: PV peaks at 30-35 kW and the CHP unit covers early-morning and evening gaps.,PV supplies 75% of energy; bioethanol is produced for CHP (sect. 5.1).,Holds in the modeled community where land allows sugarcane and where biorefinery costs are low; no grid sales are possible.,"Solar co-location with farms, canals, reservoirs, and pumps",modeled
Medina-Santana2020,2020,MX,"Isolated off-grid rural community (20 households, 84 inhabitants, 75,000 m2 of land) in a mountainous region of Michoacán, Mexico; community not named",3,local:1-s2.0-S0098135420305767-main.txt,Low-irrigation crops (soybean instead of rice) that cut water use with a moderate profit loss,Modeled solution P3.,Water use -49% for a profit loss of about 13% (Table 6).,Requires suitable rainfall for soybean and crop prices as in the model.,Other or unclassified,modeled
Gonzalez-Bravo2018,2018,MX,"Sonoran Desert, Sonora, northwestern Mexico: Hermosillo, Obregón and Guaymas; irrigation districts 018, 041, 051 and 084; Sonora, Matape and Yaqui rivers; power-desalination plant at Hermosillo bay",3,local:sc8b02484.txt,Dual-purpose power-desalination plants with managed aquifer recharge from surplus desalinated water,Modeled: the plant at Hermosillo bay produces water and electricity together and injected surplus water recharges overexploited aquifers.,"Water sales 2,004 and energy sales 1,199 million $/yr in solution j; recharge volume not given (Table 5).","Coastal siting, with fossil, biofuel or solar energy sources and CO2 tax credits in the model; operation cost dominates (3,225 million $/yr).","Solar co-location with farms, canals, reservoirs, and pumps",modeled
Raya-Tapia2023b,2023,MX,"Mexico, all 32 federal entities (states and Mexico City), 2019 versus 2020 (pre-pandemic and pandemic years)",5,local:s10668-022-02671-2.txt,Renewable generation exceeding local consumption in water-rich southern states,"Observed from SENER and CONAGUA data: Chiapas, Oaxaca, Nayarit and Michoacán score the maximum on energy interdependence and rank highest in nexus security in 2019 and 2020.","Highest four nexus security scores among 32 states; generation from hydro, wind, bioenergy and geothermal exceeds consumption (sect. 6).","Depends on local hydro, wind, geothermal and bioenergy resources; household access to water, electricity and nutritious food remains low in Chiapas and Oaxaca.",Renewable generation replacing thermal power or diesel,observed
Villalba-Pastrana2024,2024,MX,"Mexico City (Valley of Mexico) and its supply and disposal chains: Cutzamala and Lerma systems, Mezquital Valley and Atotonilco treatment plant (Hidalgo), Tula and Minatitlán refineries, food-supplying states",5,local:1-s2.0-S2590252024000035-main.txt,Wastewater treatment at Atotonilco combined with irrigation reuse in the Mezquital Valley,Modeled with the net environmental benefit approach for the 2015 inventory (100% treatment assumed): treated effluent irrigates 67% of the flow and avoids drinking-water use and pollutant loading.,"Mitigates 95% (38 m3 per capita) of water-consumption impacts, 99.8% of freshwater eutrophication and 99.7-99.9% of toxicity categories (p. 9, Fig. 6).","Requires the plant to run at capacity (82% in 2021), a large electricity supply and treated rather than raw wastewater reaching farms.","Wastewater, stormwater, and recycled water supply",modeled
Villalba-Pastrana2024,2024,MX,"Mexico City (Valley of Mexico) and its supply and disposal chains: Cutzamala and Lerma systems, Mezquital Valley and Atotonilco treatment plant (Hidalgo), Tula and Minatitlán refineries, food-supplying states",5,local:1-s2.0-S2590252024000035-main.txt,Food-waste composting that substitutes ammonium sulfate fertilizer,"Modeled with a 1:1 nitrogen substitution on 5,904 t of ammonium sulfate.","Mitigates 1% of human carcinogenic toxicity, 19% of non-carcinogenic toxicity and 5% of freshwater ecotoxicity (p. 10-11).","Only 11% (10,991 t) of the 97,552 t of compost produced was used in 2015, so farmer acceptance and product-quality information are barriers.","Diets, local food, subsistence, and food-waste reduction",modeled
FerollaSpyerPrates2025,2025,MX,"Mexico (national), with examples from the Sonora lithium region and Mexico City; 48 Mexico-specific articles from Web of Science and Scopus (searched 25 September 2024)",3,local:s00550-025-00582-0.txt,"Waste-to-energy niches linking circular economy and energy transitions (landfill gas recovery, anaerobic digestion, biomass pellets)",Literature-based: Mexican niche projects have started to take off and are described as offering significant synergies in the energy-waste nexus.,Not quantified in the review.,Needs policy and market support to scale; sector overlap of energy and circular economy transitions.,Energy recovery and low-carbon supply options,modeled
FerollaSpyerPrates2025,2025,MX,"Mexico (national), with examples from the Sonora lithium region and Mexico City; 48 Mexico-specific articles from Web of Science and Scopus (searched 25 September 2024)",3,local:s00550-025-00582-0.txt,Lithium recycling and second-life batteries to reduce mining dependence,Recommended niche innovations from the reviewed literature; not evaluated.,Not quantified.,"Requires collection, reuse and recycling routes and incentives for domestic processing of lithium products.","Wastewater, stormwater, and recycled water supply",observed
Cansino-Loeza2024,2024,MX,"Sonora, northwestern Mexico, in four regions (R1 border, R2 central, R3 central-sierra, R4 south)",3,local:s41660-024-00422-6.txt,"Solar, waste-to-energy, desalination and water treatment designed together for low-HDI regions","Modeled Scenario A: new solar in R1 and R2 and gasification, incineration and anaerobic digestion in R1, R3 and R4 raise energy availability, while water and food accessibility reach 0.953-0.975.","Energy availability index 0.717, 81.52% above current (p. 1203-1204).",Region 2 overproduces water and energy and exports them; regions 1 and 3 still need imports; priority follows (1 - HDI).,Energy recovery and low-carbon supply options,modeled
Cansino-Loeza2024,2024,MX,"Sonora, northwestern Mexico, in four regions (R1 border, R2 central, R3 central-sierra, R4 south)",3,local:s41660-024-00422-6.txt,Prioritizing the food sector in the Sustainable Development Index scenarios,"Modeled Scenario 9 (priorities water 0.2, energy 0.1, food 0.7) gives a high Sustainable Development Index and nexus index at high profit.","Sustainable Development Index 3.256, nexus index 1.714, profit US$23,740 million, 7,928 t CO2 (Table 5).",Holds because the food index sums many food groups and food is overproduced for export.,Other or unclassified,modeled
Rasooli2026,2026,MX,"Upper Atoyac River basin (Alto Atoyac), Tlaxcala-Puebla Valley, central Mexico: 82 municipalities in Tlaxcala, Puebla and the State of Mexico, a tributary of the Balsas River",4,local:Global Challenges - 2026 - Rasooli - Synergetic Benefits of Agricultural Sewage Reuse and Floating Photovoltaics in Mexi.txt,Floating PV over irrigation ponds supplied by treated sewage that pays for wastewater treatment and irrigation expansion,"Modeled municipal-level WEF assessment: solar sales fund WWTP operation, pond storage and pumping while reducing river discharges and expanding irrigated corn.","Revenue about US$194 million a year; net present value US$507 million; +45,320 ha irrigated; corn output +132%; sewage discharge removed for 36 municipalities (sect. 3.1-3.2).","Needs a power purchase price near 108 USD/MWh (viable range 78.5-332.6), decentralized treatment (2,000 population equivalents), municipalities with a sewage surplus and farmers willing to pay self-sufficiency fees.","Solar co-location with farms, canals, reservoirs, and pumps",modeled
Rasooli2026,2026,MX,"Upper Atoyac River basin (Alto Atoyac), Tlaxcala-Puebla Valley, central Mexico: 82 municipalities in Tlaxcala, Puebla and the State of Mexico, a tributary of the Balsas River",4,local:Global Challenges - 2026 - Rasooli - Synergetic Benefits of Agricultural Sewage Reuse and Floating Photovoltaics in Mexi.txt,Pond storage that amplifies small sewage flows to meet peak irrigation demand,Modeled with a pond water balance: stored treated water is released during the roughly 60-day peak irrigation period.,"Sewage recycled 35% (94 hm3 a year) for irrigation of 45,320 ha (sect. 3.1).",Depends on land for ponds (624 ha) and on ponds covering evaporation losses.,"Wastewater, stormwater, and recycled water supply",modeled
Nunez-Lopez2022,2022,MX,"Two arid and semiarid northern Mexican cities: Monterrey Metropolitan Area (Nuevo León) and Hermosillo (Sonora); hurricane, low-temperature and drought failure modes for 2013, 2015, 2019, 2025 and 2030",4,local:s10098-022-02273-6.txt,Renewable energy expansion that lowers the cost of energy supply failures,Modeled projection built on assumed penalty costs for 2025 and 2030.,Energy penalty cost 47.8 to 29.5 US dollars per MW (-38.28%) by 2030 (Table 5).,Applies to both cities as renewable use increases; it does not offset water-related risks.,Renewable generation replacing thermal power or diesel,modeled
Mahlknecht2024,2024,MX,"Mexico (national), with Latin America and the Caribbean as context; Spanish-language review and national synthesis",4,local:1405-0269-CES-31-00248.txt,"Producing water and energy from the food sector (bioenergy from biomass, green infrastructure for water)",Qualitative assessment by the author: only a small share of biomass potential is used and the water-for-food and water-for-energy dependencies make water the most vulnerable sector.,About 10% of biomass potential currently used for energy; not otherwise quantified.,"Requires technology investment and coordinated planning across the water, energy and agriculture authorities.","Integrated planning, shared infrastructure, and co-governance",modeled
Cansino-Loeza2020,2020,MX,"Sonora, northwestern Mexico (Sonoran Desert): Sonora, Yaqui and Mayo river basins, Hermosillo, Ciudad Obregón and the Yaqui Valley, five irrigation districts",4,local:sc0c04333.txt,Drip irrigation and domestic water savings to ease water availability,"Literature-based statement used to propose measures, not tested in the study.","Drip irrigation saves 10-15% of water relative to other irrigation types; agricultural efficiency is only 38% (p. 13740, 13743).",Requires renewing hydraulic infrastructure that currently relies on gravity and flood irrigation.,Water conservation and irrigation efficiency saving energy,modeled
Cansino-Loeza2020,2020,MX,"Sonora, northwestern Mexico (Sonoran Desert): Sonora, Yaqui and Mayo river basins, Hermosillo, Ciudad Obregón and the Yaqui Valley, five irrigation districts",4,local:sc0c04333.txt,Using the strong solar resource of the arid north to raise energy capacity and sustainability,Projection-based recommendation: renewable expansion under the climate law is expected to raise the energy sustainability indicator by 2030.,"Target of 40% of energy consumed from renewable sources by 2030 versus 5.3% renewables in final consumption now (p. 13743, Table 8).",Depends on investment in solar technologies and on the state meeting the General Law on Climate Change.,Renewable generation replacing thermal power or diesel,modeled
Lopez-Diaz2018,2018,MX,"Balsas River watershed, central-west Mexico (23 reaches), supplying biofuel markets in ten cities (Mexico City, Guadalajara, Puebla, León, Querétaro, Toluca, Morelia, Cuernavaca, Uruapan, Lázaro Cárdenas)",3,local:s10098-017-1395-0.txt,Using agricultural residues for biofuel while selling grains to the food sector,"Modeled design choice: residues feed the biorefineries and grains go to market, so biofuel and food production share the same fields.","Biofuel from residues of corn, wheat, sorghum, sugar cane and jatropha; not separately quantified (Table 5).",Holds where grain prices and residue yields are favorable; pessimistic economic conditions make biofuel unviable.,Agronomic adaptation and crop choice,modeled
Romero-Lankao2018,2018,Multi-NA,"Boulder (Colorado Front Range) and New York City, US; Mexico City with the Cutzamala and Lerma source basins; Accra, Ghana, as a non-North American comparator",4,local:1-s2.0-S1462901117304148-main.txt,Watershed protection and gravity-fed supply that reduce both water risk and pumping energy (New York),"Observed: the city manages land in its source watersheds and its water flows downhill from reservoirs without energy-intensive pumping, which mitigated water-energy risks in Sandy.",Not quantified.,Depends on long-term land and water management partnerships; the system was not designed for extreme storms and turbidity still exceeded limits.,"Integrated planning, shared infrastructure, and co-governance",observed
Romero-Lankao2018,2018,Multi-NA,"Boulder (Colorado Front Range) and New York City, US; Mexico City with the Cutzamala and Lerma source basins; Accra, Ghana, as a non-North American comparator",4,local:1-s2.0-S1462901117304148-main.txt,Redundant water treatment plants and emergency response (Boulder),"Observed: a secondary plant could shut down without losing supply, and staff kept the main plant running during and after the flood.",Not quantified.,"Relies on prior investment in redundancy, accessible back-up fuel and inventive staff.",Other or unclassified,observed
Cansino-Loeza2021,2021,MX,"Comarca Lagunera (La Laguna), northern Mexico: 16 municipalities (5 in Coahuila, 11 in Durango, including Torreón, Gómez Palacio and Lerdo), Lázaro Cárdenas and Francisco Zarco dams, 10 aquifers",3,local:1-s2.0-S0959652620352380-main.txt,"Wastewater treatment and reuse that reduce fresh water abstraction while supplying domestic, industrial and energy uses",Modeled: new treatment plants are selected in most municipalities in the multi-objective and minimum-water designs; the authors conclude that water reuse is crucial for nexus sustainability.,"Treatment plant capital 120-192 million US dollars; fresh water for the compromise design 1,448.4 hm3 a year (Table 2, Table 11).","Reuse in agriculture was not modeled; recycled water must meet quality standards to avoid eutrophication, salinization and pathogens.","Wastewater, stormwater, and recycled water supply",modeled
Cansino-Loeza2021,2021,MX,"Comarca Lagunera (La Laguna), northern Mexico: 16 municipalities (5 in Coahuila, 11 in Durango, including Torreón, Gómez Palacio and Lerdo), Lázaro Cárdenas and Francisco Zarco dams, 10 aquifers",3,local:1-s2.0-S0959652620352380-main.txt,Anaerobic digestion of cow manure to produce biogas and fertilizer in a livestock-intensive region,Modeled: digestion plants are chosen in every scenario to lower GHG and supply energy for power plants.,Capital cost 175.8 million US dollars in all scenarios; fertilizer sales 12.455 million US dollars (Table 2).,"Best where manure is concentrated, as in the dairy and beef sector of La Laguna.","Wastewater, stormwater, and recycled water supply",modeled
Steadman2025,2025,US,"US Gulf Coast states (Texas, Louisiana, Mississippi, Alabama, Florida) and Gulf waters, linked to the Permian Basin, the Ogallala Aquifer and the Mississippi River basin; no Mexican territory is analyzed",4,local:s41598-025-14099-5.txt,"Agrivoltaics adopted by ranchers, with loans conditioned on regenerative farming practices","Literature-based and proposed by the authors: agrivoltaics can benefit all three sectors, and low-interest loans tied to regenerative agriculture would add water and soil benefits; not evaluated.",Not quantified.,Needs funding opportunities such as zero- or low-interest loans and requirements for proper disposal and management practices.,"Solar co-location with farms, canals, reservoirs, and pumps",observed
Steadman2025,2025,US,"US Gulf Coast states (Texas, Louisiana, Mississippi, Alabama, Florida) and Gulf waters, linked to the Permian Basin, the Ogallala Aquifer and the Mississippi River basin; no Mexican territory is analyzed",4,local:s41598-025-14099-5.txt,Oyster population recovery that improves water quality and supports fishing,"Literature-based statement: oysters filter water and remove algae and nutrients, so recovery supports both the fishing industry and water quality.",Not quantified; the Deepwater Horizon spill is cited as having decimated oyster populations and this filtration service.,Depends on restoring water quality and limiting pollution from energy and nutrient sources.,Other or unclassified,observed
PenaTorres2024,2024,MX,"Sinaloa state, northwest Mexico (hydrological region covering 85% of the state; Culiacán, Mazatlán, Los Mochis; 8 aquifers, dams, 15 deep-well municipalities)",4,local:1-s2.0-S0098135423003435-main.txt,Domestic-waste gasification feeding power and reverse-osmosis desalination plants,"Modeled: gasification gas fuels power and desalination plants and, together with two new desalination plants, lowers power-generation emission intensity (printed as 6.1 to 0.02 t CO2e per kWh; the unit is implausible and is not used quantitatively).","Min-GHG system emissions 1,034,323 t CO2e vs 2,249,890,000 t CO2e in the profit-maximizing design",Holds only when emissions are the objective and the system accepts a net economic loss; rainwater and wastewater-treatment options were never selected.,Energy recovery and low-carbon supply options,modeled
Yadav2021,2021,US,"New Mexico (state and county scale): Rio Grande corridor, Elephant Butte Reservoir, Permian Basin (southeast), San Juan Basin (northwest), Chihuahuan Desert",5,local:fenvs-09-667018.txt,"Shift to low-water crops such as sorghum, and scenario-based crop and livestock portfolios",Cited as an effective strategy; not evaluated in this paper.,No magnitude reported.,Needs the resilience index and stakeholder-set weights to target the most vulnerable counties.,Agronomic adaptation and crop choice,modeled
SanchezZarco2020,2020,MX,"Nuevo León state, northeast Mexico (Monterrey Metropolitan Area, 13 municipalities); water imported from Tamaulipas",5,local:s10098-020-01964-2.txt,Drip irrigation plus residential demand reduction,"Modeled (trend and plan-based scenarios): water availability and import-based sustainability indices improve by 2030, though a gap remains.",Drip efficiency 30-60% (Regaber trials cite 30-60% savings versus sprinkler or flood irrigation) and a 10% residential cut.,"Needs capital investment, pressure control and reuse programs; food and energy indices are harder to improve by policy.",Water conservation and irrigation efficiency saving energy,modeled
SanchezZarco2020,2020,MX,"Nuevo León state, northeast Mexico (Monterrey Metropolitan Area, 13 municipalities); water imported from Tamaulipas",5,local:s10098-020-01964-2.txt,Wastewater treatment and reuse for agriculture and industry,Observed: nearly all supplied water in the metro area is treated and can be reused.,99% of metro-area supplied water treated,Requires continued infrastructure maintenance.,"Wastewater, stormwater, and recycled water supply",observed
SanchezZarco2023,2023,MX,"Nuevo León state, northeast Mexico (third-largest contributor to national GDP; migration destination); basins and municipalities not named in the main text",4,local:1-s2.0-S095965262301692X-main.txt,Wind generation replacing natural-gas turbogas and combined cycle,Modeled life-cycle result: lower damage to resources and human health.,"Footprint down 93%, resource damage down 99%",Only combined cycle and wind are modeled; assumes wind capacity can be added.,Renewable generation replacing thermal power or diesel,modeled
SanchezZarco2023,2023,MX,"Nuevo León state, northeast Mexico (third-largest contributor to national GDP; migration destination); basins and municipalities not named in the main text",4,local:1-s2.0-S095965262301692X-main.txt,"New local food production (hydroponic crops in canals, aquaculture, livestock carrying capacity)",Modeled: in scenario B new production supplies most consumed food while 61% of local production is exported.,85% of consumed food from new production,Requires capital investment; unconventional options were not subject to uncertainty analysis.,"Diets, local food, subsistence, and food-waste reduction",modeled
SanchezZarco2023,2023,MX,"Nuevo León state, northeast Mexico (third-largest contributor to national GDP; migration destination); basins and municipalities not named in the main text",4,local:1-s2.0-S095965262301692X-main.txt,Compromise scenario C,Modeled: improves nexus security and profit at small extra damage relative to the minimum-damage solution.,+126% nexus security and +21% profit for +3% damage,Within the 36-solution Pareto set.,Other or unclassified,modeled
FonsecaOrtiz2020,2020,MX,"Mexico (national, north-south contrasts); case study of an irrigated maize district in the Upper Lerma River basin over the Valley of Toluca Aquifer, State of Mexico",5,local:7 water energy food_capitulo.txt,Treated wastewater reuse for irrigation in the Upper Lerma basin,Case result (emergy): closes the water deficit and raises the renewable share of supply.,Deficit 61% to 0%; renewable share 74%; ESI x7.8,Depends on a nearby treatment plant (37 L/s) and willingness to bear higher monetary cost; subsidies omitted.,"Wastewater, stormwater, and recycled water supply",observed
Natcher2022a,2022,Arctic,"Northern Canada as defined by the Arctic Council: Yukon, Northwest Territories, Nunavut, Nunavik and Labrador",5,local:9781000464603.txt,"Shared infrastructure (roads, water and sewer lines, clean power) serving food, water and energy targets",Modeled (expert scoring): synergies dominate because targets share infrastructure and ecosystem-service benefits.,132 of 210 pairs score above +1; about 87% of pairs synergistic.,"Scores are binary counts that ignore magnitude, time lags and spatial variation; five jurisdictions are pooled.",Renewable generation replacing thermal power or diesel,modeled
Natcher2022a,2022,Arctic,"Northern Canada as defined by the Arctic Council: Yukon, Northwest Territories, Nunavut, Nunavik and Labrador",5,local:9781000464603.txt,Clean-power and water infrastructure that also lowers food costs,"Qualitative statement: one intervention can serve several targets, for example communities with new roads, water lines or clean power gain access to food, water and energy together.",No magnitude reported.,Needs integrated planning across silos and regional rather than national assessment.,"Integrated planning, shared infrastructure, and co-governance",observed
Cambou2022,2022,Arctic,"Canada (territorial and provincial North) and Alaska, with comparators in Russia (Sakha), Norway and Sweden",4,local:9781000464603.txt,Indigenous ownership of grid connection and local renewables,Observed case: Wataynikaneyap replaces diesel and unreliable supply while giving 22 First Nations ownership; FNPA set-asides and AVEC wind-diesel integration build local capacity.,More than 1 billion CAD of diesel avoided over 40 years; outages 14 per year on the old line vs 3 elsewhere.,"Needs capacity-building plans, federal and provincial funding (more than 800 million CAD) and land-claim equity regimes such as ANCSA (1971).",Renewable generation replacing thermal power or diesel,observed
Buhmann2022,2022,Arctic,"Muskrat Falls (lower Churchill River, Labrador), WAC Bennett Dam and Williston Reservoir and Site C (Peace River, British Columbia), T'Sou-ke First Nation, Haida Gwaii; Sápmi and Greenland comparators",4,local:9781000464603.txt,Small community-led renewables (T'Sou-ke solar; Haida Gwaii diesel reduction),Observed (qualitative): projects initiated and led by communities draw far less conflict than hydro megaprojects.,No magnitude reported.,Decision-making stays local; higher governments supply funding; meaningful participation is easier at small scale.,Renewable generation replacing thermal power or diesel,observed
Natcher2022b,2022,Arctic,"Northern Canada (Yukon, Northwest Territories, Nunavut, Nunavik, Labrador), with Iceland and northern Norway as comparators",4,local:9781000464603.txt,Geothermal- and hydro-powered greenhouses (Iceland) as a transferable energy-food model,Qualitative comparison with northern Canada; not evaluated for Canada.,No magnitude reported.,Needs cheap local renewable energy and supporting innovation hubs.,Renewable generation replacing thermal power or diesel,observed
Chambers2022,2022,Arctic,"Pan-Arctic (18 PAME large marine ecosystems) with North American content on the Bering, Chukchi and Beaufort seas (Alaska), the Mackenzie River (NWT), British Columbia and Atlantic Canada",3,local:9781000464603.txt,Joint science program under the Central Arctic Ocean Fisheries Agreement that includes Indigenous and local knowledge,"Policy design (agreement signed 2018, ratified by Canada, the EU, Russia and the US by August 2019); no outcome data.",No magnitude reported.,Depends on ratification and on giving Indigenous peoples equal decision-making power.,"Integrated planning, shared infrastructure, and co-governance",observed
Pasch2022,2022,Arctic,"Arviat (Kivalliq, Nunavut); Hughes and Huslia (Tanana Chiefs Conference region, interior Alaska); Fairbanks",2,local:9781000464603.txt,"Shared roads, fiber and electricity corridors lowering fossil-fuel reliance and food costs",Proposed in a 2018 Nunavut Premier statement; no outcome data.,No magnitude reported.,Requires large infrastructure investment (for example an 80 million fiber link and federal funding up to 2 billion CAD).,"Integrated planning, shared infrastructure, and co-governance",observed
Madani2026,2026,Arctic,"Circumpolar Arctic with named North American sites: Alaska (Shaktoolik, Selawik, Kobuk, Kaktovik; statewide freshwater export proposals), Canada (Nunavik, Iqaluit, Northern Canada), and the contiguous US as the demand-side driver of Alaskan water export ideas",4,local:978-3-032-24934-0.txt,"Cross-sector harmonization, reflexive law and the UNECE (2015) WEFE nexus assessment methodology in transboundary basins",Proposed integration tools; no implementation evidence.,No magnitude reported.,"Needs joint bodies or councils and Indigenous co-governance; neither the US nor Canada is a party to the UN Watercourses Convention or the UNECE Water Convention (evidence-note background knowledge, verify).","Integrated planning, shared infrastructure, and co-governance",observed
Waskom2014,2014,US,"Conterminous United States, weighted to the West (Colorado River Basin, California, Colorado, Nevada, Arizona, Texas, Wyoming, Nebraska), with Catawba-Wateree (North and South Carolina) and the US-Canada Columbia River",5,local:CWC_IS116.txt,Recycled water as a low-energy supply for non-potable uses,Observed (secondary data): recycling is the least energy-intensive new source in California and EPA estimates net energy savings versus potable supply for non-potable uses.,"Net savings 3,000-5,000 kWh/MG (EPA); recycling up to 1,130 kWh/AF.",Needs distribution pumping and treatment matched to end use; the US reuses only about 7-8% of effluent.,"Wastewater, stormwater, and recycled water supply",observed
Waskom2014,2014,US,"Conterminous United States, weighted to the West (Colorado River Basin, California, Colorado, Nevada, Arizona, Texas, Wyoming, Nebraska), with Catawba-Wateree (North and South Carolina) and the US-Canada Columbia River",5,local:CWC_IS116.txt,Co-locating wind turbines with cattle grazing,Qualitative statement in the Workshop report (large solar co-located with crops is harder).,No magnitude reported.,Land tenure and siting permitting.,Renewable generation replacing thermal power or diesel,observed
Cohen2014,2014,US,"Lower Colorado River Basin: Imperial Valley and San Diego (IID-SDCWA transfer), Palo Verde Valley and Yuma Mesa, Las Vegas Valley and Lake Mead (SNWA), Navajo Generating Station and the Central Arizona Project, Salton Sea",5,local:CWC_IS116.txt,Colorado River supply replacing State Water Project water for San Diego,Calculation in the case: lower conveyance energy per AF.,"About 1,200 kWh/AF saved (3,100 minus 1,900).",Only if the transfer displaces rather than adds to existing supply.,Other or unclassified,modeled
Cohen2014,2014,US,"Lower Colorado River Basin: Imperial Valley and San Diego (IID-SDCWA transfer), Palo Verde Valley and Yuma Mesa, Las Vegas Valley and Lake Mead (SNWA), Navajo Generating Station and the Central Arizona Project, Salton Sea",5,local:CWC_IS116.txt,Negotiated Better-than-BART plan for Navajo Generating Station,"Observed (agreement): breaks the link among energy, water, climate and money by retiring a unit, cutting CO2 and mitigating water-cost impacts.",One unit (or equivalent) retired in 2020; CO2 cut 3% per year for the Interior Department's share.,"Needed leadership at Reclamation and agreement among CAP, Gila River Indian Community, Navajo Nation, Salt River Project, EDF, DOI and Western Resource Advocates.","Groundwater caps, water markets, and allocation instruments",observed
Cohen2014,2014,US,"Lower Colorado River Basin: Imperial Valley and San Diego (IID-SDCWA transfer), Palo Verde Valley and Yuma Mesa, Las Vegas Valley and Lake Mead (SNWA), Navajo Generating Station and the Central Arizona Project, Salton Sea",5,local:CWC_IS116.txt,"Willing-seller, willing-buyer acquisition with the water left in Lake Mead (SNWA)",Observed (practitioner report): urban supply gained from agricultural rights while food impacts are claimed minimal and the water supports Lake Mead.,"About 31,000 AF per year owned or leased (15,000 + 5,000 + 11,000, computed).","Prior appropriation safeguards, Nevada law change for Intentionally Created Surplus, monitoring network.","Groundwater caps, water markets, and allocation instruments",observed
MacDonnell2014,2014,US,"Powder River Basin (Wyoming) coalbed methane with Colorado and New Mexico; The Geysers geothermal field (Sonoma and Lake counties, California); Colorado Front Range and South Platte (Xcel Energy); Austin, Texas; US national energy-water analyses",4,local:CWC_IS116.txt,Municipal wastewater injection to sustain geothermal power while freeing water for vineyards,Observed (practitioner report): two pipelines raised power output and improved local water quality.,+170 MW (70 + 100) from 20 mgd of effluent.,Requires long pipelines and effluent not needed for in-stream uses.,"Wastewater, stormwater, and recycled water supply",observed
MacDonnell2014,2014,US,"Powder River Basin (Wyoming) coalbed methane with Colorado and New Mexico; The Geysers geothermal field (Sonoma and Lake counties, California); Colorado Front Range and South Platte (Xcel Energy); Austin, Texas; US national energy-water analyses",4,local:CWC_IS116.txt,Agriculture-energy water partnerships (Xcel Energy) and integrated utilities (Austin),"Observed (practitioner report): water right stays with the farm, payments are affordable to the utility, and trades of utility water for municipal water cut treatment and capital costs for both; Austin's co-owned utilities share metrics and supply reclaimed water to power plants.",Austin: 700 MW conserved; water utility GHG down 85%.,"Natural nexus partnerships based on location, water quality or drought; flexible supply and diversity.","Integrated planning, shared infrastructure, and co-governance",observed
Lineberger2014,2014,US,Catawba-Wateree River Basin (North and South Carolina); Columbia River Basin (US-Canada treaty); California Bay-Delta (CALFED); Upper Mississippi inland waterways and Great Lakes (Boundary Waters Treaty and International Joint Commission),4,local:CWC_IS116.txt,Facilitated relicensing and shared basin governance (Catawba-Wateree),"Observed (utility report): cooperation through a 70-party agreement, a drought management advisory group and a water management group produced a basin-wide plan.",Water yield extended by 200+ mgd (50 years).,"A catalyst (relicensing, drought, litigation), a trusted facilitator and 'shared resource equals shared responsibility'.","Integrated planning, shared infrastructure, and co-governance",observed
Lineberger2014,2014,US,Catawba-Wateree River Basin (North and South Carolina); Columbia River Basin (US-Canada treaty); California Bay-Delta (CALFED); Upper Mississippi inland waterways and Great Lakes (Boundary Waters Treaty and International Joint Commission),4,local:CWC_IS116.txt,Coordinated treaty operation across the border (Columbia River),"Observed (practitioner report): Canada released stored water for US endangered-species needs, described as a win-win; public and private hydro owners coordinate as if one utility.","1,000,000 AF stored for fish needs.","Clear plans, dispute resolution and shared data and models.","Integrated planning, shared infrastructure, and co-governance",observed
Holzfaster2014,2014,US,US corn sector (Field to Market national indicators) with a Nebraska farmer perspective; Nebraska Water Balance Alliance (NEWBA) demonstrations; Coca-Cola North America corn and high-fructose corn syrup supply chain,4,local:CWC_IS116.txt,"Conservation tillage, precision agriculture and better hybrids reducing water, energy, land and GHG per bushel","Observed (Field to Market national indicators, 1980-2011).","Per bushel: irrigation water -53%, energy -43%, GHG -36%, land -30%, soil loss -67% (slide values read as reductions).",Voluntary industry-wide metrics; most corn is rainfed and irrigated corn is under 15% of acres.,Agronomic adaptation and crop choice,observed
Holzfaster2014,2014,US,US corn sector (Field to Market national indicators) with a Nebraska farmer perspective; Nebraska Water Balance Alliance (NEWBA) demonstrations; Coca-Cola North America corn and high-fructose corn syrup supply chain,4,local:CWC_IS116.txt,"Electric cooperative, vendor and grower cost sharing for irrigation and pumping efficiency (NEWBA)",Observed (practitioner report): real-life demonstrations and peer-to-peer sharing shorten adoption.,No savings magnitude reported.,"Local weather and real-time data, telemetry compatible with meters, grower concerns addressed.","Groundwater caps, water markets, and allocation instruments",observed
FernandezGuajardo2020,2020,US,"Hood River basin, north-central Oregon (Farmers, Middle Fork and East Fork Irrigation Districts; Mt. Hood glacial headwaters; Columbia River tributary)",5,local:FernandezPatriciaT2020.txt,"In-conduit hydropower revenue financing piping, fish screens and restoration (win-win-win)","Observed (district records and interviews): hydro revenue paid debt and provided grant match, enabling piping, screens and instream flows.",About 45 million USD hydro revenue per district over 30 years; over 30 million USD invested by FID by 2011.,"Needs year-round hydro water rights, PURPA power purchase agreements, favorable permitting and risk-taking leadership; harder for districts without winter rights or reservoirs.",Conduit hydropower and irrigation piping,observed
FernandezGuajardo2020,2020,US,"Hood River basin, north-central Oregon (Farmers, Middle Fork and East Fork Irrigation Districts; Mt. Hood glacial headwaters; Columbia River tributary)",5,local:FernandezPatriciaT2020.txt,Pressurized piping removing on-farm pumps and canal losses,"Observed: gravity-pressurized pipe cut FID's pump energy by about 1.5 million kWh/yr, ended about 50% conveyance losses and enabled micro-sprinklers and drip.","Pump savings rate 73.1% (weighted); FID water use 27,000 to 13,000 ac-ft/yr.","Sufficient elevation drop (FID 2,250 ft to 180 ft) and capital.",Conduit hydropower and irrigation piping,observed
FernandezGuajardo2020,2020,US,"Hood River basin, north-central Oregon (Farmers, Middle Fork and East Fork Irrigation Districts; Mt. Hood glacial headwaters; Columbia River tributary)",5,local:FernandezPatriciaT2020.txt,Horizontal Farmers Screen,"Observed: restores diversions quickly after floods, passes fish without injury and raises hydro reliability.",O&M down 95%; about 50 screens installed in six western states by 2020.,NMFS approval (2011); FID licensed the patent to a nonprofit.,Conduit hydropower and irrigation piping,observed
FernandezGuajardo2020,2020,US,"Hood River basin, north-central Oregon (Farmers, Middle Fork and East Fork Irrigation Districts; Mt. Hood glacial headwaters; Columbia River tributary)",5,local:FernandezPatriciaT2020.txt,Allocation of Conserved Water Program,Observed (state policy): shares conserved water between instream rights and the applicant.,"25% to the state, 75% to the applicant (state share equals public non-repayable funding share if over 25%).",Applicant gets at least 25% unless it chooses less; environmental NGOs support projects only if they use the program.,"Groundwater caps, water markets, and allocation instruments",observed
Wu2025,2025,CA,"Peace River Basin, Canada (transboundary river system; hydropower, cropland and livestock)",5,online,shifting reservoir release toward the open-water season,modeled,+8.5% downstream flow with annual hydropower generation unchanged,higher ratio of open-water to freeze-up release,"Groundwater caps, water markets, and allocation instruments",modeled
RossHopley2025,2025,CA,Large irrigation projects in Saskatchewan (grid supply by SaskPower),4,online,hybrid renewable-plus-grid power for irrigation pumping,modeled,$0.0154/kWh vs $0.1429/kWh grid baseline,grid connection retained and favorable rates for grid interaction,Renewable generation replacing thermal power or diesel,modeled
Dolter2022,2022,CA,"Site C hydroelectric project, Peace River, British Columbia (BC and Alberta electricity systems)",4,online,BC-Alberta inter-provincial transmission combined with deep decarbonization,modeled,the only scenarios in which Site C value exceeds the avoidable cost of cancellation,additional transmission capacity and 100% decarbonized BC and Alberta systems,Other or unclassified,modeled
Younis2025,2025,CA,"Canada, provinces and river basins, projections to 2050",5,online,net-zero climate policies lowering the growth of crop virtual-water exports,modeled,virtual water exports still rise in all scenarios but by less under decarbonization,global decarbonization scenarios; effects differ by province,Other or unclassified,modeled
Huntington2021,2021,Arctic,"Rural Alaska communities in a renewable-energy project (companion framework paper covers Cordova, Kongiganak and Igiugig)",5,online,"renewable energy projects improving food, energy and water security together in rural Alaska communities",observed (project-based qualitative analysis),not quantified in the abstract,outcomes depend on transportation and governance,Renewable generation replacing thermal power or diesel,observed
Schwoerer2020,2020,Arctic,Nine Arctic and Subarctic Indigenous communities (the abstract does not name them; Alaska inferred from author affiliations and keywords),4,online,strong traditional wild-food specialization associated with lower energy use per harvest,observed (model-based association),not quantified in the abstract,communities with strong traditional wild-food production and specialization,Other or unclassified,observed
Sambor2023,2023,Arctic,"Kluane Lake Research Station, Yukon Territory",4,online,flexible food (controlled-environment growing) and water loads managed with solar PV and battery storage,modeled,diesel generation cut by up to 100% in June and about 31% year-round,optimized generator dispatch and battery management; winter solar remains limited,"Solar co-location with farms, canals, reservoirs, and pumps",modeled
Schwartz2021,2021,CA,"91 First Nations south of the 60th parallel across 11 ecozones (1,516 households)",4,online,flushing taps before use as a low-cost control on lead exposure,observed (paired first-draw and flushed samples),lead MAC exceedance falls from 8.4% to 0.7% of households,interim measure only; does not fix the source (service lines or plumbing),Other or unclassified,observed
FloresVillarreal2025,2025,MX,"Linares and Hualahuises municipalities, Citrícola Sur aquifer, Nuevo León (Río Bravo hydrological-administrative region VI)",5,online,cap the subsidized quota by the granted water volume and use kWh/m3 extraction potential to flag services for inspection,"proposed, not implemented: quota = 438 + min(HP x 4,901.22, c x V^(a+1)); services with high hypothetical extraction potential relative to granted volume may be over-pumping (Methodology p. 407; Results p. 410)",savings not quantified for the 195 services,"needs volumetric meter records, curves by region and irrigation system, and enforcement of the National Waters Law and the Energy Law for the Countryside","Groundwater caps, water markets, and allocation instruments",modeled
Knappett2022,2022,MX,"Independence Basin (upper Río Laja), Guanajuato, central Mexico (Bajío)",5,online,decreasing pumping combined with centralized reverse-osmosis drinking-water treatment,modeled: highest relative NPV scenarios,"RO with constant pumping +11.55 x 10^9 USD vs base, gain larger with decreasing pumping","requires public investment in treatment (2 kWh/m3) and a crop shift toward high-value, low-water crops (e.g., broccoli, 1.51 USD/m3)",Agronomic adaptation and crop choice,modeled
GaitanRossi2025,2025,MX,"Monterrey Metropolitan Area, Nuevo León",4,online,cross-sector reallocation: industries ceded part of concessioned well rights to the human-consumption supply during the emergency,"observed: agreement between private companies and the federal government (full text, Findings, Implementation outcomes, Adoption)",volume not reported,needs a federal emergency framework and voluntary participation of concession holders,"Groundwater caps, water markets, and allocation instruments",observed
OchoaNoriega2022,2022,MX,"Costa de Hermosillo, Sonora",3,online,"consensus-based sustainable water-management measures agreed by farmers, policymakers and researchers",qualitative stakeholder consultation (abstract),not quantified,requires reconciling conflicting stakeholder interests and use of alternative water sources,"Integrated planning, shared infrastructure, and co-governance",observed
Guevara2025,2025,MX,"Xochimilco chinampa farming zone, Mexico City",3,online,agrivoltaic-powered electric pumping replacing fossil-fuel pumps,modeled techno-economic comparison,"60-70% lower operating cost; NPV 8,900 USD per system; 12.6 tCO2e per year avoided",policy support and subsidies for the water-treatment option; farm-specific costs and fuel prices,"Solar co-location with farms, canals, reservoirs, and pumps",modeled
Espira2024,2024,MX,"Mezquital Valley irrigation canals, Hidalgo (wastewater from Mexico City)",3,online,wastewater treatment before irrigation reuse,observed: lower predicted bacterial infection risk after treatment,RR 0.73 (95% CI 0.61-0.87) for bacteria,benefit is lost by recontamination downstream and treatment did not reduce Giardia or viral risk,"Wastewater, stormwater, and recycled water supply",observed
SEMARNAT2026,2026,MX,Mexico (national water program 2026-2030; reference year 2023-2024 data),5,online,energy efficiency and renewable energy in water and sanitation utilities (CONAGUA with CFE),line of action 2.2.3 (p. 36),no target stated,limited to urban water services; agricultural pumping and its electricity subsidy are not addressed,Renewable generation replacing thermal power or diesel,observed
Huizar2024,2024,Transboundary,"Lower Colorado River Basin (Arizona, California, Nevada) and Mexico; Lake Mead and Lake Powell hydropower",4,online,DCP shortage rules that hold higher reservoir elevations,modeled,+400-600 GWh/yr; median +100 million USD present value vs 2007 Interim Guidelines,depends on the climate scenario (range about +/-1 billion USD),Other or unclassified,modeled
CER2024,2024,Multi-NA,"Quebec, Ontario, Manitoba and British Columbia; interties with the US Northeast, Midcontinent and Pacific Northwest",4,online,flexible reservoir hydro used to import cheaper off-peak US power and conserve water,observed: B.C. conserves reservoir water for high-demand periods and imports at lower prices (Recent Electricity Price Trends),B.C. imported 16.8 TWh in 2023,depends on intertie capacity and Pacific Northwest market prices,Water conservation and irrigation efficiency saving energy,observed
Richter2025,2025,Transboundary,"Rio Grande-Bravo basin (14 sub-basins: Colorado, New Mexico, Pecos, Rio Conchos, Lower Valley), 2000-2024",5,online,urban conservation while cities grow,observed: Albuquerque population +40% with water use -17%; El Paso population +36% with water use -6% (sect. 4),"cities are only 7% of direct consumption, so savings are limited",most savings must come from irrigated agriculture,Water conservation and irrigation efficiency saving energy,observed
LoeraAlonso2026,2026,Transboundary,"Colorado River Basin (US Lower Basin and Mexico, Mexicali Valley and Baja California users)",5,online,"proportional, parity-based shortage sharing with recoverable savings and a Mexican Water Reserve","IBWC releases: reductions when Lake Mead is projected at or below 328 m (1,075 ft), recoverable savings at or below 332 m (1,090 ft), and Minute 334 keeps Mexico's option to defer deliveries into its Water Reserve","2026: reduction of 62 million m3 (50,000 acre-feet) plus 37 million m3 (30,000 acre-feet) recoverable contribution under Minute 323 (IBWC)","binational trust, joint fact-finding and elevation-triggered rules","Groundwater caps, water markets, and allocation instruments",modeled
Gronewold2024,2024,Transboundary,"Colorado River, Rio Grande and Great Lakes-St. Lawrence basins (US, Mexico, Canada)",4,online,"collaborative, mutually beneficial negotiation behind the Great Lakes Compact","authors argue it distinguishes the Compact from legalistic, top-down frameworks",not quantified,regional political stability and carefully constructed compact language,"Integrated planning, shared infrastructure, and co-governance",observed
Zhang2021,2021,Transboundary,"Columbia River Basin (US Pacific Northwest and British Columbia, Canada)",4,online,common cross-sector metrics plus adaptive interagency management,workshop consensus of regional agencies (abstract),not quantified,needs the support of local residents in both countries,Other or unclassified,observed
Stern2024,2024,Transboundary,"Columbia River Basin; Canadian storage dams (Mica, Hugh Keenleyside/Arrow Lakes, Duncan) and Libby Dam, Montana",5,online,flood-risk storage traded for downstream hydropower benefits,"observed benefit sharing since 1964, modernized by the 2024 agreement in principle","19,119 million m3 (15.5 MAF) of storage; 4,441 million m3 (3.6 MAF) preplanned flood storage for 37.6 million USD/yr","continued coordinated operation, US payments and salmon flow commitments (1.0 MAF/yr plus 0.5 MAF in dry years)",Energy recovery and low-carbon supply options,observed
Mieno2024,2024,US,"High Plains (Ogallala) Aquifer region, central United States; county-level corn and soybean data over 30+ years",4,online,preserving aquifer storage as a drought buffer for food production,observed (thick-aquifer counties keep irrigated area and yield under severe deficit),89% vs 70% irrigated corn share; 1.31 t/ha yield advantage at extreme deficit,strongest for water-demanding corn; soybean effect smaller; depends on well capacity and pumping cost,Energy recovery and low-carbon supply options,observed
Liu2022,2022,US,"California Central Valley (Sacramento, San Joaquin and Tulare basins)",4,online,conjunctive use: large surface-water deliveries in wet years allow groundwater recharge,observed (storage gains in 2003-2007 with allocations above 60%; about 5 km3 recharge in 2016 when deliveries peaked),"recharge phases of 9.9 km3 (2003-2006), 29.6 km3 (early 2011) and 26.6 km3 (Oct 2018-Aug 2019)",requires wet-year surface supplies and recharge capacity; does not offset multi-year drought losses,"Groundwater caps, water markets, and allocation instruments",observed
McCarthy2020,2020,US,Kansas portion of the High Plains Aquifer,5,online,low-pressure irrigation technology (LEPA) lowers energy and GHG per unit pumped,observed,"-19.2% energy, -15.2% GHG",net benefit holds only if total pumping is reduced or capped; otherwise rising lift offsets savings,Energy recovery and low-carbon supply options,observed
Driscoll2024,2024,US,"Contiguous United States, county level; High Plains Aquifer, Colorado River Basin and California discussed",5,online,pump electrification combined with grid decarbonization (and solar pumping),modeled scenarios to 2050,-70% pumping emissions (-86% with extended tax credits) and -29.9% pumping energy demand,"grid connectivity (about 8% of 2018 non-electric fuel use would remain unelectrified), continued federal tax credits, and falling grid emission factors","Solar co-location with farms, canals, reservoirs, and pumps",modeled
Deines2019,2019,US,"Kansas High Plains Aquifer, earliest Local Enhanced Management Area (northwestern Kansas)",5,online,"locally designed, enforceable five-year allocations with state oversight",observed,31% less water over five years without large losses of irrigated area,cooperative irrigator governance with regulatory oversight; efficiency gains can be eroded if total pumping is not capped (cf. McCarthy 2020),"Groundwater caps, water markets, and allocation instruments",observed
BarronGafford2019,2019,US,"Tucson, Arizona (University of Arizona Biosphere 2 field experiment)",5,online,agrivoltaics (crops under raised PV) in drylands,observed field experiment,"fruit 3x (chiltepin) and 2x (tomato), equal fruit with 65% less transpiration (jalapeno); soil moisture +5-15%; panels 8.9 C cooler; +1% annual PV output",hot desert climate; heat-sensitive or shade-tolerant crops; raised panels (3.3 m at lowest edge); drip irrigation,"Solar co-location with farms, canals, reservoirs, and pumps",observed
Stid2025,2025,US,"California Central Valley (925 solar PV arrays on former farmland, 2008-2018)",5,online,"replacing irrigated feed, silage and biofuel cropland with solar PV in water-stressed basins",modeled,large irrigation-water offsets with low nutritional loss for low-calorie-conversion crops,net metering (NEM 1.0 and 2.0) or land-lease income; NEM capacity limits (<1 MWp) and on-farm load sizing,"Solar co-location with farms, canals, reservoirs, and pumps",modeled
Skinner2025,2025,US,Conterminous United States and its hydrologic regions (freshwater-using utility-scale thermoelectric plants),5,online,retirement of once-through-cooled coal plants,observed trends,largest withdrawal and consumption declines in the Great Lakes and Ohio regions,replacement by technologies that use little or no cooling water; plants near streamflow limits remain a risk,Other or unclassified,observed
Chi2024,2024,US,"Continental United States; coal-to-gas retrofits 2013-2022 (17 plant replacements, 167 boiler conversions at 85 plants)",5,online,"replacing coal plants with NGCC cuts cooling-water withdrawal, discharge and carbon together",observed,"withdrawal -152 to -204 m3/MWh, discharge -116 m3/MWh, carbon -0.54 t/MWh",full plant replacement; no benefit from boiler conversion,Other or unclassified,observed
Qiu2023,2023,US,"Western United States (California, Northwest and Southwest electricity regions), 2001-2021",5,online,emission controls (scrubbers) at plants dispatched during drought,observed,one Washington plant's drought-induced PM2.5 damage fell 90% after scrubbers were installed in 2002,"plants near population centers; does not address CO2, which dominates recent damages",Other or unclassified,observed
Turner2024,2024,US,"Conterminous United States; 610 hydropower plants above 5 MW (Pacific Northwest, California, Colorado River Basin, Southeast, Northeast)",4,online,capacity upgrades at existing plants,observed,cut the fleetwide net loss from 23% to 13%,upgrades at 342 plants still left about 70% of plants with lower generation,Other or unclassified,observed
Scanlon2022,2022,US,"Permian Basin, west Texas and southeastern New Mexico (Delaware and Midland sub-basins)",4,online,reuse of produced water for hydraulic fracturing and for other sectors,"proposed (assessment of options, not a measured outcome)",not quantified in the abstract; produced water exceeds HF needs in the Delaware Basin,"treatment, disposal capacity, regulation and better data on produced water quality","Wastewater, stormwater, and recycled water supply",observed
Siddik2021,2021,US,"Conterminous United States, 2,110 subbasins (8-digit HUC); data center operations in 2018",5,online,siting new data centers in subbasins with low water scarcity and low-carbon electricity,modeled,-153 x 10^6 m3 US-eq (-90%) scarcity footprint and -2.34 x 10^6 t CO2e (-55%) vs business-as-usual expansion,such sites are rare; grid mix and water stress vary by subbasin,"Integrated planning, shared infrastructure, and co-governance",modeled
Xiao2025,2025,US,"United States, state-level allocation of AI servers (balancing-area grid water and carbon factors), 2024-2030",5,online,"combined efficiency, siting and grid-decarbonization practices",modeled scenarios,residual emissions -73% and water footprint -86% by 2030,constrained by energy infrastructure limits; relies on clean-energy potential of Midwestern states and coordination between companies and regulators,Water conservation and irrigation efficiency saving energy,modeled
Shehabi2024,2024,US,"United States; data centers by type (internal, colocation, hyperscale) and county-level grid water and emission factors",5,online,shift from internal to hyperscale and colocation facilities,modeled,internal data centers' share of direct water fell from 64% (2014) to 12% (2023) and PUE fell from 1.6 to 1.4,large operators with efficient cooling; gains are offset by AI-driven load growth,Water conservation and irrigation efficiency saving energy,modeled
Maguire2024,2024,US,"Rural areas of the contiguous United States (Midwest, Plains and West regions), solar and wind sites 2009-2020",4,online,wind turbines co-existing with cropland and grazing,observed,99% of wind sites on cropland and 92% on pasture-range stayed in the same land-cover class,small direct turbine footprint,Renewable generation replacing thermal power or diesel,observed
Perrone2023,2023,US,California; 108 Groundwater Sustainability Plans under the Sustainable Groundwater Management Act (SGMA),4,online,integrating diverse stakeholders into sustainability planning,observed associations across 108 plans,domestic well protection 25.9% to 46.6%; ecosystem protection 6.3% to 18.7%,strongest for groups that lack formal decision-making access; no significant effect for agriculture,"Integrated planning, shared infrastructure, and co-governance",observed
OrdunaAlegria2024,2024,US,"Sheridan 6 (SD-6) Local Enhanced Management Area, northwest Kansas, High Plains Aquifer (255 km2)",5,online,"water, energy and input savings from irrigation efficiency and crop switching under an enforceable multi-year cap",observed,water use -25%; energy expenses -US$2.85 million and total farm expenditures -45%; cash flow +33% for corn producers,"metering, public hearings, flexible five-year allocation, state enforcement, and federal crop-insurance accommodation (limited-irrigation agreement)","Groundwater caps, water markets, and allocation instruments",observed
