key,year,na_scope,places,relevance,source,between,evidence,magnitude,type,status
Natcher2025,2025,Arctic,"Alaska (five regions); northern Canada (Yukon, Northwest Territories, Nunavut, Nunavik, Labrador); Yukon River Basin (Alaska-Yukon-British Columbia); Iqaluit, Nunavut; Nordic Arctic comparators (Iceland, Norway, Sweden, Finland)",5,"local:Sustainable Development Goals In The Arctic_ The Nexus Between Water, Energy and Food Security.txt",Yukon River salmon conservation (7-year moratorium on subsistence harvest) vs Indigenous subsistence food security and rights,"Observed: Alaska Natives and Yukon First Nations oppose the US-Canada pact because transboundary decisions were made without adequate consultation (Part 8, p. 80); partial coordination by the Yukon River Panel and the Yukon River Inter-Tribal Watershed Council was judged insufficient.",7-year harvest moratorium; no food-loss estimate given,"Remote and northern energy, freight, and country food",observed
Natcher2025,2025,Arctic,"Alaska (five regions); northern Canada (Yukon, Northwest Territories, Nunavut, Nunavik, Labrador); Yukon River Basin (Alaska-Yukon-British Columbia); Iqaluit, Nunavut; Nordic Arctic comparators (Iceland, Norway, Sweden, Finland)",5,"local:Sustainable Development Goals In The Arctic_ The Nexus Between Water, Energy and Food Security.txt","Oil, gas and mineral development vs watershed protection and Indigenous resource use (Peel Watershed, Yukon)","Observed: the 2011 Planning Commission plan protected 80% and opened 20%; the Yukon Government unilaterally revised it to 71% open and 29% protected; First Nations governments and NGOs litigated and the Supreme Court supported the First Nations' appeal (Part 8, pp. 81-82).",Protected share 80% (Commission) vs 29% (Government revision),"Biofuels, bioenergy, and land for energy",observed
Natcher2025,2025,Arctic,"Alaska (five regions); northern Canada (Yukon, Northwest Territories, Nunavut, Nunavik, Labrador); Yukon River Basin (Alaska-Yukon-British Columbia); Iqaluit, Nunavut; Nordic Arctic comparators (Iceland, Norway, Sweden, Finland)",5,"local:Sustainable Development Goals In The Arctic_ The Nexus Between Water, Energy and Food Security.txt","Fiscal prudence vs public-health investment in water and sanitation infrastructure (Alaska, northern Canada)","Observed outcome, contested attribution: Alaska and northern Canada have not matched Nordic public investment in WEF services, which some authors attribute to prioritizing economic prudence over health and equity; poor water services are linked to hepatitis A and B and respiratory illness (Part 1, p. 19; Part 2, p. 29).",58% of Alaska communities with piped water and wastewater; 5.7 L per person per day without piped water,"Remote and northern energy, freight, and country food",observed
Natcher2025,2025,Arctic,"Alaska (five regions); northern Canada (Yukon, Northwest Territories, Nunavut, Nunavik, Labrador); Yukon River Basin (Alaska-Yukon-British Columbia); Iqaluit, Nunavut; Nordic Arctic comparators (Iceland, Norway, Sweden, Finland)",5,"local:Sustainable Development Goals In The Arctic_ The Nexus Between Water, Energy and Food Security.txt",Green-energy transition vs Indigenous territorial claims (Norwegian court cases; non-North American example flagged by the authors as a risk for the Arctic),"Qualitative: national energy policies that advance green transitions could disrupt Indigenous economies, and court findings for Indigenous territorial claims, as in Norway, could curtail renewable development (Part 1, p. 21).",Not quantified,"Remote and northern energy, freight, and country food",modeled
Tabatabaie2021,2021,US,"Umatilla and Morrow counties, northeastern Oregon (Columbia River Basin)",4,local:1-s2.0-S0921344920305826-main.txt,Cost-optimal vs warming-optimal electricity supply (hydropower vs wind),"Modeled: the optimization chooses more hydropower to minimize cost (abundant, cheap hydro) but more wind to minimize global warming potential; wind and solar need capital that is not always available (sect. 3.4, p. 11).",Direction only; optimal shares reported in Appendix G (not in text),Hydropower and reservoir operation vs other water uses,modeled
Tabatabaie2021,2021,US,"Umatilla and Morrow counties, northeastern Oregon (Columbia River Basin)",4,local:1-s2.0-S0921344920305826-main.txt,Switching from groundwater to surface water vs seasonal availability,"Modeled and qualitative: surface water is cheaper and lower in warming potential, but streamflow and hydropower peak in late winter and spring and fall in summer, and switching crops or water sources is a long-term decision that is not feasible short term (sect. 3.3).",Groundwater 0.7 MJ/m3 vs surface water 0.3 MJ/m3,"Groundwater pumping, energy prices, and aquifer storage",modeled
Tabatabaie2021,2021,US,"Umatilla and Morrow counties, northeastern Oregon (Columbia River Basin)",4,local:1-s2.0-S0921344920305826-main.txt,Water-intensive alfalfa production vs drought resilience,"Modeled recommendation: during drought reduce alfalfa area and import alfalfa to offset the water shortage (sect. 3.3, p. 10).",Alfalfa 0.9 m3/kg and 2.62 MJ/kg; area reduction not quantified,"Irrigated agriculture vs water allocation, income, and ecosystems",modeled
Tabatabaie2021,2021,US,"Umatilla and Morrow counties, northeastern Oregon (Columbia River Basin)",4,local:1-s2.0-S0921344920305826-main.txt,Electricity price vs crop choice and farm income,Qualitative: if electricity gets expensive farmers cannot afford irrigation and revert to low-profit rain-fed crops; if cheap they pump more and grow potatoes and onions (p. 14).,Not quantified,"Irrigated agriculture vs water allocation, income, and ecosystems",modeled
Benson2017,2017,Global-with-NA,"Global review with US state and agency examples (California, Arizona, Nevada, Texas, Great Lakes states, Chesapeake Bay)",3,local:Water-Energy-Food Nexus - 2017 - Salam - Governing for the Nexus.txt,Water allocation to power generation vs other water uses (regulatory gatekeeping),"Observed regulation (outcomes not evaluated): Arizona requires legislative approval, and Nevada state-engineer approval, for water used to generate electricity, especially for export; the authors attribute state action to 'problem severity' (Berry and Berry 2014).",Not quantified,"Rights, equity, revenue, and governance",observed
Benson2017,2017,Global-with-NA,"Global review with US state and agency examples (California, Arizona, Nevada, Texas, Great Lakes states, Chesapeake Bay)",3,local:Water-Energy-Food Nexus - 2017 - Salam - Governing for the Nexus.txt,Agricultural water suppliers' compliance costs vs access to state funds (California SB X7-7),Observed regulatory design: suppliers that do not prepare water management plans and adopt pricing and efficiency measures become ineligible for state water grants and loans.,Not quantified,"Irrigated agriculture vs water allocation, income, and ecosystems",observed
Roy2025,2025,US,"Deep South USA: Alabama, Arkansas, Louisiana, Mississippi, Tennessee (plus global country map)",3,local:1-s2.0-S2589915525000069-main.txt,Agricultural productivity and irrigation expansion vs groundwater depletion and water footprint (Arkansas),"Index-based, observed indicators: Arkansas shows high yields and 41.93% irrigated area but also the largest agricultural withdrawal and Sparta aquifer decline.",16.31 km3/yr agricultural withdrawal; >2 m/yr groundwater decline in parts,"Irrigated agriculture vs water allocation, income, and ecosystems",observed
Roy2025,2025,US,"Deep South USA: Alabama, Arkansas, Louisiana, Mississippi, Tennessee (plus global country map)",3,local:1-s2.0-S2589915525000069-main.txt,"Fossil-based energy production and industry vs water and carbon footprints (Louisiana, Mississippi)",Index-based: high industrial water withdrawals and over-reliance on non-renewable electricity lower the IWSI (Louisiana -2.93; Mississippi 0.58).,Louisiana IWSI -2.93 vs USA 1.62; Louisiana withdrawal 9.246 km3/yr mainly industrial,"Urban supply, conveyance, desalination, and treatment energy",observed
Pradhanang2017,2017,US,"California (Sacramento-San Joaquin Delta, Westlands Water District, Central Valley Project); Texas (statewide); US national food system",4,local:Water-Energy-Food Nexus - 2017 - Salam.txt,Irrigation water for agriculture and cities vs Delta environmental flows and Chinook salmon (California),"Observed: farmers compete with urban users, environmentalists and wildlife agencies for Delta water; the salmon fishery, important until the 1950s, closed in recent seasons.",Delta supplies 27 million people and irrigates 3 million acres; environmental flows carry 0 kWh per acre-foot,"Irrigated agriculture vs water allocation, income, and ecosystems",observed
Pradhanang2017,2017,US,"California (Sacramento-San Joaquin Delta, Westlands Water District, Central Valley Project); Texas (statewide); US national food system",4,local:Water-Energy-Food Nexus - 2017 - Salam.txt,Water saving at steam power plants vs plant efficiency,"Qualitative: for steam-based processes, using less water often causes a drop in plant power efficiency (Texas discussion, p. 144).",Not quantified,Thermoelectric cooling water vs generation and cost,observed
Pradhanang2017,2017,US,"California (Sacramento-San Joaquin Delta, Westlands Water District, Central Valley Project); Texas (statewide); US national food system",4,local:Water-Energy-Food Nexus - 2017 - Salam.txt,Land retirement and water reallocation (Westlands) vs embedded energy and cropping-pattern changes,Policy analysis: reallocating freed water to remaining land raises reliability but changes cropping and the energy embedded in agricultural water; the energy effect needs forecasting.,Westlands delivery energy 0.35-0.82 kWh/m3,"Irrigated agriculture vs water allocation, income, and ecosystems",modeled
Pradhanang2017,2017,US,"California (Sacramento-San Joaquin Delta, Westlands Water District, Central Valley Project); Texas (statewide); US national food system",4,local:Water-Energy-Food Nexus - 2017 - Salam.txt,Drought and heat vs grid reliability and water services (domino effects),"Qualitative: droughts and heat waves constrain water, reduce energy production and can cause grid outages that disable water and wastewater treatment.",Not quantified,"Urban supply, conveyance, desalination, and treatment energy",observed
SmithLopez2023,2023,Arctic,"Alaska and its five regions (Far North, Interior, Southcentral, Southeast, Southwest), benchmarked against the USA",4,local:SMITHLOPEZ-THESIS-2023.txt,Export-oriented resource economy vs local energy security (Alaska as energy producer with energy-insecure rural communities),"Observed, qualitative: most energy produced in-state is not available to Alaska communities because of limited refining and distribution capacity; rural microgrids burn barged diesel (p. 27).",Energy access 54.98 vs 57.97 for the US; Far North 50.01,"Remote and northern energy, freight, and country food",observed
SmithLopez2023,2023,Arctic,"Alaska and its five regions (Far North, Interior, Southcentral, Southeast, Southwest), benchmarked against the USA",4,local:SMITHLOPEZ-THESIS-2023.txt,Fiscal prudence vs public-health infrastructure investment (water and sanitation),"Observed outcome with contested attribution: under-investment in water and sanitation is described as prioritizing economic prudence over public health or equity (Penn et al. 2017), with hepatitis A and B and enteric disease linked to poor in-home water services.",Water access 87.66 vs 99.37; 58% of communities with piped service,"Rights, equity, revenue, and governance",observed
Schmidt2022,2022,Arctic,"Cordova (Prince William Sound), Kongiganak (Yukon-Kuskokwim region) and Igiugig (Bristol Bay), rural Alaska",5,local:1-s2.0-S0048969722004478-main.txt,Subsidized electricity (Power Cost Equalization) vs renewable energy adoption,"Policy analysis supported by cited studies: PCE can discourage renewables when local savings are offset by lower subsidies (sect. 4, p. 9).",Not quantified,"Groundwater pumping, energy prices, and aquifer storage",observed
Schmidt2022,2022,Arctic,"Cordova (Prince William Sound), Kongiganak (Yukon-Kuskokwim region) and Igiugig (Bristol Bay), rural Alaska",5,local:1-s2.0-S0048969722004478-main.txt,State transport cutbacks (ferry service) vs food affordability and security,"Observed (self-reported): Cordova scored lowest on food security (63%) after the state halted ferry service, the most affordable mode of transport in and out of the town.",94% of Cordova participants affected; 68% named food security or finances; food security 63%,"Food trade, virtual water, footprints, and diets",observed
Schmidt2022,2022,Arctic,"Cordova (Prince William Sound), Kongiganak (Yukon-Kuskokwim region) and Igiugig (Bristol Bay), rural Alaska",5,local:1-s2.0-S0048969722004478-main.txt,High fuel prices vs heating and subsistence harvesting (energy-for-food),Observed (self-reported): fuel costs were 8% of coded insecurity drivers; some cannot afford gasoline or heat.,17% cannot afford gasoline; 12% cannot afford heating,"Rights, equity, revenue, and governance",observed
Simpson2026,2026,Global-with-NA,163 countries (WEF Nexus Index 2023 vs HDI 2023); Canada and the USA discussed as large high-performing countries with subnational HDI ranges,3,local:s00550-026-00592-6.txt,Domestic self-sufficiency scoring vs trade-based resource security (index design),"Methodological: the index does not reward trade-based security and, by truncating net energy imports at zero, does not credit net energy exporters for surplus (p. 4).",Not quantified,"Food trade, virtual water, footprints, and diets",observed
Daher2017,2017,Global-with-NA,"Texas (Lubbock, San Antonio, South Texas) plus Qatar and a generic renewable-energy case",3,local:Water-Energy-Food Nexus - 2017 - Salam - Modeling the Water-Energy-Food Nexus.txt,Urban growth vs shale-gas hydraulic fracturing vs irrigated agriculture for Texas water,"Qualitative framing of hot spots (no model results reported): Lubbock agriculture vs water, San Antonio urban agriculture vs water, South Texas energy vs water, under a 40% projected gap by 2060.","40% water gap by 2060; 60/24/16% of the gap covered by conventional, conservation and non-conventional sources","Irrigated agriculture vs water allocation, income, and ecosystems",modeled
Daher2017,2017,Global-with-NA,"Texas (Lubbock, San Antonio, South Texas) plus Qatar and a generic renewable-energy case",3,local:Water-Energy-Food Nexus - 2017 - Salam - Modeling the Water-Energy-Food Nexus.txt,"Local food self-sufficiency vs water, energy, carbon and financial cost (Qatar, non-NA)","Modeled scenarios (50%, 80% and 100% self-sufficiency of eight products; a 10% increase evaluated): local resource requirements rise sharply while imports fall; figure labels show increases from about +78% to +153% and decreases of about 11-12% for imports (mapping to indicators unclear).",+78% to +153% local requirements; -11% to -12% imports (as printed in Fig. 6.5),"Food trade, virtual water, footprints, and diets",modeled
Albrecht2018,2018,Global-with-NA,"Global literature review (through 2016); North American content: Ogallala/High Plains Aquifer (US), central and northwest Mexico aquifers, US food-energy-water system studies",4,local:Albrecht_2018_Environ._Res._Lett._13_043002.txt,"Quantitative, disciplinary integration vs social, political and equity dimensions in nexus methods","Observed in the review sample: 70% of methods are primarily quantitative, social-science methods appear in 26% and equity or cooperation in one study each, so methods seldom capture power, political economy or distribution (sect. 3-4).",70% quantitative; 26% social-science methods; 1 of 73 studies with social equity as aim,"Rights, equity, revenue, and governance",observed
Buechler2020,2020,Multi-NA,"Tucson, Flowing Wells and Cascabel, Arizona (Tucson 32.22, -110.97); Zacatecas City and ejido Benito Juarez, Zacatecas, Mexico (Zacatecas 22.77, -102.58)",5,local:1-s2.0-S2214629620303182-main.txt,"Large-scale wind and solar development vs local land rights and local energy benefits (La Bufa wind park, Zacatecas)","Observed (qualitative): part of the wind park sits on El Orito land, residents receive no energy subsidy, only Volkswagen (Puebla) has a supply agreement, and leases bar other land uses in perpetuity.",Not quantified,"Groundwater pumping, energy prices, and aquifer storage",observed
Buechler2020,2020,Multi-NA,"Tucson, Flowing Wells and Cascabel, Arizona (Tucson 32.22, -110.97); Zacatecas City and ejido Benito Juarez, Zacatecas, Mexico (Zacatecas 22.77, -102.58)",5,local:1-s2.0-S2214629620303182-main.txt,Utility net-metering reform vs household solar savings (Tucson Electric Power),Observed policy change: from September 2018 new small solar generators get a 10-year fixed rate while earlier systems keep the retail rate for up to 20 years; the authors describe this as expropriation.,10-year fixed rate vs retail rate for up to 20 years; monthly bills US$0-65 with solar vs US$80-155 without,Other or unclassified,observed
Buechler2020,2020,Multi-NA,"Tucson, Flowing Wells and Cascabel, Arizona (Tucson 32.22, -110.97); Zacatecas City and ejido Benito Juarez, Zacatecas, Mexico (Zacatecas 22.77, -102.58)",5,local:1-s2.0-S2214629620303182-main.txt,"Energy savings in subsidized housing vs household budget (federal housing rules, Arizona)",Observed (resident testimony): savings from low energy use go to pay housing costs because rents may not exceed 34% of income.,Rent cap 34% of income; rents US$562-842 per month,"Groundwater pumping, energy prices, and aquifer storage",observed
Buechler2020,2020,Multi-NA,"Tucson, Flowing Wells and Cascabel, Arizona (Tucson 32.22, -110.97); Zacatecas City and ejido Benito Juarez, Zacatecas, Mexico (Zacatecas 22.77, -102.58)",5,local:1-s2.0-S2214629620303182-main.txt,"Affordability of solar water heaters vs access for rural, elderly, low-income women (Zacatecas)","Observed barriers: city-based sign-up, travel costs, poor roofing and lack of political visibility excluded rural elderly women even from free or subsidized programs.","Commercial heater about 5,000 pesos vs 1,000 pesos materials for the self-built version","Groundwater pumping, energy prices, and aquifer storage",observed
White2017,2017,US,"Phoenix Active Management Area (mostly Maricopa County), Arizona",5,local:sustainability-09-02204-v2.txt,Environmental regulation of coal power (Navajo Generating Station) vs energy supply for Colorado River water conveyance (Central Arizona Project),"Observed regulatory uncertainty: the plant supplies the energy that pumps CAP water, accounts for 29% of Arizona's energy emissions and faced EPA and environmental pressure to cut emissions or close; stakeholders named this as an important nexus challenge.",2.8 TWh per year CAP pumping demand; 29% of Arizona energy emissions,"Emissions, climate goals, and cost",observed
White2017,2017,US,"Phoenix Active Management Area (mostly Maricopa County), Arizona",5,local:sustainability-09-02204-v2.txt,Alfalfa and forage production for export vs water scarcity during drought (virtual water exports),Qualitative: alfalfa is highly water intensive and exports to Gulf countries and China raised public concern over virtual water exports from a water-scarce region during long-term drought; planned agricultural obsolescence competes with narratives of agricultural resilience.,Agriculture about 47% of water demand despite declining irrigated area,"Irrigated agriculture vs water allocation, income, and ecosystems",observed
Wu2023,2023,CA,"Southern Saskatchewan, Canadian Prairies (eight river basins; South and North Saskatchewan rivers rise in Alberta; Lake Diefenbaker)",5,local:1-s2.0-S0378377423002081-main.txt,Irrigation expansion (food and feed production) vs hydropower and the renewable electricity target (Saskatchewan),"Modeled: irrigation expansion raises production by only 4% but increases irrigation energy by 135-170% and reduces hydropower by 3%, working against the provincial renewable target (sect. 4.2, p. 11).",+4% production (1.1-1.3 Mt); +31-36 GWh irrigation energy; -92-109 GWh hydropower,"Irrigated agriculture vs water allocation, income, and ecosystems",modeled
Wu2023,2023,CA,"Southern Saskatchewan, Canadian Prairies (eight river basins; South and North Saskatchewan rivers rise in Alberta; Lake Diefenbaker)",5,local:1-s2.0-S0378377423002081-main.txt,Production gains from irrigation expansion vs blue water use and downstream flows,Modeled: with PGE the combined strategy offsets climate losses but increases blue water use by 143-174%.,+143-174% blue water; production 12% above baseline under SSP585,"Irrigated agriculture vs water allocation, income, and ecosystems",modeled
Wu2023,2023,CA,"Southern Saskatchewan, Canadian Prairies (eight river basins; South and North Saskatchewan rivers rise in Alberta; Lake Diefenbaker)",5,local:1-s2.0-S0378377423002081-main.txt,Earlier planting and longer-season cultivars vs extra water and irrigation energy,"Modeled: yield recovery of up to 60% (rainfed) comes with 5-7% more green water, 2-14% more blue water and 2-14% more irrigation energy.",0-60% rainfed and 18-100% irrigated loss recovery vs +2-14% blue water,"Irrigated agriculture vs water allocation, income, and ecosystems",modeled
Kulat2019,2019,US,"Matagorda County, Texas Gulf Coast (Lower Colorado River, Gulf Coast Aquifer, South Texas Project nuclear plant)",4,local:fenvs-07-00003.txt,"Water supply augmentation by desalination and reuse vs energy, CO2 and cost (Matagorda County)","Modeled: scenario S-14 gives the highest supply (678 Mm3 as printed) through seawater desalination, brackish desalination and reuse, but energy demand rises to 754 million kWh (about 13 times the base), CO2 to 102,400 t and project cost to US$57.8 million.","Energy 754 vs 60 million kWh; CO2 102,400 vs 12,200 t; cost US$57.8 million","Urban supply, conveyance, desalination, and treatment energy",modeled
Kulat2019,2019,US,"Matagorda County, Texas Gulf Coast (Lower Colorado River, Gulf Coast Aquifer, South Texas Project nuclear plant)",4,local:fenvs-07-00003.txt,Agricultural water vs cooling water for nuclear power (and municipal supply protected by design),"Modeled constraint: municipal, industrial and power supply is held at 100% reliability, so agriculture absorbs the shortage; irrigation (62%) and steam-electric power (31%) compete for the same Colorado River and groundwater supplies.",240 Mm3 shortage in 2020; steam-electric demand 130 Mm3,Thermoelectric cooling water vs generation and cost,modeled
Kulat2019,2019,US,"Matagorda County, Texas Gulf Coast (Lower Colorado River, Gulf Coast Aquifer, South Texas Project nuclear plant)",4,local:fenvs-07-00003.txt,"Stakeholder priorities: energy-best vs food-best vs cost-, CO2- and water-best scenarios","Modeled: S-9 ranks first for cost, CO2, water and equal weights, S-21 for energy and S-24 for food, so no single scenario is best for all perspectives.","Ranking differs by weight set (0.40 to priority output, 0.15 to others)","Emissions, climate goals, and cost",modeled
Hellegers2008,2008,Global-with-NA,"Global special-issue introduction; North American content: Snake River Basin (USA), Columbia River Treaty (Canada-USA), US maize and soy bioethanol",3,"local:Interactions_between_water,_en.txt","Hydropower generation vs salmon migration and environmental protection (Snake River Basin, USA)",Observed conflict cited from McCornick et al. (2008): environmentalists press to protect salmon migration against hydropower operations.,Not quantified,Hydropower and reservoir operation vs other water uses,observed
Hellegers2008,2008,Global-with-NA,"Global special-issue introduction; North American content: Snake River Basin (USA), Columbia River Treaty (Canada-USA), US maize and soy bioethanol",3,"local:Interactions_between_water,_en.txt","Biofuel expansion vs irrigation water, food prices and feed (global)","Modeled projections cited from the special issue: biofuels add 3.4% (India) and 5% (China) to irrigation demand by 2030, raise food prices and shift competition to feed versus fuel.","India +3.4% (22,000 billion L); China +5% (26,000 billion L)","Irrigated agriculture vs water allocation, income, and ecosystems",modeled
Hellegers2008,2008,Global-with-NA,"Global special-issue introduction; North American content: Snake River Basin (USA), Columbia River Treaty (Canada-USA), US maize and soy bioethanol",3,"local:Interactions_between_water,_en.txt",Higher energy prices vs access of the poor to water (groundwater pumping),Qualitative: higher energy prices raise groundwater and conveyance costs and may reduce access by the poor; 75% of Indian farmers depend to some extent on groundwater.,75% of Indian farmers use groundwater (non-NA),"Groundwater pumping, energy prices, and aquifer storage",observed
Jha2022,2022,US,"California, especially the Central Valley (Sacramento Valley, San Joaquin Basin, Tulare Basin), Imperial Valley and Central Coast",5,local:EBSCO-FullText-09_27_2026.txt,Water-use efficiency (pressurized irrigation) vs energy use,Observed (cited): converting about half of irrigated land from gravity to pressurized systems since 1972 raised water-use efficiency but increased overall energy consumption (p. 14).,"Efficiency 67.5-70% (surface) to 87.5-90% (drip), with higher pumping energy; groundwater 496-1,750 MJ/ML","Groundwater pumping, energy prices, and aquifer storage",observed
Jha2022,2022,US,"California, especially the Central Valley (Sacramento Valley, San Joaquin Basin, Tulare Basin), Imperial Valley and Central Coast",5,local:EBSCO-FullText-09_27_2026.txt,Surface-water shortage in drought vs groundwater pumping energy and cost,"Observed (2014 drought assessment): losing 8.1 million ML of surface water was offset by 6.3 million ML extra pumping costing USD 454 million, and drought also lowers hydropower while deepening water tables.",USD 454 million; groundwater share from 30-40% to about 60% in 2012-2016,"Groundwater pumping, energy prices, and aquifer storage",observed
Jha2022,2022,US,"California, especially the Central Valley (Sacramento Valley, San Joaquin Basin, Tulare Basin), Imperial Valley and Central Coast",5,local:EBSCO-FullText-09_27_2026.txt,Regulating surface water or groundwater but not pumping energy (policy trade-off),"Policy analysis: regulating one source without the other raises pressure on the unregulated source, and no statewide rule covers energy for groundwater pumping.",Energy for ag pumping about 10 TWh per year; no regulation,"Groundwater pumping, energy prices, and aquifer storage",observed
Jha2022,2022,US,"California, especially the Central Valley (Sacramento Valley, San Joaquin Basin, Tulare Basin), Imperial Valley and Central Coast",5,local:EBSCO-FullText-09_27_2026.txt,Nitrogen fertilizer for yield vs nitrate in drinking water; irrigation salts vs crop yield,"Observed: excess nitrogen leaches to groundwater affecting drinking-water quality in Central Valley communities, and salinity cut agricultural revenue by USD 3.7 billion in 2014.",">740,000 t N on 2.7 million ha; 8.0 million t of crop production lost in 2014","Irrigated agriculture vs water allocation, income, and ecosystems",observed
Wu2022,2022,CA,"Saskatchewan, Canadian Prairies (eight river basins; Lake Diefenbaker); interprovincial flows from Alberta through Saskatchewan to Manitoba",5,local:Wu_2022_Environ._Res._Commun._4_015009.txt,Biofuel blending for renewable targets vs food export surplus (Saskatchewan),Modeled: renewable expansion with 25% ethanol and 11% biodiesel blending cuts GHG emissions 10.5% but reduces the export food surplus 31.4% as canola and wheat go to biofuels.,Food surplus 18.7 to 12.8 Mt; GHG 85.2 to 76.3 Mt,"Biofuels, bioenergy, and land for energy",modeled
Wu2022,2022,CA,"Saskatchewan, Canadian Prairies (eight river basins; Lake Diefenbaker); interprovincial flows from Alberta through Saskatchewan to Manitoba",5,local:Wu_2022_Environ._Res._Commun._4_015009.txt,"Irrigation expansion (food and feed) vs hydropower, downstream flows and water demand",Modeled: expansion adds 62.2% to water demand and cuts hydropower 3.2% and water passed to Manitoba 3.3% for a 3.6% production gain; irrigation has allocation priority over hydropower.,"Water demand 698 to 1,132 million m3; hydropower -3.2%; production +3.6%",Hydropower and reservoir operation vs other water uses,modeled
Wu2022,2022,CA,"Saskatchewan, Canadian Prairies (eight river basins; Lake Diefenbaker); interprovincial flows from Alberta through Saskatchewan to Manitoba",5,local:Wu_2022_Environ._Res._Commun._4_015009.txt,Meeting food and hydropower targets together under climate change,"Modeled: only 22% of runs meet both targets, and no policy meets the hydropower target when transboundary inflow falls 10-20%.","22% of 7,500 runs; both targets 20% (CP, RE) or 25% (REI)",Hydropower and reservoir operation vs other water uses,modeled
Zhang2018,2018,US,"South-eastern Nebraska (NASS East, Northeast and Southeast districts), Great Plains corn region",4,local:1-s2.0-S030626191730908X-main.txt,Maximum yield vs water and energy use (irrigation optimization),"Modeled: the most profitable outcome is below maximum yield; reaching the 2009 yield in drought year 2012 would need an extra 350 mm of water and 1,680 kWh/ha.","Extra 3,500 m3/ha and 1,680 kWh/ha; yield gap ~6 t/ha","Irrigated agriculture vs water allocation, income, and ecosystems",modeled
Zhang2018,2018,US,"South-eastern Nebraska (NASS East, Northeast and Southeast districts), Great Plains corn region",4,local:1-s2.0-S030626191730908X-main.txt,Investing in irrigation and solar pumping for drought years vs lifetime profitability when droughts are infrequent,Modeled and qualitative: systems used only to halt drought losses may not pay back if droughts are rare; irrigation is profitable only above 200 mm per season.,"Profitability threshold 200 mm (2,000 m3/ha) per season","Irrigated agriculture vs water allocation, income, and ecosystems",modeled
Zhang2018,2018,US,"South-eastern Nebraska (NASS East, Northeast and Southeast districts), Great Plains corn region",4,local:1-s2.0-S030626191730908X-main.txt,Irrigation withdrawals for drought resilience vs groundwater depletion,"Cited context: depletion could prevent irrigation on more than 30% of the southern High Plains by 2030, whereas northern High Plains (Nebraska) recharge is high; the model has no groundwater feedback.",>30% of southern High Plains by 2030 (cited),"Groundwater pumping, energy prices, and aquifer storage",modeled
SmithLopez2024,2024,Arctic,"Alaska and its five regions (Far North, Interior, Southcentral, Southeast, Southwest), benchmarked against the USA",5,local:Advancing a WEF nexus security index for Alaska  an informed starting point for policy making.txt,"Energy-producing, export-oriented economy vs local energy security (Alaska)","Observed, qualitative: most energy produced in-state is not available to Alaska communities because of limited refinement and distribution capacity; rural microgrids run on barged diesel.",Energy access 54.98 vs 57.97 for the US; Far North 50.01,"Remote and northern energy, freight, and country food",observed
SmithLopez2024,2024,Arctic,"Alaska and its five regions (Far North, Interior, Southcentral, Southeast, Southwest), benchmarked against the USA",5,local:Advancing a WEF nexus security index for Alaska  an informed starting point for policy making.txt,Fiscal prudence vs water and sanitation investment,"Observed outcome with contested attribution: under-investment is described as prioritizing economic prudence over public health or equity (Penn et al. 2017), alongside hepatitis A and B and respiratory syncytial virus outbreaks linked to poor water services.",Water access 87.66 vs 99.37; 58% of communities with piped service,"Rights, equity, revenue, and governance",observed
SmithLopez2024,2024,Arctic,"Alaska and its five regions (Far North, Interior, Southcentral, Southeast, Southwest), benchmarked against the USA",5,local:Advancing a WEF nexus security index for Alaska  an informed starting point for policy making.txt,Index rankings vs stigma and loss of local context,Methodological critique cited by the authors (Schmidt et al. 2022): simplistic rankings can stigmatize places deemed less secure; the authors note that composite scores cannot capture community or household insecurity.,Not quantified,"Rights, equity, revenue, and governance",observed
Mahjabin2020,2020,US,"United States, 50 states plus the District of Columbia (51 nodes); interstate flows",5,local:1-s2.0-S0048969719361492-main.txt,Corn for fuel ethanol (energy) vs corn for food and the water embedded in it,"Observed accounting for 2012: about 40% of US corn went to ethanol, carrying 78,846 million m3 of virtual water that would otherwise be counted in the food network.","78,846 million m3; 11% lower cereal-grain footprint when separated","Biofuels, bioenergy, and land for energy",observed
Mahjabin2020,2020,US,"United States, 50 states plus the District of Columbia (51 nodes); interstate flows",5,local:1-s2.0-S0048969719361492-main.txt,Water-scarce western states exporting embedded water through irrigated corn and food vs local scarcity,"Observed flows for 2012: 41% of the blue water embedded in energy commodities and 22% of that in food moves from scarce to abundant states, dominated by irrigated corn for ethanol.",41% (energy) and 22% (food) of blue water moved from scarce to abundant states,"Irrigated agriculture vs water allocation, income, and ecosystems",observed
Cotterman2018,2018,US,"Central High Plains part of the High Plains (Ogallala) Aquifer: Colorado, Kansas, Oklahoma, Texas and New Mexico (about 127,000 km2)",4,local:s10584-017-1947-7.txt,Groundwater irrigation (yield and production) vs aquifer depletion (Central High Plains),"Modeled projection from observed 1993-2012 water-level trends: continued depletion forces about 70% of irrigated area to dryland by 2099, cutting corn production about 60%.",Irrigated corn area -60%; irrigated wheat area -50%; corn production -60%,"Groundwater pumping, energy prices, and aquifer storage",observed
Cotterman2018,2018,US,"Central High Plains part of the High Plains (Ogallala) Aquifer: Colorado, Kansas, Oklahoma, Texas and New Mexico (about 127,000 km2)",4,local:s10584-017-1947-7.txt,Heat and drought vs irrigated yields and irrigation demand,"Modeled: irrigated corn yields fall 16.6-64.1% and corn irrigation demand per area rises 5-15% as warming increases evaporative demand, so the depletion scenario is conservative.",Irrigated corn yield -16.6% (RCP 4.5) to -64.1% (RCP 8.5),"Irrigated agriculture vs water allocation, income, and ecosystems",modeled
Cotterman2018,2018,US,"Central High Plains part of the High Plains (Ogallala) Aquifer: Colorado, Kansas, Oklahoma, Texas and New Mexico (about 127,000 km2)",4,local:s10584-017-1947-7.txt,Biofuel and food demand pushing crop production vs aquifer limits,"Context: crop production is at an all-time high because of demand for biofuels, food and animal products but is likely to plateau or decline as withdrawals greatly exceed recharge.",Aquifer levels in heavily used areas decline 10-20% per decade,"Groundwater pumping, energy prices, and aquifer storage",modeled
Whitney2019,2019,Arctic,"Cordova, Southcentral Alaska (Prince William Sound, Copper River delta); pan-Arctic network of off-grid communities as context",4,local:whitney-et-al-2019-microfews-a-food-energy-water-systems-approach-to-renewable-energy-decisions-in-islanded-microgrid.txt,Seafood-processing electricity and water demand vs diesel dependence and community water and energy security (Cordova),Modeled illustration from observed 2012-2013 data: the processing season loads the microgrid and water utility; processors use 40-50% of metered water and are served partly by diesel.,"Diesel for processors 2,000 kWh (units as printed) without the turbine; 40-50% of metered water to processors","Remote and northern energy, freight, and country food",observed
Whitney2019,2019,Arctic,"Cordova, Southcentral Alaska (Prince William Sound, Copper River delta); pan-Arctic network of off-grid communities as context",4,local:whitney-et-al-2019-microfews-a-food-energy-water-systems-approach-to-renewable-energy-decisions-in-islanded-microgrid.txt,Hydropower water use for electricity vs water for processors and the municipal system (shared flow),"Qualitative: the same water can drive turbines first and then supply plants or the city, so energy, cost and water quality must be weighed together.",Not quantified,"Urban supply, conveyance, desalination, and treatment energy",observed
Madani2024,2024,Arctic,"Circumpolar Arctic with the Canadian Arctic and Alaska; US-Canada boundary-water treaties (Boundary Waters 1909, Columbia River 1961, Skagit River 1984)",4,local:water-16-00835.txt,Skagit Valley (British Columbia) environmental protection vs water and energy security for Seattle (Ross Dam) and British Columbia (Seven Mile Reservoir),"Documentary: treaty purpose as summarized by the authors, p. 18",Not quantified,Hydropower and reservoir operation vs other water uses,observed
Madani2024,2024,Arctic,"Circumpolar Arctic with the Canadian Arctic and Alaska; US-Canada boundary-water treaties (Boundary Waters 1909, Columbia River 1961, Skagit River 1984)",4,local:water-16-00835.txt,"Dams or water and energy extraction in one state vs downstream water availability, energy production and food production in a neighboring state",Documentary and legal argument under the no-harm principle (pp. 8–9); the Columbia River Treaty is the North American example (p. 17),Not quantified,Hydropower and reservoir operation vs other water uses,observed
Raub2021,2021,Global-with-NA,"Systematic review of 20 coastal-resilience studies worldwide; North American cases: Boulder CO (2013 flood), Fort Lauderdale FL, New York City (Hurricane Sandy), Houston TX (Harvey), Bay County FL (Michael), Cordova AK, Puerto Rico (Maria), Chamela-Cuixmala Biosphere Reserve, Mexico (Patricia)",4,local:exploring-the-food-energy-water-nexus-approach-to-enhance-coastal-community-resilience-research-and-planning.txt,"Cordova, Alaska: water for hydroelectric generation vs water for a fish-processing plant vs municipal water supply","Modeled (MicroFEWS study by Whitney et al. 2019 as reported in this review); a nexus approach made the trade-offs visible, p. 5",Not quantified in the review,Hydropower and reservoir operation vs other water uses,modeled
Raub2021,2021,Global-with-NA,"Systematic review of 20 coastal-resilience studies worldwide; North American cases: Boulder CO (2013 flood), Fort Lauderdale FL, New York City (Hurricane Sandy), Houston TX (Harvey), Bay County FL (Michael), Cordova AK, Puerto Rico (Maria), Chamela-Cuixmala Biosphere Reserve, Mexico (Patricia)",4,local:exploring-the-food-energy-water-nexus-approach-to-enhance-coastal-community-resilience-research-and-planning.txt,Lean just-in-time retail food inventories vs food availability after hurricanes and floods,"Observed after Hurricane Maria in Puerto Rico (retailers held small inventories and roads were blocked), p. 6",Not quantified,Hydropower and reservoir operation vs other water uses,observed
Pao2026,2026,US,"Salton Sea region (Imperial and Coachella valleys), Southern California; California State Legislature documents 1999–2024",5,local:fsrma-5-1736238.txt,"Water transferred to San Diego under the 2003 Quantification Settlement Agreement (conservation and fallowing) vs inflow to the Salton Sea, exposed lakebed dust and public health","Observed consequences cited by the authors (Aguilera 2019), not measured in this study, p. 8",Not quantified here,"Irrigated agriculture vs water allocation, income, and ecosystems",observed
Pao2026,2026,US,"Salton Sea region (Imperial and Coachella valleys), Southern California; California State Legislature documents 1999–2024",5,local:fsrma-5-1736238.txt,"Geothermal and lithium development (energy, domestic mineral supply) vs water, agriculture and community health; energy-led bills mostly fail","Observed legislative record: energy is 67.6% of WEF terms in failed bills but about 11% in chaptered bills; Senate Bill 797 (2023, citizen committee over a lithium extraction tax) is the energy-focused exception, pp. 6, 8",Energy term share 67.6% (failed) vs about 11% (chaptered),"Biofuels, bioenergy, and land for energy",observed
Jones2022,2022,US,"Phoenix metropolitan area, Arizona (Central Arizona Project, Salt River Project, Maricopa County irrigation districts)",5,local:1-s2.0-S1462901121003051-main.txt,Water-sector dominance of agenda-setting vs energy and food voice in drought planning,"Observed (interview P4): the Drought Contingency Plan process moved quickly and limited who could take part, p. 116",Qualitative,"Rights, equity, revenue, and governance",observed
Jones2022,2022,US,"Phoenix metropolitan area, Arizona (Central Arizona Project, Salt River Project, Maricopa County irrigation districts)",5,local:1-s2.0-S1462901121003051-main.txt,Market forces (cheap natural gas) vs a cross-sector effort to prevent closure of a large coal power plant,"Observed: the collaborative attempt failed because gas was cheaper (interview P7), p. 116",Qualitative; plant not named,Thermoelectric cooling water vs generation and cost,observed
Lofman2002,2002,US,"California and the Pacific Northwest (Columbia-Snake dams, Bonneville Power Administration); Central Valley Project; State Water Project; Colorado River Aqueduct (Metropolitan Water District of Southern California); 2000–2001 energy crisis and dry year",4,local:Water  Energy and Environment Nexus  The California Experience.txt,"Hydropower generation in a dry, deregulated market vs salmon spills and river ecology","Observed in 2001: targeted spill cut to 10% of the prior year, forgone generation valued at about USD 2.1 million; dam operators have incentives to hold water for price peaks (pp. 80–81)",USD 2.1 million of generation protected by a spill at 10% of the prior-year volume,Hydropower and reservoir operation vs other water uses,observed
Lofman2002,2002,US,"California and the Pacific Northwest (Columbia-Snake dams, Bonneville Power Administration); Central Valley Project; State Water Project; Colorado River Aqueduct (Metropolitan Water District of Southern California); 2000–2001 energy crisis and dry year",4,local:Water  Energy and Environment Nexus  The California Experience.txt,Electricity for Colorado River Aqueduct pumping vs urban water deliveries during rolling blackouts,"Observed: pumps shut to free power for 100,000 homes and cut aqueduct energy use by nearly 45% (p. 81)","Power for 100,000 homes; about 45% energy cut","Urban supply, conveyance, desalination, and treatment energy",observed
Lofman2002,2002,US,"California and the Pacific Northwest (Columbia-Snake dams, Bonneville Power Administration); Central Valley Project; State Water Project; Colorado River Aqueduct (Metropolitan Water District of Southern California); 2000–2001 energy crisis and dry year",4,local:Water  Energy and Environment Nexus  The California Experience.txt,Grand Coulee irrigation pumping electricity vs farm production in the Columbia Basin,Proposal by the Bonneville Power Administration to pay irrigators to fallow (p. 80),"27,114-40,469 ha fallowed to save pumping electricity","Irrigated agriculture vs water allocation, income, and ecosystems",observed
Lofman2002,2002,US,"California and the Pacific Northwest (Columbia-Snake dams, Bonneville Power Administration); Central Valley Project; State Water Project; Colorado River Aqueduct (Metropolitan Water District of Southern California); 2000–2001 energy crisis and dry year",4,local:Water  Energy and Environment Nexus  The California Experience.txt,New gas power plants for the energy shortage vs freshwater supply,Proposed plants: nearly half of 28 would use fresh water; five West Kern plants would use 19 × 10^6 m3/yr (p. 82),"16,000 acre-feet a year for more than 3,000 MW",Thermoelectric cooling water vs generation and cost,modeled
Lofman2002,2002,US,"California and the Pacific Northwest (Columbia-Snake dams, Bonneville Power Administration); Central Valley Project; State Water Project; Colorado River Aqueduct (Metropolitan Water District of Southern California); 2000–2001 energy crisis and dry year",4,local:Water  Energy and Environment Nexus  The California Experience.txt,Emergency relaxation of environmental rules to avoid blackouts (gas plants allowed to run longer than air districts permit; proposed exemption of a hydro project from state environmental review) vs air quality and river ecology,"Observed policy response: executive order D-40-01 of January 2001, and a February 2001 bill for a hydro exemption in the El Dorado Irrigation District (p. 81)",Not quantified,Hydropower and reservoir operation vs other water uses,observed
McCarl2017a,2017,Global-with-NA,"Generic review with examples from San Antonio and the 2016 Region L water plan (Texas), the Colorado River and US bioenergy; Egypt and the Indus as non-North American examples",3,local:s40518-017-0083-3.txt,Upstream withdrawals vs downstream agricultural and hydropower water in river systems,"Conceptual illustration (Colorado River and Indus), p. 139",Not quantified,Hydropower and reservoir operation vs other water uses,observed
McCarl2017a,2017,Global-with-NA,"Generic review with examples from San Antonio and the 2016 Region L water plan (Texas), the Colorado River and US bioenergy; Egypt and the Indus as non-North American examples",3,local:s40518-017-0083-3.txt,US bioenergy expansion (changes in agricultural commodities and prices) vs production and land use elsewhere (indirect land use),"Conceptual illustration of scope choices in a US bioenergy setting, p. 139",Not quantified,"Biofuels, bioenergy, and land for energy",observed
Kumar2023,2023,US,"Southern Flint River Basin, southwest Georgia (21 counties, Floridan aquifer irrigation, part of the Apalachicola-Chattahoochee-Flint basin shared by Georgia, Alabama and Florida)",4,local:Water Resources Research - 2023 - Kumar - Understanding the Food-Energy-Water Nexus in Mixed Irrigation Regimes Using a.txt,Regional profit (no crop-diversity constraint) vs water pumped and pumping energy,"Modeled: AQ2-M vs AQ2, sect. 5.4",+90.34 million USD profit per year vs +31.5 × 10^6 m3 water (about 9% of baseline) and +10.4 GWh energy,"Groundwater pumping, energy prices, and aquifer storage",modeled
Kumar2023,2023,US,"Southern Flint River Basin, southwest Georgia (21 counties, Floridan aquifer irrigation, part of the Apalachicola-Chattahoochee-Flint basin shared by Georgia, Alabama and Florida)",4,local:Water Resources Research - 2023 - Kumar - Understanding the Food-Energy-Water Nexus in Mixed Irrigation Regimes Using a.txt,"Full irrigation (highest yields) vs groundwater pumping, energy use and cost","Modeled: AQ2-IR vs AQ2-M, sect. 5.4",Similar revenue and profit to AQ2-M but +36.1% water and +35.7% energy vs baseline,"Groundwater pumping, energy prices, and aquifer storage",modeled
Kumar2023,2023,US,"Southern Flint River Basin, southwest Georgia (21 counties, Floridan aquifer irrigation, part of the Apalachicola-Chattahoochee-Flint basin shared by Georgia, Alabama and Florida)",4,local:Water Resources Research - 2023 - Kumar - Understanding the Food-Energy-Water Nexus in Mixed Irrigation Regimes Using a.txt,Irrigation revenue vs pumping cost as the water table deepens,"Modeled: beyond a threshold depth pumping cost exceeds irrigation revenue, sect. 5.5, Fig. 8",Rainfed share rises and deficit-irrigated area falls past the threshold depth,"Groundwater pumping, energy prices, and aquifer storage",modeled
Kumar2023,2023,US,"Southern Flint River Basin, southwest Georgia (21 counties, Floridan aquifer irrigation, part of the Apalachicola-Chattahoochee-Flint basin shared by Georgia, Alabama and Florida)",4,local:Water Resources Research - 2023 - Kumar - Understanding the Food-Energy-Water Nexus in Mixed Irrigation Regimes Using a.txt,Full irrigation economics vs energy price shocks,"Modeled: energy price raised by up to 300% in Grady County, sect. 5.6, Fig. 9",Fully irrigated corn acreage nearly halves; rainfed share 18% to 32% in dry years,"Irrigated agriculture vs water allocation, income, and ecosystems",modeled
Daher2019a,2019,US,"San Antonio region (Texas Water Development Board Region L), south-central Texas; Edwards and Carrizo-Wilcox aquifers, Eagle Ford Shale, Wintergarden irrigation area",5,local:1-s2.0-S0048969718338221-main.txt,Shale oil and gas water use (Eagle Ford) vs irrigation and municipal supply from the same aquifers,Described as direct competition: the play lies under the Wintergarden vegetable-growing area; the Railroad Commission does not require reporting of water volumes or sources (p. 2915),13.7 million L per fractured well (voluntary reporting),"Groundwater pumping, energy prices, and aquifer storage",observed
Daher2019a,2019,US,"San Antonio region (Texas Water Development Board Region L), south-central Texas; Edwards and Carrizo-Wilcox aquifers, Eagle Ford Shale, Wintergarden irrigation area",5,local:1-s2.0-S0048969718338221-main.txt,Strategic water reserves (costly) vs cooperative cross-sector solutions,TWDB 2017 judgment cited by the authors (p. 2916),Not quantified; reserves described as very costly,Other or unclassified,observed
Chang2016,2016,Global-with-NA,"Global literature review (most worked examples from China); a few US and California data points (produced water, hydraulic fracturing, maize ethanol, California hot water)",2,local:energies-09-00065.txt,Dry cooling (less water) vs thermoelectric output and cost,"Literature synthesis of reported plant data, p. 3",Output -1 to -7%; cost 3 to 4 times wet cooling,Thermoelectric cooling water vs generation and cost,observed
Chang2016,2016,Global-with-NA,"Global literature review (most worked examples from China); a few US and California data points (produced water, hydraulic fracturing, maize ethanol, California hot water)",2,local:energies-09-00065.txt,Biofuel feedstock (energy) vs water and land for food,"Literature synthesis: maize ethanol feedstock water footprint 18 m3/GJ in the US, p. 4",9 to 18 m3/GJ range between the Netherlands and the US,"Biofuels, bioenergy, and land for energy",observed
Orttung2019,2019,Arctic,"Fairbanks North Star Borough, interior Alaska (population about 100,000)",4,local:sustainability-11-02722-v2.txt,Low-cost imported food vs local food resilience and disaster preparedness,"Authors argue importing is the lowest-cost strategy with import dependence a tolerated risk; Fairbanks stocks are believed to last only about three days (unverified), pp. 3, 9",Not quantified; three-day figure unverified,"Food trade, virtual water, footprints, and diets",observed
Orttung2019,2019,Arctic,"Fairbanks North Star Borough, interior Alaska (population about 100,000)",4,local:sustainability-11-02722-v2.txt,High energy costs vs controlled-environment (indoor) local food production,"Observed stakeholder statements: energy costs are high so indoor farming is hard, p. 7",Not quantified,"Irrigated agriculture vs water allocation, income, and ecosystems",observed
Liu2017,2017,US,"California statewide and its 10 hydrologic regions (Sacramento River, San Joaquin River, Tulare Lake, South Coast, Colorado River and others)",5,local:Water-Energy-Food Nexus - 2017 - Salam - WEF Nexus Cases from California with Climate Change Implication.txt,Drip irrigation (water saving) vs pressurization energy; groundwater pumping (more water) vs energy,"Described from the literature and DWR analysis: climate adaptation for food production can raise energy use, p. 154",Agricultural groundwater extraction 0.13-0.40 kWh/m3 depending on region,"Groundwater pumping, energy prices, and aquifer storage",observed
Liu2017,2017,US,"California statewide and its 10 hydrologic regions (Sacramento River, San Joaquin River, Tulare Lake, South Coast, Colorado River and others)",5,local:Water-Energy-Food Nexus - 2017 - Salam - WEF Nexus Cases from California with Climate Change Implication.txt,"Drought overpumping of groundwater (keeping farms in production) vs subsidence, aquifer capacity, water quality, pumping energy and GHG","Observed in the drought from 2012: 6.2 × 10^9 m3 pumped to offset a 7.4 × 10^9 m3 surface cut in 2014 (pp. 154, 158)","More than 162,000 ha fallowed; about 1.5 billion USD direct agricultural cost","Groundwater pumping, energy prices, and aquifer storage",observed
Liu2017,2017,US,"California statewide and its 10 hydrologic regions (Sacramento River, San Joaquin River, Tulare Lake, South Coast, Colorado River and others)",5,local:Water-Energy-Food Nexus - 2017 - Salam - WEF Nexus Cases from California with Climate Change Implication.txt,Imported inter-basin water (State Water Project to the South Coast) vs local supplies in energy intensity,"Regional estimates from the California Water Plan method (source to delivery only), p. 156",Inter-basin transfer can be an order of magnitude more energy intensive than local supply,"Irrigated agriculture vs water allocation, income, and ecosystems",modeled
Brown2025,2025,US,"Ogallala (High Plains) Aquifer (eight Great Plains states); Colorado River Basin (seven US states, two Mexican states, thirty Tribal Nations); Mississippi River Basin (ten states to the Gulf of Mexico); Hawaiʻi example",5,local:1-s2.0-S1462901125002308-main.txt,"Groundwater-irrigated agriculture (global-importance food production) vs aquifer depletion, pumping energy and community water supply","Observed: Ogallala pumping at about ten times recharge; some communities could run dry within a generation (pp. 2, 5)",Pumping about 10 times recharge; 80% of residents rely on the aquifer for drinking water,"Groundwater pumping, energy prices, and aquifer storage",observed
Brown2025,2025,US,"Ogallala (High Plains) Aquifer (eight Great Plains states); Colorado River Basin (seven US states, two Mexican states, thirty Tribal Nations); Mississippi River Basin (ten states to the Gulf of Mexico); Hawaiʻi example",5,local:1-s2.0-S1462901125002308-main.txt,"Shared Colorado River governance enabling multiple sectors vs overuse by some marginalizing others (Tribes, small users) and dead-pool risk to hydropower","Observed and documentary (pp. 3, 5)",About 70% of water to agriculture; Tribes about 20% of flow with symbolic participation,Hydropower and reservoir operation vs other water uses,observed
Brown2025,2025,US,"Ogallala (High Plains) Aquifer (eight Great Plains states); Colorado River Basin (seven US states, two Mexican states, thirty Tribal Nations); Mississippi River Basin (ten states to the Gulf of Mexico); Hawaiʻi example",5,local:1-s2.0-S1462901125002308-main.txt,River engineering for shipping and agriculture vs flood danger for frontline communities and Gulf hypoxia,Observed (pp. 3–5),"Hypoxic zone 11,131 km2 five-year average (NOAA 2024)",Hydropower and reservoir operation vs other water uses,observed
Brown2025,2025,US,"Ogallala (High Plains) Aquifer (eight Great Plains states); Colorado River Basin (seven US states, two Mexican states, thirty Tribal Nations); Mississippi River Basin (ten states to the Gulf of Mexico); Hawaiʻi example",5,local:1-s2.0-S1462901125002308-main.txt,Pressurized irrigation (saves water) vs higher carbon footprint; biofuels and hydropower as climate solutions vs water and food security and water intensity,Examples of unintended consequences cited from the literature (p. 5),Not quantified,"Food trade, virtual water, footprints, and diets",observed
Scanlon2017,2017,Global-with-NA,"Global commentary with US examples (Texas shale and wind transmission, California Central Valley conveyance and conjunctive use, US Rio Grande Basin, hay grown in Arizona and California for Saudi dairies); China and northwest India as comparisons",4,local:Water Resources Research - 2017 - Scanlon - The food-energy-water nexus  Transforming science for society.txt,"Efficient irrigation technology (drip) vs depletion of water resources through lower return flows, recharge and expanded irrigated area","Observed in integrated basin studies (US Rio Grande Basin, North China Plain), p. 3552",Not quantified in the commentary,"Groundwater pumping, energy prices, and aquifer storage",observed
Scanlon2017,2017,Global-with-NA,"Global commentary with US examples (Texas shale and wind transmission, California Central Valley conveyance and conjunctive use, US Rio Grande Basin, hay grown in Arizona and California for Saudi dairies); China and northwest India as comparisons",4,local:Water Resources Research - 2017 - Scanlon - The food-energy-water nexus  Transforming science for society.txt,Healthier US diets (more fruit and vegetables) vs blue-water footprint,"Modeled analysis of 2010 USDA dietary guidelines (Tom et al. 2015), p. 3552",Up to +16% blue-water footprint,"Food trade, virtual water, footprints, and diets",modeled
Scanlon2017,2017,Global-with-NA,"Global commentary with US examples (Texas shale and wind transmission, California Central Valley conveyance and conjunctive use, US Rio Grande Basin, hay grown in Arizona and California for Saudi dairies); China and northwest India as comparisons",4,local:Water Resources Research - 2017 - Scanlon - The food-energy-water nexus  Transforming science for society.txt,Dry cooling or brackish groundwater (water savings) vs power-plant cost and parasitic energy load,"Analysis of US data (Tidwell et al. 2014), p. 3553",Generation expense under +10%; parasitic load +5%,Thermoelectric cooling water vs generation and cost,modeled
Scanlon2017,2017,Global-with-NA,"Global commentary with US examples (Texas shale and wind transmission, California Central Valley conveyance and conjunctive use, US Rio Grande Basin, hay grown in Arizona and California for Saudi dairies); China and northwest India as comparisons",4,local:Water Resources Research - 2017 - Scanlon - The food-energy-water nexus  Transforming science for society.txt,Food trade (eases water stress) vs trade dependency and export-ban risk,"Observed in 2008 food crisis; global analyses cited, pp. 3553–3554",Eases stress in 80% of countries studied,"Food trade, virtual water, footprints, and diets",observed
Saed2024,2024,CA,"Canadian Prairie Provinces (Alberta, Saskatchewan, Manitoba), analyzed singly and as one region; interprovincial and international rivers shared with the USA",5,local:fenvs-11-1328009.txt,Where the system boundary is drawn (province vs Prairie region) changes the apparent water split between energy and food,Observed in provincial data: 15% energy vs 76% food in Alberta and 88% vs 7% in Manitoba against 52% vs 39% for the region (p. 16),13-point gap at regional scale versus 61-81-point gaps by province,"Rights, equity, revenue, and governance",observed
Saed2024,2024,CA,"Canadian Prairie Provinces (Alberta, Saskatchewan, Manitoba), analyzed singly and as one region; interprovincial and international rivers shared with the USA",5,local:fenvs-11-1328009.txt,Water exported in energy and agri-food trade (virtual water) vs interprovincial water apportionment that counts only surface water,"Documentary: 1969 Prairie Provinces Water Board agreement; 21% of water yield leaves the region (pp. 8, 11)",63 bcm per year outflow; 68% of energy and 49% of agri-food exported,"Food trade, virtual water, footprints, and diets",observed
Daher2019b,2019,US,"Texas statewide plus three hotspots: Lubbock (Southern High Plains, Ogallala Aquifer), San Antonio region, Eagle Ford Shale play (15 core counties of 23)",5,local:1-s2.0-S0048969718328936-main.txt,Hydraulic fracturing water (shale oil and gas) vs groundwater for municipal and agricultural use in the Eagle Ford,"Modeled scenarios plus TWDB data: 10,000 wells need 55% of the groundwater used in 2010; mining share of use rose from 0.66% to 12.57% in 2008–2012 (p. 459)",Fracking 2.2-4.9% and total 16.1-18.8% groundwater reduction (with climate and municipal growth),"Groundwater pumping, energy prices, and aquifer storage",modeled
Daher2019b,2019,US,"Texas statewide plus three hotspots: Lubbock (Southern High Plains, Ogallala Aquifer), San Antonio region, Eagle Ford Shale play (15 core counties of 23)",5,local:1-s2.0-S0048969718328936-main.txt,Ogallala extraction for Lubbock city and irrigation vs aquifer depletion (recharge about 10-15% of extraction),"Observed aquifer drop of 0.82 m a year; groundwater is not regulated (pp. 452, 454)",0.82 m per year; 65% of city water use,"Groundwater pumping, energy prices, and aquifer storage",observed
Daher2019b,2019,US,"Texas statewide plus three hotspots: Lubbock (Southern High Plains, Ogallala Aquifer), San Antonio region, Eagle Ford Shale play (15 core counties of 23)",5,local:1-s2.0-S0048969718328936-main.txt,Water-gap coverage vs cost across Lubbock portfolios,Modeled: scenario 1 closes the gap for about USD 121 million; scenario 5 covers 372% but is very costly (p. 454),USD 121 million vs scenario 5 very high,Other or unclassified,modeled
Daher2019b,2019,US,"Texas statewide plus three hotspots: Lubbock (Southern High Plains, Ogallala Aquifer), San Antonio region, Eagle Ford Shale play (15 core counties of 23)",5,local:1-s2.0-S0048969718328936-main.txt,Economic output of shale production vs water cost and local groundwater and quality effects,Monetized: net value USD 70.4-154.9 billion vs water cost USD 1.1-2.3 billion; local effects not monetized (p. 460),Water cost about 1.5% of output,"Groundwater pumping, energy prices, and aquifer storage",observed
Rahman2026,2026,Transboundary,"Yukon River Basin (Alaska, Yukon and northwestern British Columbia); about 850,000 km2, 3,190 km long, about 126,000 people",5,local:1-s2.0-S2211464526000291-main.txt,Hydropower relicensing and upgrading (energy production) vs salmon habitat and Indigenous food security,"Observed: 2024 relicensing of Mayo A/B and Whitehorse dams; Yukon Energy declined salmon measures citing cost and technical difficulty (pp. 9, 11)",Not quantified; 62.1% of Yukon electricity from basin hydro,Hydropower and reservoir operation vs other water uses,observed
Rahman2026,2026,Transboundary,"Yukon River Basin (Alaska, Yukon and northwestern British Columbia); about 850,000 km2, 3,190 km long, about 126,000 people",5,local:1-s2.0-S2211464526000291-main.txt,Placer mining allotments (resource development) vs salmon conservation and Indigenous food security,"Observed: allotments maintained against food-security concerns (van Loon 2024 cited), p. 9",Not quantified,Hydropower and reservoir operation vs other water uses,observed
Rahman2026,2026,Transboundary,"Yukon River Basin (Alaska, Yukon and northwestern British Columbia); about 850,000 km2, 3,190 km long, about 126,000 people",5,local:1-s2.0-S2211464526000291-main.txt,Peel Watershed development vs protection,"Observed: recommended 80% protected, revised to 71% open; First Nations won at the Supreme Court (p. 10)",80/20 recommended vs 71/29 revised,Other or unclassified,observed
Rahman2026,2026,Transboundary,"Yukon River Basin (Alaska, Yukon and northwestern British Columbia); about 850,000 km2, 3,190 km long, about 126,000 people",5,local:1-s2.0-S2211464526000291-main.txt,Salmon conservation moratorium vs subsistence harvest and cultural practice,"Observed: the US-Canada pact is described as a 7-year moratorium on subsistence harvesting, opposed by Indigenous communities for inadequate consultation (as the paper describes it), p. 8",Mainstem closed to all fisheries in 2024,"Remote and northern energy, freight, and country food",observed
Chini2017,2017,US,"74 US metropolitan statistical areas (indirect footprints) and 33 cities with utility data (direct footprints), reference year 2012",4,local:Water Resources Research - 2016 - Chini - Direct and indirect urban water footprints of the United States.txt,Network efficiency (few trading partners per unit of virtual water) vs vulnerability to supply-chain disruption,Derived from commodity-flow network analysis: city exponent 1.05; the authors flag possible vulnerability (p. 324),Exponent 1.05 for cities vs 1.72 for states and 2.6 globally,"Urban supply, conveyance, desalination, and treatment energy",observed
Chini2017,2017,US,"74 US metropolitan statistical areas (indirect footprints) and 33 cities with utility data (direct footprints), reference year 2012",4,local:Water Resources Research - 2016 - Chini - Direct and indirect urban water footprints of the United States.txt,Low-carbon hydropower electricity vs evaporative water footprint,"Derived footprint calculation: hydropower evaporation dominates water-for-electricity, which reaches 22.2% of the indirect footprint in Mobile although hydro supplies under 7% of the US grid (p. 323)",22.2% in Mobile; most cities under 1%,Hydropower and reservoir operation vs other water uses,observed
Tye2024,2024,US,"Wilmington, Delaware (about 71,000 people, tidal Delaware River estuary) within the Delaware River Basin; Brandywine Creek supply",4,local:PIIS2589004224015360.txt,Heat-driven air-conditioning demand and power-plant cooling vs water for irrigation in dry years and regional grid reliability,Qualitative inference from projected extremes; brownouts possible from competing regional demand (p. 8),Not quantified; days above 90 F rise from about 10 to about 45,Thermoelectric cooling water vs generation and cost,modeled
Tye2024,2024,US,"Wilmington, Delaware (about 71,000 people, tidal Delaware River estuary) within the Delaware River Basin; Brandywine Creek supply",4,local:PIIS2589004224015360.txt,Energy generation sited in the floodplain with imported fuel vs flood and supply-chain exposure,Documentary: majority of city energy generation and distribution privately owned and in the floodplain (p. 4),Not quantified,Hydropower and reservoir operation vs other water uses,observed
DeAndradeGuerra2021,2021,Global-with-NA,"Global scoping study with one case per continent; North America vignettes: California Delta (USA) and Mexico, taken from secondary sources (Liu 2016; Spring 2016)",2,local:s00477-020-01772-6.txt,"Moving water from northern to southern California (energy-intensive) vs Delta ecosystems and levee, earthquake and flood risk","Descriptive vignette from secondary sources (Liu 2016), p. 103",Not quantified,Hydropower and reservoir operation vs other water uses,modeled
DeAndradeGuerra2021,2021,Global-with-NA,"Global scoping study with one case per continent; North America vignettes: California Delta (USA) and Mexico, taken from secondary sources (Liu 2016; Spring 2016)",2,local:s00477-020-01772-6.txt,Free-trade imports of highly subsidized food vs Mexican rural livelihoods and migration,"Descriptive, secondary source (Spring 2016), p. 104",Not quantified,"Food trade, virtual water, footprints, and diets",modeled
Rahman2025,2025,Arctic,"Northern Canada (Yukon, Northwest Territories, Nunavut, Labrador, Nunavik); Alaska (Alaska Village Electric Cooperative, wind microgrids) as comparator",4,local:ssrn-5955631.txt,"Hydroponics and aquaponics food production vs water purification technologies (reverse osmosis, electrocoagulation, oxidation, forward osmosis)","Modeled expert scoring (TIS -3): competition for water, electricity and land and contaminated gray water (pp. 10–11)",24 of 30 food-water pairs are trade-offs,"Urban supply, conveyance, desalination, and treatment energy",modeled
Rahman2025,2025,Arctic,"Northern Canada (Yukon, Northwest Territories, Nunavut, Labrador, Nunavik); Alaska (Alaska Village Electric Cooperative, wind microgrids) as comparator",4,local:ssrn-5955631.txt,"Containerized leafy-greens production (Inuvik, 2021) vs cost, capacity and unreliable water and energy supply",Observed: dis-adopted after two years of operation (p. 4),Two years of operation before dis-adoption,"Urban supply, conveyance, desalination, and treatment energy",observed
Rahman2025,2025,Arctic,"Northern Canada (Yukon, Northwest Territories, Nunavut, Labrador, Nunavik); Alaska (Alaska Village Electric Cooperative, wind microgrids) as comparator",4,local:ssrn-5955631.txt,Hydroelectricity for renewable demand vs subsistence fisheries and water quality,"Illustrative trade-off stated in the technology framing (citing Juruna et al. 2025), p. 2",Not quantified,Hydropower and reservoir operation vs other water uses,observed
Liang2026,2026,Arctic,"Canadian Arctic and northern community infrastructure as represented in the NexusQuest game (Nunavut examples); 28 participants in Kelowna, British Columbia",3,local:sustainability-18-09634.txt,"Trucked vs piped water service in the Arctic (cost, reliability, permafrost and above-ground utilidors)","Described by participants in the game setting (not observed data), p. 12",Not quantified,"Remote and northern energy, freight, and country food",observed
Dargin2019,2019,Global-with-NA,"Global review of eight WEF assessment tools active in May 2018; North American applications cited: CLEWS for New York City, a California version of Foreseer, and WEAP-LEAP for desalination in California",3,local:1-s2.0-S0048969718335174-main.txt,"Tool complexity (detail, scenario depth) vs breadth of interactions covered and usability by policy makers","Derived from the complexity index and tool categorization (Table 5, Figs. 3-5), pp. 1572–1573",Index range 6 to 16; higher complexity covers fewer interactions,"Rights, equity, revenue, and governance",modeled
Natcher2025,2025,Arctic,"27 Arctic regions in six states: Alaska (5 regions), northern Canada (Nunavik, Labrador, Yukon, Northwest Territories, Nunavut), Iceland (8), Finland (3), Norway (3), Sweden (3)",5,local:Understanding regional variability in water  energy  and food  WEF  security  an Arctic case-study.txt,Renewable energy expansion (green transition) vs Indigenous land and Sámi reindeer herding rights ('green colonialism'),Documentary: 2021 Norwegian Supreme Court ruled wind-farm construction violated Sámi rights; authors warn of the risk in the North American Arctic (p. 709),Not quantified,"Remote and northern energy, freight, and country food",observed
Natcher2025,2025,Arctic,"27 Arctic regions in six states: Alaska (5 regions), northern Canada (Nunavik, Labrador, Yukon, Northwest Territories, Nunavut), Iceland (8), Finland (3), Norway (3), Sweden (3)",5,local:Understanding regional variability in water  energy  and food  WEF  security  an Arctic case-study.txt,Low public investment in transport and community infrastructure vs WEF security of remote communities,Derived: northern Canada receives 0.6% of public investment and Alaska has no tracking statistics (p. 708),USD 2.6 billion a year in northern Canada vs USD 7.3-8 billion in the Nordic Arctic regions,"Remote and northern energy, freight, and country food",observed
McCarl2017b,2017,Global-with-NA,"Review with US examples: Texas and the San Antonio region and Edwards Aquifer (EDSIMR), the Colorado River, US national bioenergy and agriculture (FASOMGHG, corn ethanol, biodiesel); non-North American examples: Egypt and the Nile Basin, the Indus, a global carbon-tax analysis",4,local:s40518-017-0078-0.txt,"Corn ethanol and biodiesel expansion vs water use, groundwater depletion and by-product markets",Reported US experience: higher corn prices converted land to corn and altered water use; biodiesel saturated the glycerol market (p. 147),Not quantified,"Groundwater pumping, energy prices, and aquifer storage",observed
McCarl2017b,2017,Global-with-NA,"Review with US examples: Texas and the San Antonio region and Edwards Aquifer (EDSIMR), the Colorado River, US national bioenergy and agriculture (FASOMGHG, corn ethanol, biodiesel); non-North American examples: Egypt and the Nile Basin, the Indus, a global carbon-tax analysis",4,local:s40518-017-0078-0.txt,"Drip irrigation and saline-water systems (production cost for one party) vs benefits to others and third-party effects (recharge, subsidence, downstream flows)",Discussion of income distribution and third-party effects (p. 147),Not quantified,"Groundwater pumping, energy prices, and aquifer storage",modeled
McCarl2017b,2017,Global-with-NA,"Review with US examples: Texas and the San Antonio region and Edwards Aquifer (EDSIMR), the Colorado River, US national bioenergy and agriculture (FASOMGHG, corn ethanol, biodiesel); non-North American examples: Egypt and the Nile Basin, the Indus, a global carbon-tax analysis",4,local:s40518-017-0078-0.txt,Upstream reuse vs downstream flow reductions; coal particulate health effects vs power supply,Examples of pervasive third-party externalities (p. 147),Not quantified,"Urban supply, conveyance, desalination, and treatment energy",modeled
Holmatov2023,2023,Global-with-NA,"Global stock-take; North America 8% of documents, USA 6%, Columbia River basin (US-Canada), 69-city US study (Djehdian et al. 2019)",3,local:Natural Resources Forum - 2023 - Holmatov - The nexus across water  energy and food  WEF   Learning from research  build.txt,Model sophistication and data demands vs delivery of on-the-ground outcomes,"reviewed documents rely on complex models and extensive data, and efforts to obtain such data are rarely successful; authors recommend simpler models and starting from available data",fewer than 15 of more than 700 documents report outcomes,Other or unclassified,modeled
Daher2020,2020,US,"San Antonio Region (TWDB Region L), Texas, over the Eagle Ford Shale play",4,local:1-s2.0-S1462901119303661-main.txt,Water for oil and gas (Eagle Ford shale) vs urban growth and agriculture in a resource hotspot,"stated framing: cross-sectoral stakeholders compete for limited water, land, and financial resources; not quantified here",,"Biofuels, bioenergy, and land for energy",observed
Uddameri2018,2018,US,"Southern High Plains of Texas: Ogallala Aquifer over the Dockum Group (Garza, Lynn, Borden, Crosby, Terry, Gaines counties; Lubbock region)",5,local:Env Prog and Sustain Energy - 2017 - Uddameri - Food-energy-water nexus to mitigate sustainability challenges in a.txt,E->W: deeper brackish groundwater supply vs energy for lifting,modeled; Dockum lift energy exceeds Ogallala over 53% of the study area,"typically 1-3 times, locally about 27 times","Groundwater pumping, energy prices, and aquifer storage",modeled
Uddameri2018,2018,US,"Southern High Plains of Texas: Ogallala Aquifer over the Dockum Group (Garza, Lynn, Borden, Crosby, Terry, Gaines counties; Lubbock region)",5,local:Env Prog and Sustain Energy - 2017 - Uddameri - Food-energy-water nexus to mitigate sustainability challenges in a.txt,E->W: desalination for crop-quality water vs energy and farm economics,modeled; energy rises 4-5 times over blending and row-crop revenue cannot cover cost,factor 4-5; 1.0-2.6 kWh/m3 for reverse osmosis,"Irrigated agriculture vs water allocation, income, and ecosystems",modeled
Uddameri2018,2018,US,"Southern High Plains of Texas: Ogallala Aquifer over the Dockum Group (Garza, Lynn, Borden, Crosby, Terry, Gaines counties; Lubbock region)",5,local:Env Prog and Sustain Energy - 2017 - Uddameri - Food-energy-water nexus to mitigate sustainability challenges in a.txt,Short-term yield from salt-tolerant crops on blended brackish water vs long-term depletion of an exhaustible brackish aquifer,authors conclusion; qualitative,,"Groundwater pumping, energy prices, and aquifer storage",modeled
Uddameri2018,2018,US,"Southern High Plains of Texas: Ogallala Aquifer over the Dockum Group (Garza, Lynn, Borden, Crosby, Terry, Gaines counties; Lubbock region)",5,local:Env Prog and Sustain Energy - 2017 - Uddameri - Food-energy-water nexus to mitigate sustainability challenges in a.txt,Cheap rural electricity vs aquifer depletion,narrative; easy access to cheap energy from rural electrification led to over-exploitation of groundwater in the western US,,"Groundwater pumping, energy prices, and aquifer storage",modeled
Uddameri2018,2018,US,"Southern High Plains of Texas: Ogallala Aquifer over the Dockum Group (Garza, Lynn, Borden, Crosby, Terry, Gaines counties; Lubbock region)",5,local:Env Prog and Sustain Energy - 2017 - Uddameri - Food-energy-water nexus to mitigate sustainability challenges in a.txt,Oil and gas activity and intensive irrigation vs Ogallala water quality,"authors state both accelerate saltwater upwelling, evaporative enrichment, and brine seepage",,"Groundwater pumping, energy prices, and aquifer storage",modeled
JonesCrank2022,2022,US,"Phoenix metropolitan area, Arizona (US); Cape Town metropolitan area, South Africa (comparison case, outside North America)",4,local:An Assessment Framework for Integrated Food-Energy-Water Nexus Governance  Application to the Cases of Phoenix and Cape .txt,Water-sector leadership vs inclusion of energy and food actors in Phoenix collaboration,interviews: water actors want to initiate cross-sector collaboration while energy and food actors say they feel excluded from water decision-making; energy governance is centralized and food governance decentralized,,"Rights, equity, revenue, and governance",observed
Newell2020,2020,Global-with-NA,"Editorial summarizing a nine-paper focus issue: 382 US metropolitan areas, Los Angeles, Oxnard (southern California), Arizona and the arid American West, the US diet; Delhi and Hyderabad (India)",3,local:Newell_2020_Environ._Res._Lett._15_050201.txt,"E->W and W->F: alternative irrigation water (recycled, desalinated) vs GHG emissions of crops","modeled life-cycle assessment (Bell et al. 2018, reported in editorial)",+7% to +59% (recycled); +33% to +270% (desalinated),"Urban supply, conveyance, desalination, and treatment energy",modeled
Newell2020,2020,Global-with-NA,"Editorial summarizing a nine-paper focus issue: 382 US metropolitan areas, Los Angeles, Oxnard (southern California), Arizona and the arid American West, the US diet; Delhi and Hyderabad (India)",3,local:Newell_2020_Environ._Res._Lett._15_050201.txt,Healthier USDA guideline diet vs energy and GHG footprint,"modeled diet footprint (Birney et al. 2017, reported in editorial)","+34% energy, +7% GHG, offset by a 50% cut in food loss and waste","Food trade, virtual water, footprints, and diets",modeled
Newell2020,2020,Global-with-NA,"Editorial summarizing a nine-paper focus issue: 382 US metropolitan areas, Los Angeles, Oxnard (southern California), Arizona and the arid American West, the US diet; Delhi and Hyderabad (India)",3,local:Newell_2020_Environ._Res._Lett._15_050201.txt,Selling agricultural water rights to cities vs rural livelihoods,"modeled partial equilibrium (Dozier et al. 2017, reported in editorial): selling rights is often more profitable than farming",,"Irrigated agriculture vs water allocation, income, and ecosystems",modeled
Rahman2025,2025,CA,"Prince Albert Model Forest, central Saskatchewan (about 360,000 ha; Peter Ballantyne Cree Nation, Montreal Lake Cree Nation, Lac La Ronge Indian Band territories)",5,local:1-s2.0-S1462901125002114-main.txt,FL->E: sustainable forest management limits on biomass vs forest bioenergy supply,authors finding; federal rules restrict low-quality wood and forest biomass availability for bioenergy,,"Biofuels, bioenergy, and land for energy",observed
Rahman2025,2025,CA,"Prince Albert Model Forest, central Saskatchewan (about 360,000 ha; Peter Ballantyne Cree Nation, Montreal Lake Cree Nation, Lac La Ronge Indian Band territories)",5,local:1-s2.0-S1462901125002114-main.txt,"Mining and forestry vs water, fisheries, and lake tourism","state institutions cannot sufficiently minimize negative impacts of mining and forestry on local water and fisheries (Table 2, p. 8)",,Hydropower and reservoir operation vs other water uses,observed
Rahman2025,2025,CA,"Prince Albert Model Forest, central Saskatchewan (about 360,000 ha; Peter Ballantyne Cree Nation, Montreal Lake Cree Nation, Lac La Ronge Indian Band territories)",5,local:1-s2.0-S1462901125002114-main.txt,Agricultural expansion for food security vs wildlife conservation (plains bison damage to crops and infrastructure),"limited policy effort to reduce human-wildlife conflict (Table 2, p. 8; p. 9)",,"Irrigated agriculture vs water allocation, income, and ecosystems",observed
Rahman2025,2025,CA,"Prince Albert Model Forest, central Saskatchewan (about 360,000 ha; Peter Ballantyne Cree Nation, Montreal Lake Cree Nation, Lac La Ronge Indian Band territories)",5,local:1-s2.0-S1462901125002114-main.txt,Commercial collection of non-timber forest products vs Indigenous subsistence and traditional land use,Indigenous community members are concerned that commercial collection may affect subsistence (p. 9),,"Remote and northern energy, freight, and country food",observed
Liu2016,2016,US,"California: 10 hydrologic regions, Sacramento-San Joaquin Delta, Central Valley and San Joaquin Valley, South Coast",5,local:s13717-016-0058-0.txt,W->F and E->W: drip irrigation vs energy use for water savings,review statement that some best agricultural management practices such as drip irrigation may use more energy to save water,no magnitude given,"Irrigated agriculture vs water allocation, income, and ecosystems",observed
Liu2016,2016,US,"California: 10 hydrologic regions, Sacramento-San Joaquin Delta, Central Valley and San Joaquin Valley, South Coast",5,local:s13717-016-0058-0.txt,FL->E: biofuel production vs water and food crops,review: biofuels have considerably larger water footprints and conflict with agricultural crops for land and water,,"Irrigated agriculture vs water allocation, income, and ecosystems",observed
Liu2016,2016,US,"California: 10 hydrologic regions, Sacramento-San Joaquin Delta, Central Valley and San Joaquin Valley, South Coast",5,local:s13717-016-0058-0.txt,Delta wetland restoration vs diked private farmland,"more than 1,100 acres of managed wetland restoration against over 700,000 acres of diked farmed wetlands; conflict and trade-off between ecosystem restoration and food production","1,100 vs 700,000 acres","Irrigated agriculture vs water allocation, income, and ecosystems",observed
Liu2016,2016,US,"California: 10 hydrologic regions, Sacramento-San Joaquin Delta, Central Valley and San Joaquin Valley, South Coast",5,local:s13717-016-0058-0.txt,"Desalination, carbon capture and storage, geothermal vs added energy or water demand",review: desalination is energy-intensive and affects aquatic habitats; carbon capture needs water and power; geothermal may use more water,,"Urban supply, conveyance, desalination, and treatment energy",observed
Liu2016,2016,US,"California: 10 hydrologic regions, Sacramento-San Joaquin Delta, Central Valley and San Joaquin Valley, South Coast",5,local:s13717-016-0058-0.txt,Snow-to-rain shift and earlier runoff vs infrastructure designed on historical snowmelt timing,observed shifts in runoff timing; authors state the infrastructure system based on historical hydrology will no longer work as designed,affects about one third of state water supply,"Urban supply, conveyance, desalination, and treatment energy",observed
Natcher2021,2021,Arctic,"Northern Canada as defined by the Arctic Council: Yukon, Northwest Territories, Nunavut, Nunavik (Quebec), and Labrador",5,local:Natcher-NexusApproachWater-2021.txt,"Food security targets vs shared land, water, electricity, and fuel inputs",scored interactions; all 12 negative interactions involve a food target; example: 2.2 (end malnutrition) x 2.3 (double agricultural productivity) scores -2,12 of 210 interactions negative,"Food trade, virtual water, footprints, and diets",observed
Natcher2021,2021,Arctic,"Northern Canada as defined by the Arctic Council: Yukon, Northwest Territories, Nunavut, Nunavik (Quebec), and Labrador",5,local:Natcher-NexusApproachWater-2021.txt,E->F: diesel dependence and high electricity prices vs affordable food in remote communities,observed cost add-ons: northern transport over 20% and electricity rates about 84% higher; Nunavut food prices 140% above southern Canada,140% price premium,"Remote and northern energy, freight, and country food",observed
Natcher2021,2021,Arctic,"Northern Canada as defined by the Arctic Council: Yukon, Northwest Territories, Nunavut, Nunavik (Quebec), and Labrador",5,local:Natcher-NexusApproachWater-2021.txt,W->E: hydro variability in dry years vs diesel backup generation,observed in the NWT in 2017: hydro share fell to 39% and diesel rose to 57% of generation,"39% hydro, 57% diesel in 2017",Hydropower and reservoir operation vs other water uses,observed
Endo2017,2017,Global-with-NA,"Global review of 37 nexus projects; North American institutions include US federal agencies and universities, the Great Lakes Commission, the University of British Columbia, and the Canadian Hydropower Association",3,local:1-s2.0-S2214581815001251-main.txt,FL->E: biofuel production vs food and water,review observation that many water-energy-food nexus projects focused on biofuel production consuming food and water,,"Biofuels, bioenergy, and land for energy",modeled
Mohtar2022,2022,Global-with-NA,"Texas (San Antonio Region L, Lubbock, Eagle Ford Shale, Matagorda County) with international cases in Qatar, the United Arab Emirates, Turkey, Lebanon, and Morocco",4,local:fsufs-06-820305.txt,W->E: shale development and hydraulic fracturing water vs domestic and agricultural water,observed in the Texas projected water gap during peak fracturing; water drawn from domestic and agricultural uses,projected 40% water gap for Texas,"Irrigated agriculture vs water allocation, income, and ecosystems",observed
Mohtar2022,2022,Global-with-NA,"Texas (San Antonio Region L, Lubbock, Eagle Ford Shale, Matagorda County) with international cases in Qatar, the United Arab Emirates, Turkey, Lebanon, and Morocco",4,local:fsufs-06-820305.txt,W->E: nuclear plant cooling water vs other sectors in Matagorda County,tool-based scenario; cooling demand competes with agriculture and others,income gain up to 32 million dollars per year under reallocation,Thermoelectric cooling water vs generation and cost,modeled
Mohtar2022,2022,Global-with-NA,"Texas (San Antonio Region L, Lubbock, Eagle Ford Shale, Matagorda County) with international cases in Qatar, the United Arab Emirates, Turkey, Lebanon, and Morocco",4,local:fsufs-06-820305.txt,"Energy policy options vs water, land, and cost","modeled (EPAT): one technology policy raises water consumption 5%, land use 143%, cost 18%",+5% water; +143% land; +18% cost,"Biofuels, bioenergy, and land for energy",modeled
Mohtar2022,2022,Global-with-NA,"Texas (San Antonio Region L, Lubbock, Eagle Ford Shale, Matagorda County) with international cases in Qatar, the United Arab Emirates, Turkey, Lebanon, and Morocco",4,local:fsufs-06-820305.txt,"Wastewater reuse in agriculture: economic and climate benefits vs perception, emissions, treatment cost, and health risk",perspective summary; qualitative,,"Urban supply, conveyance, desalination, and treatment energy",observed
Mohtar2022,2022,Global-with-NA,"Texas (San Antonio Region L, Lubbock, Eagle Ford Shale, Matagorda County) with international cases in Qatar, the United Arab Emirates, Turkey, Lebanon, and Morocco",4,local:fsufs-06-820305.txt,"Expanding electricity access vs ambient water quality, water availability, and ecosystem health","SDG 2, 6, 7 consortium lesson; qualitative",,"Urban supply, conveyance, desalination, and treatment energy",observed
Alhassan2026,2026,CA,"Newfoundland and Labrador, Canada (interviews mainly in western Newfoundland: Corner Brook, Grenfell Campus)",4,local:1-s2.0-S258979182500060X-main.txt,E->F: controlled-environment and greenhouse agriculture vs energy cost and reliability in remote regions,"informant-reported; energy cost and reliability limit innovation adoption and greenhouse maintenance, against energy poverty (second-highest rate in Canada)",,"Irrigated agriculture vs water allocation, income, and ecosystems",observed
Alhassan2026,2026,CA,"Newfoundland and Labrador, Canada (interviews mainly in western Newfoundland: Corner Brook, Grenfell Campus)",4,local:1-s2.0-S258979182500060X-main.txt,"Climate-driven longer growing season (opportunity for high-value crops) vs frost, drought, pest, and water-quality risks",authors synthesis from interviews and literature; qualitative,growing degree days +150-200,"Irrigated agriculture vs water allocation, income, and ecosystems",observed
Alhassan2026,2026,CA,"Newfoundland and Labrador, Canada (interviews mainly in western Newfoundland: Corner Brook, Grenfell Campus)",4,local:1-s2.0-S258979182500060X-main.txt,"Waste-stream reuse (wood ash, fish waste, kelp, manure) vs odor, transport cost, and regulatory limits on heavy metals",informant-reported barriers to using by-products in agriculture,,Hydropower and reservoir operation vs other water uses,observed
Zhu2025,2025,US,"Palo Duro watershed, Texas High Plains and Panhandle over the Ogallala Aquifer (2,600 km2; Dallam, Hartley, Moore, Hutchinson, Hansford, Sherman counties)",4,local:1-s2.0-S0378377425004317-main.txt,"W->F: groundwater-intensive summer crops (corn, sorghum) vs aquifer storage",modeled; summer crops draw the water table down faster than 0.85 m per year,irrigation over 250 mm per year for corn; decline -0.99 m per year historically,"Groundwater pumping, energy prices, and aquifer storage",modeled
Zhu2025,2025,US,"Palo Duro watershed, Texas High Plains and Panhandle over the Ogallala Aquifer (2,600 km2; Dallam, Hartley, Moore, Hutchinson, Hansford, Sherman counties)",4,local:1-s2.0-S0378377425004317-main.txt,Crop revenue vs heat stress in warming climate (sorghum),"modeled; late-future sorghum yield falls up to 25.2% and revenue falls about 4,988 US dollars per ha under SSP5-8.5",-25.2% yield; -6.6 to -21 million US dollars net benefit,"Irrigated agriculture vs water allocation, income, and ecosystems",modeled
Zhu2025,2025,US,"Palo Duro watershed, Texas High Plains and Panhandle over the Ogallala Aquifer (2,600 km2; Dallam, Hartley, Moore, Hutchinson, Hansford, Sherman counties)",4,local:1-s2.0-S0378377425004317-main.txt,Aquifer depletion vs farm and rural income,context: declining groundwater is projected to cut present-value returns to High Plains farmland (Perez-Quesada et al. 2024),126.7 million by 2050; 266.0 million by 2100 (US dollars),"Groundwater pumping, energy prices, and aquifer storage",modeled
Khan2021,2021,US,"Contiguous United States, national and state level (GCAM-USA, 2015-2100)",5,local:Khan_2021_Environ._Res._Lett._16_065010.txt,FL->E: bioenergy for low-carbon transition vs water and land use in agriculture,modeled (GCAM-USA Low Carbon): purpose-grown biomass concentrates water and land use in agriculture and raises coupling,Magnitude +60% by 2100; New Mexico 85% of agriculture to biomass electricity,"Biofuels, bioenergy, and land for energy",modeled
Khan2021,2021,US,"Contiguous United States, national and state level (GCAM-USA, 2015-2100)",5,local:Khan_2021_Environ._Res._Lett._16_065010.txt,Water-stressed states: agricultural water share vs other uses under biomass expansion,modeled; New Mexico agriculture water share rises from 70% to 80% (about 90% in Low Carbon) as biomass for electricity grows,70% to 80-90% of water to agriculture,"Irrigated agriculture vs water allocation, income, and ecosystems",modeled
Mo2014,2014,US,"Tampa Bay Water planning region, Florida, and San Diego County Water Authority service area, California",4,local:es405648x.txt,"E->W and GHG: seawater desalination for supply security vs energy, emissions, and cost","modeled life-cycle scenario S2 (maximize desalination) has highest energy use, emissions, and cost","S3 saves 5,550 TJ (Tampa Bay) and 35,540 TJ (San Diego) per year relative to S2","Urban supply, conveyance, desalination, and treatment energy",modeled
Mo2014,2014,US,"Tampa Bay Water planning region, Florida, and San Diego County Water Authority service area, California",4,local:es405648x.txt,Imported water for supply vs energy: long-distance conveyance,modeled; San Diego imports about 81% of supply with embodied energy of 32-52 MJ per m3 depending on source,32.1 MJ (Colorado River); 52.2 MJ (Northern California),"Urban supply, conveyance, desalination, and treatment energy",modeled
Mo2014,2014,US,"Tampa Bay Water planning region, Florida, and San Diego County Water Authority service area, California",4,local:es405648x.txt,Low-carbon grid vs electricity price,"observed 2010 grid factors: San Diego has a higher renewable share (emission factor 83.3 vs 148.9 t CO2e per TJ) but a higher base electricity price, which the authors describe as a trade-off of the renewable contribution",price 3.61 vs 2.78 (10^4 US dollars per TJ),"Emissions, climate goals, and cost",observed
Mo2014,2014,US,"Tampa Bay Water planning region, Florida, and San Diego County Water Authority service area, California",4,local:es405648x.txt,Potable reuse vs public acceptance and health risk,authors note public acceptance and perceived health risks as obstacles; analysis limited to non-potable reuse,,"Urban supply, conveyance, desalination, and treatment energy",modeled
Simpson2019,2019,Global-with-NA,Global narrative review; only North American reference is the Eagle Ford shale gas water-energy-transportation nexus in southwestern Texas; examples from South Africa and Lisbon,3,local:1-s2.0-S1877343519300314-main.txt,"W->E: shale gas development vs water, energy, and transportation systems (Eagle Ford, Texas)",cited example of a water-energy-transportation nexus trade-off; not analyzed in the review,,"Biofuels, bioenergy, and land for energy",observed
Guan2020,2020,US,"Phoenix Active Management Area, Arizona (14,623 km2; Salt, Verde, and Colorado River supplies; Central Arizona Project)",5,local:1-s2.0-S0048969719344699-main.txt,W->F vs groundwater and energy: retaining irrigated cropland (food) vs aquifer safe-yield and energy for water,"modeled; CropConst raises peak groundwater use by 83% and energy for water by up to 15%, net recharge -16,611 hm3 by 2069",food (wheat) production about three times BAU; Sustainability Index -8.5,"Groundwater pumping, energy prices, and aquifer storage",modeled
Guan2020,2020,US,"Phoenix Active Management Area, Arizona (14,623 km2; Salt, Verde, and Colorado River supplies; Central Arizona Project)",5,local:1-s2.0-S0048969719344699-main.txt,Megadrought vs groundwater and energy,modeled; Salt River Project inflows -19% and Colorado River -12% raise groundwater use up to 30% and energy for water 5%,"net recharge -8,037 hm3; groundwater overdraft about 2.5 times CropSlow","Groundwater pumping, energy prices, and aquifer storage",modeled
Guan2020,2020,US,"Phoenix Active Management Area, Arizona (14,623 km2; Salt, Verde, and Colorado River supplies; Central Arizona Project)",5,local:1-s2.0-S0048969719344699-main.txt,Urbanization (municipal and industrial growth) vs agricultural water and farmland,observed 1985-2009: farmland halved as population grew from 1.86 to 4.75 million,irrigation share 57% to 33%,"Irrigated agriculture vs water allocation, income, and ecosystems",observed
Guan2020,2020,US,"Phoenix Active Management Area, Arizona (14,623 km2; Salt, Verde, and Colorado River supplies; Central Arizona Project)",5,local:1-s2.0-S0048969719344699-main.txt,E->W: shift to CAP and groundwater (energy-intensive sources) vs energy use,modeled; reclaimed water 2.42 kWh per m3 and CAP conveyance 1.24 kWh per m3 versus 0 for Salt River Project surface water,7% to 33% more water from energy-intensive sources,"Urban supply, conveyance, desalination, and treatment energy",modeled
Ao2023,2023,US,Conterminous United States: 204 HUC-4 watersheds in 18 HUC-2 regions (2017),5,local:Water Resources Research - 2023 - Ao - Food  Energy  and Water Production Within Watersheds of the United States.txt,W->F: food production as dominant blue-water user in stressed watersheds,observed 2017; food is the main blue-water consumer in 71% of high-stress watersheds versus 41% of low-stress ones,high-stress watersheds are 24% of watersheds but 39% of the blue footprint,"Food trade, virtual water, footprints, and diets",observed
Ao2023,2023,US,Conterminous United States: 204 HUC-4 watersheds in 18 HUC-2 regions (2017),5,local:Water Resources Research - 2023 - Ao - Food  Energy  and Water Production Within Watersheds of the United States.txt,Groundwater buffering of stress vs aquifer depletion,observed; the groundwater share of the blue footprint rises with stress and over 90% of US depletion since 2000 sits in three aquifers,"0.11 percentage points per point of stress; over 90% of depletion in Central Valley, High Plains, Mississippi Embayment","Groundwater pumping, energy prices, and aquifer storage",observed
Ao2023,2023,US,Conterminous United States: 204 HUC-4 watersheds in 18 HUC-2 regions (2017),5,local:Water Resources Research - 2023 - Ao - Food  Energy  and Water Production Within Watersheds of the United States.txt,Reservoir storage buffering vs dam age and condition,"observed; FEW dams average 75 years, hydropower dams 97 years, and 31% of assessed irrigation dams are poor or unsatisfactory",31% (irrigation) and 17% (public supply) poor or unsatisfactory,Hydropower and reservoir operation vs other water uses,observed
Ao2023,2023,US,Conterminous United States: 204 HUC-4 watersheds in 18 HUC-2 regions (2017),5,local:Water Resources Research - 2023 - Ao - Food  Energy  and Water Production Within Watersheds of the United States.txt,W->E: thermoelectric and hydropower water use vs water consumption by sector,observed; electricity consumes 15 km3 of blue water (12%) and relies on surface water for 98% of its footprint,15 km3; 98% surface water,Hydropower and reservoir operation vs other water uses,observed
JonesCrank2024b,2024,US,"Phoenix, Arizona (US); Cape Town (South Africa) and Singapore as comparison cases outside North America",4,local:s11625-024-01509-2.txt,"Sector and scale mismatch: water, energy, and food governed at different institutional levels vs cross-sector coordination",authors cross-case finding; qualitative; energy-food link weakest,,"Rights, equity, revenue, and governance",observed
Zhang2018,2018,Global-with-NA,Global review of hydropower by region with a climate analysis; North America (United States and Canada) paragraph and projected change in gross hydropower potential,3,local:1-s2.0-S0960148117309928-main.txt,Climate-driven change in hydropower potential vs electricity demand timing in the US,"projected; gross hydropower potential falls in the US while peak demand intensity and frequency rise significantly, and streamflow seasonality may not match peaks",direction only; no US magnitude given in text,Hydropower and reservoir operation vs other water uses,modeled
Zhang2018,2018,Global-with-NA,Global review of hydropower by region with a climate analysis; North America (United States and Canada) paragraph and projected change in gross hydropower potential,3,local:1-s2.0-S0960148117309928-main.txt,"Hydropower vs irrigation and fisheries (upstream vs downstream, winter vs summer releases)","review of cases outside North America (Ethiopia, Mekong, Aral Sea, Euphrates); qualitative",,Hydropower and reservoir operation vs other water uses,modeled
Mohtar2019,2019,US,"San Antonio region, Texas (TWDB Region L; Groundwater Management Areas 9, 10, 13, and 15; Lubbock; Eagle Ford shale play)",4,local:1-s2.0-S0048969718333825-main.txt,"W->E: shale development water use, emissions, and transport vs economic benefits",authors state economic benefits are straightforward while social costs of shale development are difficult to quantify,,"Biofuels, bioenergy, and land for energy",observed
Mohtar2019,2019,US,"San Antonio region, Texas (TWDB Region L; Groundwater Management Areas 9, 10, 13, and 15; Lubbock; Eagle Ford shale play)",4,local:1-s2.0-S0048969718333825-main.txt,"Water, energy, food hotspot allocation without nexus linkages","definition of a hotspot as a region where allocations ignore the links between resource systems; Texas hotspots have uneven water scarcity, abundant energy, and rapid population growth",,"Urban supply, conveyance, desalination, and treatment energy",observed
Perrone2014,2014,Global-with-NA,"Apalachicola-Chattahoochee-Flint (ACF) River Basin, Georgia/Alabama/Florida, US; global overview; Sri Lanka and Brazil as non-North American comparators",4,local:WIREs Water - 2013 - Perrone - Water  food  and energy security  scrambling for resources or solutions.txt,ACF public water supply for Atlanta vs irrigation vs thermoelectric and hydropower generation vs Apalachicola Bay freshwater inflow in drought,Observed pattern described with USGS withdrawal data (1970 and 2005): demand peaks coincide in summer; interstate conflict is intensified because few agreements allow for temporal changes in flow.,Public-supply share of ACF withdrawals rose from under 10% to over 30% (1970-2005); total ACF withdrawals +35% versus +10% nationally.,"Urban supply, conveyance, desalination, and treatment energy",observed
Perrone2014,2014,Global-with-NA,"Apalachicola-Chattahoochee-Flint (ACF) River Basin, Georgia/Alabama/Florida, US; global overview; Sri Lanka and Brazil as non-North American comparators",4,local:WIREs Water - 2013 - Perrone - Water  food  and energy security  scrambling for resources or solutions.txt,"Hydropower vs irrigated food production under low rainfall (Sri Lanka, non-North American illustration)","Empirical frontier from national data, with the author caveat that data are imperfect.","At about 150 cm annual rainfall, raising hydropower from about 2,200 to 3,100 GWh coincides with paddy output falling from 5 x 10^6 t to 1.5 x 10^6 t (p. 56).",Hydropower and reservoir operation vs other water uses,observed
Perrone2014,2014,Global-with-NA,"Apalachicola-Chattahoochee-Flint (ACF) River Basin, Georgia/Alabama/Florida, US; global overview; Sri Lanka and Brazil as non-North American comparators",4,local:WIREs Water - 2013 - Perrone - Water  food  and energy security  scrambling for resources or solutions.txt,Dry cooling (less water withdrawn and consumed) vs electricity output,Reported qualitatively from the literature: dry cooling reduces withdrawal and consumption significantly but generates less electricity per unit of fuel.,Not quantified in the paper; recirculating cooling consumes about twice as much water as once-through cooling (p. 62-63).,Thermoelectric cooling water vs generation and cost,observed
Smidt2016,2016,US,"High Plains (Ogallala) Aquifer, eight states (SD, WY, NE, CO, KS, OK, NM, TX); Kansas irrigation-technology records; Republican River Compact area",5,local:1-s2.0-S0048969716310579-main.txt,"Irrigation efficiency (LEPA, drip) vs aquifer storage: efficiency rebound","Observed: after widespread LEPA adoption, irrigated acreage rose and total withdrawals increased; groundwater declines were not mitigated because cheaper water applications raised the incentive to irrigate more acres.",Irrigated acreage +11% to +19% between 1990-1996 and 1997-2003; LEPA share rose from under 5% to almost 65% in Kansas (1990-2010).,"Irrigated agriculture vs water allocation, income, and ecosystems",observed
Smidt2016,2016,US,"High Plains (Ogallala) Aquifer, eight states (SD, WY, NE, CO, KS, OK, NM, TX); Kansas irrigation-technology records; Republican River Compact area",5,local:1-s2.0-S0048969716310579-main.txt,Biofuel policy and farm profit (corn for ethanol) vs aquifer depletion,"Observed link described from policy and crop data: the 2005 RFS created a profitability incentive for water-intensive corn, which is irrigated on roughly 70-80% of its area and takes over half of all irrigation water.",Irrigated corn above 50% of High Plains irrigation; 28 billion L (7.5 billion US gallons) of renewable fuel required by 2012.,"Irrigated agriculture vs water allocation, income, and ecosystems",observed
Smidt2016,2016,US,"High Plains (Ogallala) Aquifer, eight states (SD, WY, NE, CO, KS, OK, NM, TX); Kansas irrigation-technology records; Republican River Compact area",5,local:1-s2.0-S0048969716310579-main.txt,Rising energy (pumping lift) costs vs irrigation viability in the Southern High Plains,"Observed qualitative link: groundwater declines raise the cost of the energy needed to lift water, shrinking irrigable acreage in the south (irrigated acres -25% in 1996-2015).",Not quantified in kWh; water-level decline averages 14 m in Texas and 9 m in Kansas.,"Groundwater pumping, energy prices, and aquifer storage",observed
Smidt2016,2016,US,"High Plains (Ogallala) Aquifer, eight states (SD, WY, NE, CO, KS, OK, NM, TX); Kansas irrigation-technology records; Republican River Compact area",5,local:1-s2.0-S0048969716310579-main.txt,"Water conservation by crop switching or dryland farming vs farmer profit, food and rural economy","Literature-based and discussion: irrigation lifts yields 2-4 times; a shift to dryland would cause local economic hardship and fiber, food and fuel losses.",Switching half of irrigated corn to cotton in northern Texas cuts withdrawals about 8% but generally lowers profit.,"Irrigated agriculture vs water allocation, income, and ecosystems",modeled
Wu2021,2021,CA,"Saskatchewan, Canadian Prairies (South and North Saskatchewan, Saskatchewan, Souris, Assiniboine basins; Lake Diefenbaker); interprovincial flows from Alberta to Manitoba",5,local:1-s2.0-S0921344920305097-main.txt,"Irrigation expansion for food production vs hydropower, groundwater and downstream (Manitoba) flows","Modeled: irrigation has priority access to water over hydropower, so expansion around Lake Diefenbaker lowers hydropower and interprovincial flow; the authors also cite work showing negative provincial net benefits of expansion under dry conditions.","400% expansion: food and feed +1.6%, hydropower -2.7%, groundwater demand +0.7%, flow to Manitoba -3.2% (sect. 4.3).",Hydropower and reservoir operation vs other water uses,modeled
Wu2021,2021,CA,"Saskatchewan, Canadian Prairies (South and North Saskatchewan, Saskatchewan, Souris, Assiniboine basins; Lake Diefenbaker); interprovincial flows from Alberta to Manitoba",5,local:1-s2.0-S0921344920305097-main.txt,Biofuel blending (GHG reduction) vs food export surplus and consumer or livestock feed prices,Modeled: E10 from wheat and B5 from canola divert grain and oilseed from export; wheat and canola were 39.4% and 33.1% of agri-food exports in 2018.,"GHG -1.2% versus food surplus -5.0% (wheat -6.3%, canola -12.7%) (sect. 4.3).","Food trade, virtual water, footprints, and diets",modeled
Wu2021,2021,CA,"Saskatchewan, Canadian Prairies (South and North Saskatchewan, Saskatchewan, Souris, Assiniboine basins; Lake Diefenbaker); interprovincial flows from Alberta to Manitoba",5,local:1-s2.0-S0921344920305097-main.txt,"Streamflow decline (climate) vs hydropower, emissions, groundwater use and interprovincial apportionment","Modeled: lower surface flow cuts hydropower, shifts generation to thermal plants (more cooling and mining water, more GHG) and increases groundwater use.","S1: hydropower -5.8%, GHG +0.3%, groundwater demand +2.4%, flow to Manitoba -7.1% (sect. 4.3).","Emissions, climate goals, and cost",modeled
Wu2021,2021,CA,"Saskatchewan, Canadian Prairies (South and North Saskatchewan, Saskatchewan, Souris, Assiniboine basins; Lake Diefenbaker); interprovincial flows from Alberta to Manitoba",5,local:1-s2.0-S0921344920305097-main.txt,Warming vs agricultural production and food exports,Modeled one-at-a-time sensitivity with asymmetric precipitation response: the loss from warming exceeds the gain from wetter conditions.,"+20% temperature: production -24.8%, surplus -29.1%; +20% precipitation: production +3.9%, surplus +4.7% (sect. 4.2).","Irrigated agriculture vs water allocation, income, and ecosystems",modeled
Cook2022,2022,US,"Amarillo, Texas Panhandle (the abstract describes it as south-central Texas); NREL 2015 solar and wind resource data",3,local:1-s2.0-S0048969722012773-main.txt,Total system cost vs land use for renewable generation,Modeled multi-objective (epsilon-constraint) Pareto front for Amarillo using 2015 NREL data.,Minimum cost rises drastically as allowed land falls to 8% of the unconstrained maximum; absolute values appear only in figures (sect. 4.1).,"Biofuels, bioenergy, and land for energy",modeled
Cook2022,2022,US,"Amarillo, Texas Panhandle (the abstract describes it as south-central Texas); NREL 2015 solar and wind resource data",3,local:1-s2.0-S0048969722012773-main.txt,Total system cost vs water use (energy maize irrigation),"Modeled: biomass is the only water user, so cost rises as it is displaced by wind and solar plus storage.","Cost rises as water allowed falls to zero, less steeply than in the land-constrained case (sect. 4.2).",Hydropower and reservoir operation vs other water uses,modeled
Cook2022,2022,US,"Amarillo, Texas Panhandle (the abstract describes it as south-central Texas); NREL 2015 solar and wind resource data",3,local:1-s2.0-S0048969722012773-main.txt,Cheap storage-free bioenergy vs land and water demand,Modeled: biomass avoids storage costs and is cheapest when unconstrained but needs the most land and the only water.,Optimum is 100% biomass without limits; shifts to wind or single-axis tracking solar when water or land is limited (sect. 4.1-4.2).,"Biofuels, bioenergy, and land for energy",modeled
Cook2022,2022,US,"Amarillo, Texas Panhandle (the abstract describes it as south-central Texas); NREL 2015 solar and wind resource data",3,local:1-s2.0-S0048969722012773-main.txt,Land-efficient solar vs storage capacity,"Modeled: at 8% of maximum land there is no area for extra panels, so extra storage must be bought.",Storage added at the 8% limit; panels substitute for storage at the 11% limit (sect. 4.1).,Hydropower and reservoir operation vs other water uses,modeled
Rahman2024,2024,Arctic,"Iqaluit, Nunavut (Baffin Island), with comparisons to Kinngait and Arviat, Nunavut; 2021 fuel contamination of the municipal water supply",5,local:Rahman-WarmingArcticCascading-2024.txt,"Emergency bottled-water supply by air vs food freight, energy use and plastic waste","Observed in the 2021 crisis: air cargo was prioritized for water, delaying food shipments; bottled water is energy-intensive and Iqaluit has no recycling.","More than 1.5 million L on 39 flights; 5.2-10.2 MJ/L; shipping $300 of water from Yellowknife quoted above $3,000; about 265 m3 of plastic diverted in 2022 (p. 365-366).","Urban supply, conveyance, desalination, and treatment energy",observed
Rahman2024,2024,Arctic,"Iqaluit, Nunavut (Baffin Island), with comparisons to Kinngait and Arviat, Nunavut; 2021 fuel contamination of the municipal water supply",5,local:Rahman-WarmingArcticCascading-2024.txt,Consumer water-rate subsidy vs maintenance funding for aging water infrastructure,"Observed: the roughly $2 million a year transferred for infrastructure was used as a rate subsidy (revoked 2017, reinstated March 2024); the authors argue this puts critical infrastructure at risk.",Trucked-water bill $146 to $51 a month; piped $200 and $240 to $70 and $84 a month (p. 368).,"Groundwater pumping, energy prices, and aquifer storage",observed
Rahman2024,2024,Arctic,"Iqaluit, Nunavut (Baffin Island), with comparisons to Kinngait and Arviat, Nunavut; 2021 fuel contamination of the municipal water supply",5,local:Rahman-WarmingArcticCascading-2024.txt,Low-cost diesel-based electricity (subsidized) vs fuel-storage hazard next to the water plant and supply-chain exposure,"Observed: Iqaluit depends on one diesel plant and a seasonal fuel supply, and the 1962 underground fuel tank beside the water plant was the contamination source.","Nunavut diesel subsidy about $60.5 million a year; over 60 million L imported by Iqaluit each year (p. 364, 368).","Remote and northern energy, freight, and country food",observed
Rahman2024,2024,Arctic,"Iqaluit, Nunavut (Baffin Island), with comparisons to Kinngait and Arviat, Nunavut; 2021 fuel contamination of the municipal water supply",5,local:Rahman-WarmingArcticCascading-2024.txt,Water-safety response vs health-care capacity,"Observed: sterilization of surgical equipment could not be assured, so non-emergency surgeries were deferred and urgent patients were flown south.","Medevac about $40,000 per patient (p. 366).","Urban supply, conveyance, desalination, and treatment energy",observed
Ingram2021,2021,Arctic,"Northern Canada: Yukon, Northwest Territories, Nunavut, Nunavik (northern Quebec) and Labrador; compared with national scores for 170 countries",5,local:sustainability-13-13338.txt,Dependence on imported diesel and long-haul transport vs food affordability,"Observed through indicator data and cited costs: northern transport adds an estimated over 20% and electricity rates are about 84% higher, so the energy system raises the price of food.","Healthy food basket CAD 496 a week in Old Crow versus CAD 206 in Whitehorse; energy imports 82.5% of northern energy use (p. 7, 9).","Remote and northern energy, freight, and country food",observed
Ringler2013,2013,Global-with-NA,"Global review; US examples (maize ethanol under the Energy Policy Act of 2005, fossil-energy use in agriculture, thermoelectric withdrawals in the US and Europe)",3,local:1-s2.0-S1877343513001504-main.txt,"Maize ethanol (energy security) vs food prices and the land, water and energy available for food",Observed correlation of food and oil price indexes and described competition under the US Energy Policy Act of 2005.,Correlation 0.94 (2002-2012); food prices up nearly 40% in 2007 (p. 617-618).,"Food trade, virtual water, footprints, and diets",observed
Ringler2013,2013,Global-with-NA,"Global review; US examples (maize ethanol under the Energy Policy Act of 2005, fossil-energy use in agriculture, thermoelectric withdrawals in the US and Europe)",3,local:1-s2.0-S1877343513001504-main.txt,Climate mitigation through bioenergy vs water consumption by the energy sector,"Projected (IEA figures cited): energy-sector water consumption rises mostly through biofuels, and mitigation raised efficiency while water use grew.","Consumption 66 km3/yr (2010) to more than 120 km3/yr (2035), +85% (p. 620, 622).","Biofuels, bioenergy, and land for energy",modeled
Ringler2013,2013,Global-with-NA,"Global review; US examples (maize ethanol under the Energy Policy Act of 2005, fossil-energy use in agriculture, thermoelectric withdrawals in the US and Europe)",3,local:1-s2.0-S1877343513001504-main.txt,"Cheap or free energy for irrigation vs groundwater sustainability (India, non-North American illustration)","Observed, cited from the literature: free electricity for irrigators drove large-scale groundwater depletion.",Not quantified; fuel subsidies reached the poorest 20% only at about 8% (p. 622).,"Groundwater pumping, energy prices, and aquifer storage",observed
Yupanqui2025,2025,Global-with-NA,Global review; worked index examples for Peru and Egypt; North American content limited to US research funding (NSF INFEWS) and the 2015 Texas A&M Resource Nexus Water Forum,2,local:1-s2.0-S2772427125000506-main.txt,Reallocating water to energy or to food vs overall national nexus security,Modeled one-at-a-time sensitivity in a composite risk index for Peru (non-North American illustration).,Index stays in the medium-risk band up to +50% water for energy and +60% water for food (sect. 8).,"Rights, equity, revenue, and governance",modeled
Yupanqui2025,2025,Global-with-NA,Global review; worked index examples for Peru and Egypt; North American content limited to US research funding (NSF INFEWS) and the 2015 Texas A&M Resource Nexus Water Forum,2,local:1-s2.0-S2772427125000506-main.txt,Rising disaster and climate-change risk vs water and food security,Modeled: raising disaster and climate risk raises water and food risk directly.,"Nexus index exceeds 3 (high risk) in all tested scenarios (sect. 8, Fig. 3).","Emissions, climate goals, and cost",modeled
Lopez-Flores2025,2025,MX,"Nuevo León state (Monterrey metropolitan area), northeastern Mexico: four supply dams, 23 aquifers, 16 power plants",3,local:s10668-023-04257-y.txt,Profit vs WEF security vs life-cycle environmental impact (three-objective Pareto trade-off),Modeled: the compromise solution gives up profit and security relative to each single-objective optimum to avoid the very high impacts of the security-maximizing solution (+212% Eco-indicator 99).,"Compromise: profit -56%, WEF index -17.9%, Eco-indicator 99 +107% versus the single-objective references (sect. 5.2).","Food trade, virtual water, footprints, and diets",modeled
Lopez-Flores2025,2025,MX,"Nuevo León state (Monterrey metropolitan area), northeastern Mexico: four supply dams, 23 aquifers, 16 power plants",3,local:s10668-023-04257-y.txt,"Growing water demand and population vs aquifer availability, forcing imports",Modeled: water availability falls to 0 by 2040 and water sustainability falls as imports rise.,Water imports above 50% in the 2020 compromise; population +15% over 2022-2040 (sect. 5.2-5.3).,"Food trade, virtual water, footprints, and diets",modeled
Lopez-Flores2025,2025,MX,"Nuevo León state (Monterrey metropolitan area), northeastern Mexico: four supply dams, 23 aquifers, 16 power plants",3,local:s10668-023-04257-y.txt,Food self-sufficiency (security) vs land-use-driven life-cycle impact,"Modeled: food dominates impacts through land use, and the impact grows with food consumption and imports even when new production is stable.",Food 85-87% of Eco-indicator 99; food impact +53% over 2022-2040 (sect. 5.3).,"Biofuels, bioenergy, and land for energy",modeled
Lopez-Flores2025,2025,MX,"Nuevo León state (Monterrey metropolitan area), northeastern Mexico: four supply dams, 23 aquifers, 16 power plants",3,local:s10668-023-04257-y.txt,Generation capacity held fixed vs rising electricity demand,"Modeled: with no new installed capacity assumed, energy availability falls as demand grows.",Energy availability index decreases to 0.45 by 2040 (sect. 5.3).,"Urban supply, conveyance, desalination, and treatment energy",modeled
Garcia-Martinez2024,2024,MX,"Sonora state, northwestern Mexico, in four regions (R1 border, R2 center, R3 central mountain range, R4 south); the paper itself describes Sonora as northeastern",4,local:1-s2.0-S0255270124000424-main.txt,"Single-sector security maximization (water, energy or food) vs the other two sectors and the overall nexus index","Modeled: maximizing one index raises it by about 44% (water), 10% (energy) or 31% (food) while lowering or leaving the others near baseline.",Water-max IW 1.322 vs 0.913-0.929 otherwise; food-max IF 18.921 vs 14.354-14.362 (Table 1).,"Rights, equity, revenue, and governance",modeled
Garcia-Martinez2024,2024,MX,"Sonora state, northwestern Mexico, in four regions (R1 border, R2 center, R3 central mountain range, R4 south); the paper itself describes Sonora as northeastern",4,local:1-s2.0-S0255270124000424-main.txt,"Stakeholder preferences across alliances (agriculture, mining, cities) vs a common compromise","Modeled with 30 synthetic weight sets clustered into four alliances; each alliance solution differs from the compromise, with water-scarce regions R1 and R3 preferring strong water security.","Normalized nexus index by alliance 0.156-0.452; compromise 0.328, equity 0.263, utopia-tracking 0.102 (Table 1).","Rights, equity, revenue, and governance",modeled
Garcia-Martinez2024,2024,MX,"Sonora state, northwestern Mexico, in four regions (R1 border, R2 center, R3 central mountain range, R4 south); the paper itself describes Sonora as northeastern",4,local:1-s2.0-S0255270124000424-main.txt,"Water use and profit vs CO2 emissions across compromise, equity and utopia-tracking designs",Modeled: higher profit comes with higher water use and emissions.,"Equity design: 5,245.78 hm3, profit 22,000 (x 10^6 $ as printed), 7,664.75 t CO2; utopia-tracking: 2,934.30 hm3, 12,900, 7,532.59 t CO2 (Table 2).","Emissions, climate goals, and cost",modeled
Raya-Tapia2023a,2023,MX,"Mexico (national scale; 32 federal entities treated as one unit); natural gas imports from Texas, US, as a dependence",5,local:1-s2.0-S1462901123000825-main.txt,"Expanding access (piped water, electricity) vs declining water and energy availability",Modeled projections from official series: access indicators rise toward 100% while water availability falls and energy availability turns negative as demand outgrows generation.,W2 piped-water coverage 78.39% (1990) to 100% (2050); W1 availability 0.85 (1997) to 0.74 (2050) (sect. 5.2).,"Urban supply, conveyance, desalination, and treatment energy",modeled
Raya-Tapia2023a,2023,MX,"Mexico (national scale; 32 federal entities treated as one unit); natural gas imports from Texas, US, as a dependence",5,local:1-s2.0-S1462901123000825-main.txt,Rising food production and availability vs falling food access,"Modeled projections: production exceeds consumption throughout, yet the share of people without food access grows because access depends on purchasing power, infrastructure and marginalization.",Food availability indicator 0.43 (2010) to 0.63 (2050) while the share without access rises from 20.36% to 29.96% (sect. 5.2).,Other or unclassified,modeled
Raya-Tapia2023a,2023,MX,"Mexico (national scale; 32 federal entities treated as one unit); natural gas imports from Texas, US, as a dependence",5,local:1-s2.0-S1462901123000825-main.txt,Gas-fired electricity (combined cycle) vs energy security through import dependence on the US,Observed official statistics: combined-cycle plants produced 58.5% of electricity in 2020 and rely on imported gas with very little storage.,Gas imports 63.4% of supply in 2020 (65.8% in 2018); strategic storage 2.4 days (sect. 5.2).,"Urban supply, conveyance, desalination, and treatment energy",observed
Smith2020,2020,MX,"San Quintín Valley, municipality of Ensenada, Baja California, Mexico (four coastal aquifers, 54 private desalination plants); US market for exported berries and vegetables; binational finance (NADBank/BECC)",5,local:1-s2.0-S1462901120300678-main.txt,Subsidized desalination for export agriculture vs aquifer sustainability,"Observed: cheap, subsidized energy and capital make brackish-water desalination viable, but overdraft predates it and continues; the system enables intensification rather than recovery.",Aquifer balance -18.0 Mm3/yr; desalination supplies about 55% of agricultural water use; implied energy subsidy about 40% (sect. 3.2-3.3).,"Groundwater pumping, energy prices, and aquifer storage",observed
Smith2020,2020,MX,"San Quintín Valley, municipality of Ensenada, Baja California, Mexico (four coastal aquifers, 54 private desalination plants); US market for exported berries and vegetables; binational finance (NADBank/BECC)",5,local:1-s2.0-S1462901120300678-main.txt,Water supply for farms by desalination vs GHG emissions and future marine impacts,Estimated (energy intensity 2-5 kWh/m3 times grid factor 0.582 t CO2/MWh); brine disposal and well pumping are not accounted for.,"44,158-110,396 t CO2/yr, equivalent to the energy use of 5,096-12,739 US homes (Table 2).","Emissions, climate goals, and cost",observed
Smith2020,2020,MX,"San Quintín Valley, municipality of Ensenada, Baja California, Mexico (four coastal aquifers, 54 private desalination plants); US market for exported berries and vegetables; binational finance (NADBank/BECC)",5,local:1-s2.0-S1462901120300678-main.txt,Export agriculture revenue and private profit vs household water access and affordability,Observed: farms receive subsidized water and energy while residents buy tanker water; the paper compares household costs with UN benchmarks of 50-100 L per person per day and costs no higher than 3% of income.,"About 33 L per person per day costing 2.02-4.56% of household income; four crops earn about US$141 million a year (sect. 3.1.2, 3.3.1).","Irrigated agriculture vs water allocation, income, and ecosystems",observed
Smith2020,2020,MX,"San Quintín Valley, municipality of Ensenada, Baja California, Mexico (four coastal aquifers, 54 private desalination plants); US market for exported berries and vegetables; binational finance (NADBank/BECC)",5,local:1-s2.0-S1462901120300678-main.txt,Private subsidized desalination vs public seawater desalination funding borne by ratepayers,Observed: the planned public plant does not receive the energy and capital subsidies given to private plants; local utility rates have risen and may rise further.,"250 L/s plant about US$44.9 million, with up to US$34 million from the North American Development Bank (sect. 3.3.2).","Groundwater pumping, energy prices, and aquifer storage",observed
Medina-Santana2020,2020,MX,"Isolated off-grid rural community (20 households, 84 inhabitants, 75,000 m2 of land) in a mountainous region of Michoacán, Mexico; community not named",3,local:1-s2.0-S0098135420305767-main.txt,Profit vs water use (rice vs soybean crop plan),Modeled epsilon-constraint solutions P1 and P3 for the community.,"Water use 24.29 to 12.50 megaliters (-49%) with profit 4,196.69 to 3,646.58 $/yr (-13%) (Table 6).","Irrigated agriculture vs water allocation, income, and ecosystems",modeled
Medina-Santana2020,2020,MX,"Isolated off-grid rural community (20 households, 84 inhabitants, 75,000 m2 of land) in a mountainous region of Michoacán, Mexico; community not named",3,local:1-s2.0-S0098135420305767-main.txt,Profit and bioenergy vs land kept for food (energy-food land competition),"Modeled solutions P9 and P13: protecting traditional cropland reduces sugarcane, hence bioethanol and CHP electricity.","Food-land share 0.667 to 0.833 with profit 4,196.20 to 3,049.24 $/yr (-27%) (Table 6).","Biofuels, bioenergy, and land for energy",modeled
Medina-Santana2020,2020,MX,"Isolated off-grid rural community (20 households, 84 inhabitants, 75,000 m2 of land) in a mountainous region of Michoacán, Mexico; community not named",3,local:1-s2.0-S0098135420305767-main.txt,Energy crops for CHP vs solar PV for land use,"Modeled: energy crops take 96% of the energy area but PV supplies 75% of the energy from 3%, so land-limited designs shift from CHP to PV.",PV 3% of energy area for 75% of energy in the least-cost design (sect. 5.1).,"Irrigated agriculture vs water allocation, income, and ecosystems",modeled
Gonzalez-Bravo2018,2018,MX,"Sonoran Desert, Sonora, northwestern Mexico: Hermosillo, Obregón and Guaymas; irrigation districts 018, 041, 051 and 084; Sonora, Matape and Yaqui rivers; power-desalination plant at Hermosillo bay",3,local:sc8b02484.txt,Annual profit vs jobs created,Modeled multi-objective (stakeholder-weighted) solutions for the Sonora grid; most solutions lie in the economic-social space.,"Profit-only 2,175.973 million $/yr with 68,652 jobs versus solution k 1,157.405 million with 124,210 jobs (Table 4).",Other or unclassified,modeled
Gonzalez-Bravo2018,2018,MX,"Sonoran Desert, Sonora, northwestern Mexico: Hermosillo, Obregón and Guaymas; irrigation districts 018, 041, 051 and 084; Sonora, Matape and Yaqui rivers; power-desalination plant at Hermosillo bay",3,local:sc8b02484.txt,Profit vs GHG emissions,Modeled: higher-profit solutions emit more; equal weighting trades some profit for lower emissions.,"Profit-only 1.262 x 10^7 t CO2-eq/yr versus equal-weight solution 1.178 x 10^7 at 1,267.456 million $/yr; bounds 1.127-1.458 x 10^7 (Tables 2 and 4).","Emissions, climate goals, and cost",modeled
Gonzalez-Bravo2018,2018,MX,"Sonoran Desert, Sonora, northwestern Mexico: Hermosillo, Obregón and Guaymas; irrigation districts 018, 041, 051 and 084; Sonora, Matape and Yaqui rivers; power-desalination plant at Hermosillo bay",3,local:sc8b02484.txt,Biofuel use (more jobs) vs lower GHG and profit,"Modeled: solution k uses more biofuel, which adds jobs but raises emissions slightly and lowers profit relative to j.","Jobs 124,210 versus 120,562; GHG 1.192 versus 1.178 x 10^7 t CO2-eq/yr (Table 4).","Emissions, climate goals, and cost",modeled
Gonzalez-Bravo2018,2018,MX,"Sonoran Desert, Sonora, northwestern Mexico: Hermosillo, Obregón and Guaymas; irrigation districts 018, 041, 051 and 084; Sonora, Matape and Yaqui rivers; power-desalination plant at Hermosillo bay",3,local:sc8b02484.txt,Urban water delivery vs irrigation delivery in energy intensity,Modeled comparison of representative delivery points: delivering to cities is far more energy-intensive.,"Cities 2.580-3.236 versus districts 0.435-1.165 (MW/ha as printed, units doubtful) (Table 7).","Urban supply, conveyance, desalination, and treatment energy",modeled
Raya-Tapia2023b,2023,MX,"Mexico, all 32 federal entities (states and Mexico City), 2019 versus 2020 (pre-pandemic and pandemic years)",5,local:s10668-022-02671-2.txt,Water concessions for thermoelectric power (Guerrero) and for agriculture (Veracruz) vs local water availability,"Observed from CONAGUA concession and generation data: concessioned volumes exceed generated water in both states, putting them in deficit.","Guerrero 4,505.98 hm3 concessioned (69.3% to one thermoelectric plant) versus 3,199.64 hm3 generated in 2020; Veracruz 6,029.27 hm3 (64.2% agricultural) versus 4,304.5 hm3 (sect. 6).",Thermoelectric cooling water vs generation and cost,observed
Raya-Tapia2023b,2023,MX,"Mexico, all 32 federal entities (states and Mexico City), 2019 versus 2020 (pre-pandemic and pandemic years)",5,local:s10668-022-02671-2.txt,Lower electricity consumption (better energy availability) vs economic activity during the pandemic,"Observed: energy availability improved in 43.7% of states because lockdowns cut commercial and industrial demand, while the economy contracted.","National consumption 218,929.62 to 206,564.08 GWh (about -5.6%); commercial -10.8%, large industry -5.6%; GDP -8.5% (sect. 6).","Urban supply, conveyance, desalination, and treatment energy",observed
Raya-Tapia2023b,2023,MX,"Mexico, all 32 federal entities (states and Mexico City), 2019 versus 2020 (pre-pandemic and pandemic years)",5,local:s10668-022-02671-2.txt,Resource security vs economic size in the combined index (Mexico City),"Index design effect: the global WEF index adds GDP per capita and population, so Mexico City ranks first despite the lowest nexus index.","Nexus index 0.466 (2019) and 0.464 (2020) versus global index of at least 0.5, the only state at that level (sect. 6).","Rights, equity, revenue, and governance",observed
Miralles-Wilhelm2018,2018,Global-with-NA,"Latin America and the Caribbean as seven GCAM regions (Argentina, Brazil, Central America and Caribbean, Colombia, Mexico, northern and southern South America); Mexico is the only North American unit",3,local:An_Analysis_of_the_Water_Energy_Food_Nex.txt,"Climate mitigation and decarbonization (biomass, CCS) vs water demand",Modeled with GCAM: the NDC scenario shifts the energy mix toward water-intensive biomass and CCS; the result echoes US findings cited by the authors (Hejazi et al. 2013).,Regional water demand over 35% higher than the reference scenario (sect. IV).,"Biofuels, bioenergy, and land for energy",modeled
Miralles-Wilhelm2018,2018,Global-with-NA,"Latin America and the Caribbean as seven GCAM regions (Argentina, Brazil, Central America and Caribbean, Colombia, Mexico, northern and southern South America); Mexico is the only North American unit",3,local:An_Analysis_of_the_Water_Energy_Food_Nex.txt,Forest-based climate mitigation vs agricultural crop production,"Modeled: carbon values on land expand forest area and slightly reduce crop production, mostly in Brazil and southern South America.",Crop production slightly reduced; not quantified for Mexico in the text (sect. IV).,"Irrigated agriculture vs water allocation, income, and ecosystems",modeled
Miralles-Wilhelm2018,2018,Global-with-NA,"Latin America and the Caribbean as seven GCAM regions (Argentina, Brazil, Central America and Caribbean, Colombia, Mexico, northern and southern South America); Mexico is the only North American unit",3,local:An_Analysis_of_the_Water_Energy_Food_Nex.txt,"Heavily subsidized, cheap water vs efficient allocation among energy and food uses in water-scarce areas","Qualitative argument: realistic water supply costs could change investment allocation, as a World Bank study in South Africa suggested.",Not quantified (sect. IV).,"Groundwater pumping, energy prices, and aquifer storage",modeled
Susnik2022,2022,Global-with-NA,"Global review of nexus applications from household to global scale; Mexico City urban water-energy system (Valek et al. 2017, summarized second-hand) is the only North American content",2,local:3-s2.0-B9780323912235000071-main.txt,Energy-intensive long-distance surface water supply vs overexploited local groundwater in Mexico City,"Summarized from Valek et al. (2017): surface water supply consumed the vast majority of water-system energy, while groundwater overexploitation caused subsidence.","Supply split about 50:50 with energy use dominated by surface water over a barrier above 1,000 m (sect. 2).","Urban supply, conveyance, desalination, and treatment energy",modeled
Villalba-Pastrana2024,2024,MX,"Mexico City (Valley of Mexico) and its supply and disposal chains: Cutzamala and Lerma systems, Mezquital Valley and Atotonilco treatment plant (Hidalgo), Tula and Minatitlán refineries, food-supplying states",5,local:1-s2.0-S2590252024000035-main.txt,Electrifying transport vs decarbonizing the electricity mix (climate and SDG 13),"Inference from the holistic life-cycle results (not a scenario run): with 80% fossil electricity in 2015, switching transport to electricity would move direct impacts to indirect, upstream ones.","Direct transport impact 1,845 kg CO2eq per capita; electricity supply already 934 kg CO2eq per capita upstream (p. 7, 12).","Urban supply, conveyance, desalination, and treatment energy",modeled
Villalba-Pastrana2024,2024,MX,"Mexico City (Valley of Mexico) and its supply and disposal chains: Cutzamala and Lerma systems, Mezquital Valley and Atotonilco treatment plant (Hidalgo), Tula and Minatitlán refineries, food-supplying states",5,local:1-s2.0-S2590252024000035-main.txt,Promoting local food production vs Mexico City water security,"Authors' argument from the results: without actions such as using treated water for irrigation, more local production would create a strong short- or medium-term risk to water security and add to the energy used to move water to the city.","Food accounts for 67% (85 m3 per capita) of indirect water consumption; the aquifer already supplies 74 of 110 m3 per capita (p. 7-8, 12).","Urban supply, conveyance, desalination, and treatment energy",modeled
Villalba-Pastrana2024,2024,MX,"Mexico City (Valley of Mexico) and its supply and disposal chains: Cutzamala and Lerma systems, Mezquital Valley and Atotonilco treatment plant (Hidalgo), Tula and Minatitlán refineries, food-supplying states",5,local:1-s2.0-S2590252024000035-main.txt,"Imported Cutzamala water (energy-intensive, drought-exposed) vs overexploited local aquifer",Observed context: regional droughts have sharply reduced Cutzamala storage while the aquifer is overdrafted; the authors conclude that imports from external basins cannot be the main strategy.,"Supply split 67.5% aquifer and 31.8% Lerma-Cutzamala; 1,100 m lift over 126 km (p. 3, 8).","Groundwater pumping, energy prices, and aquifer storage",observed
Villalba-Pastrana2024,2024,MX,"Mexico City (Valley of Mexico) and its supply and disposal chains: Cutzamala and Lerma systems, Mezquital Valley and Atotonilco treatment plant (Hidalgo), Tula and Minatitlán refineries, food-supplying states",5,local:1-s2.0-S2590252024000035-main.txt,Wastewater treatment benefits vs the electricity it requires,"LCA result: treatment avoids large water, eutrophication and toxicity impacts, but electricity demand dominates the plant's own acidification burden.","Atotonilco electricity is 64% (23,740,818 kWh) of downstream terrestrial acidification (p. 12).","Urban supply, conveyance, desalination, and treatment energy",observed
FerollaSpyerPrates2025,2025,MX,"Mexico (national), with examples from the Sonora lithium region and Mexico City; 48 Mexico-specific articles from Web of Science and Scopus (searched 25 September 2024)",3,local:s00550-025-00582-0.txt,"Energy transition technologies (green hydrogen, lithium for batteries) vs water availability and community rights in water-scarce regions","Literature-based synthesis: green hydrogen relies on water electrolysis, roadmaps omit water stress, and lithium mining in Sonora occurs where water is already short and communities raise concerns.",Lithium demand 42 times higher in 2040 than in 2020; hydrogen water demand not quantified (sect. 5.1.2-5.1.3).,"Biofuels, bioenergy, and land for energy",observed
FerollaSpyerPrates2025,2025,MX,"Mexico (national), with examples from the Sonora lithium region and Mexico City; 48 Mexico-specific articles from Web of Science and Scopus (searched 25 September 2024)",3,local:s00550-025-00582-0.txt,"Decarbonization of energy and mobility vs material demand, mining conflicts and new waste streams","Literature-based synthesis: electrification and renewables raise mineral extraction and create end-of-life streams (panels, turbines, batteries) and may burden low-income groups.","Not quantified; energy-material code overlaps 80 and energy-waste 91 (Table 4, sect. 5.1.3-5.1.4).","Biofuels, bioenergy, and land for energy",observed
FerollaSpyerPrates2025,2025,MX,"Mexico (national), with examples from the Sonora lithium region and Mexico City; 48 Mexico-specific articles from Web of Science and Scopus (searched 25 September 2024)",3,local:s00550-025-00582-0.txt,Low-cost imported US shale gas (cost and supply) vs adoption of clean energy,Literature-based: cheap gas imports make clean energy harder to adopt and keep the electricity matrix fossil-dependent.,Imported natural gas 57.8% of electricity in 2023 against 13.75% for solar plus wind (sect. 4.2).,"Urban supply, conveyance, desalination, and treatment energy",observed
Cansino-Loeza2024,2024,MX,"Sonora, northwestern Mexico, in four regions (R1 border, R2 central, R3 central-sierra, R4 south)",3,local:s41660-024-00422-6.txt,Maximum nexus security (and profit) vs water consumption and GHG emissions,"Modeled: Scenario A uses the most water and emits the most GHG, whereas the energy-security design uses far less water and emits less.","Water 6,135.56 vs 2,110.06 hm3 (-65%); GHG 15% higher in A; profit 23,500 vs 7,691.79 million US dollars (Table 3).","Emissions, climate goals, and cost",modeled
Cansino-Loeza2024,2024,MX,"Sonora, northwestern Mexico, in four regions (R1 border, R2 central, R3 central-sierra, R4 south)",3,local:s41660-024-00422-6.txt,Energy security vs water and food security,Modeled: maximizing energy security lowers water and food sustainability and the combined index.,"Versus Scenario A: water index -57.9%, food index -42.7%, nexus index -34.7% (p. 1204).","Rights, equity, revenue, and governance",modeled
Cansino-Loeza2024,2024,MX,"Sonora, northwestern Mexico, in four regions (R1 border, R2 central, R3 central-sierra, R4 south)",3,local:s41660-024-00422-6.txt,Per-capita electricity access (as an HDI proxy) vs nexus security index,"Modeled: raising access from 1,500 to 2,200 kWh per capita raises the Sustainable Development Index but lowers the energy accessibility and nexus indices because demand is harder to meet.",Sustainable Development Index 5.87 to 5.93; nexus index 1.73 to 1.711 (Table 4).,"Rights, equity, revenue, and governance",modeled
Rasooli2026,2026,MX,"Upper Atoyac River basin (Alto Atoyac), Tlaxcala-Puebla Valley, central Mexico: 82 municipalities in Tlaxcala, Puebla and the State of Mexico, a tributary of the Balsas River",4,local:Global Challenges - 2026 - Rasooli - Synergetic Benefits of Agricultural Sewage Reuse and Floating Photovoltaics in Mexi.txt,Realistic water pricing (efficient valuation) vs affordability and political acceptability for farmers,"Observed governance context cited by the authors: water prices are kept low, governments avoid realistic pricing, and over 90% of proposed projects are rejected by the Ministry of Finance because of rigid pricing policy.","The model therefore monetizes wastewater treatment through solar sales; implicit water value only -0.2 to 0.8 USD/m3 (sect. 3.2, 4.4).","Rights, equity, revenue, and governance",observed
Rasooli2026,2026,MX,"Upper Atoyac River basin (Alto Atoyac), Tlaxcala-Puebla Valley, central Mexico: 82 municipalities in Tlaxcala, Puebla and the State of Mexico, a tributary of the Balsas River",4,local:Global Challenges - 2026 - Rasooli - Synergetic Benefits of Agricultural Sewage Reuse and Floating Photovoltaics in Mexi.txt,Treated-sewage irrigation (food and income) vs pollutant and pathogen exposure and ecological effects,"Qualitative risk discussion: the Atoyac is already contaminated, informal abstractions raise pathogen exposure, and floating PV reduces light penetration in ponds.",Not quantified; risks judged limited for small artificial ponds designed to national and FAO standards (sect. 4.2).,"Irrigated agriculture vs water allocation, income, and ecosystems",observed
Rasooli2026,2026,MX,"Upper Atoyac River basin (Alto Atoyac), Tlaxcala-Puebla Valley, central Mexico: 82 municipalities in Tlaxcala, Puebla and the State of Mexico, a tributary of the Balsas River",4,local:Global Challenges - 2026 - Rasooli - Synergetic Benefits of Agricultural Sewage Reuse and Floating Photovoltaics in Mexi.txt,Drought and temperature extremes vs the scheme's water supply,"Qualitative: droughts raise irrigation demand while lowering sewage availability, although the authors judge rainfed corn even more fragile.","Irrigation demand peaks over about 60 days from late July to early September, when water stress multiplies corn yield loss by a factor of 2.3 (sect. 3.1, 4.3).","Irrigated agriculture vs water allocation, income, and ecosystems",modeled
Nunez-Lopez2022,2022,MX,"Two arid and semiarid northern Mexican cities: Monterrey Metropolitan Area (Nuevo León) and Hermosillo (Sonora); hurricane, low-temperature and drought failure modes for 2013, 2015, 2019, 2025 and 2030",4,local:s10098-022-02273-6.txt,Urban water supply for Hermosillo vs irrigation rights of high-production agricultural regions,"Observed conflict context: during droughts the city moves water from other regions, whose irrigators demand that their rights be respected.","Dams at minimum levels; sown area reduced by more than 160,000 ha by scarcity events in Sonora (p. 1687-1688).","Urban supply, conveyance, desalination, and treatment energy",observed
Nunez-Lopez2022,2022,MX,"Two arid and semiarid northern Mexican cities: Monterrey Metropolitan Area (Nuevo León) and Hermosillo (Sonora); hurricane, low-temperature and drought failure modes for 2013, 2015, 2019, 2025 and 2030",4,local:s10098-022-02273-6.txt,Falling energy penalty costs (renewable expansion) vs rising water and food penalty costs,Modeled projection: cost shifts across sectors as renewables displace fossil supply while population growth raises demand for water and food.,"Energy -38.28%, water +22.33% (Hermosillo) and +20.40% (Monterrey), food about +15% over 2019-2030 (p. 1689).","Urban supply, conveyance, desalination, and treatment energy",modeled
Cansino-Loeza2020,2020,MX,"Sonora, northwestern Mexico (Sonoran Desert): Sonora, Yaqui and Mayo river basins, Hermosillo, Ciudad Obregón and the Yaqui Valley, five irrigation districts",4,local:sc0c04333.txt,"Urban water supply for Hermosillo by inter-basin transfer vs agricultural irrigation rights in the Yaqui Valley, cost and energy use","Observed conflict: a new aqueduct from El Novillo dam serves Hermosillo, but Yaqui irrigators claim the dam under irrigation rights; the authors describe transfers as expensive and energy-intensive.","Irrigation district 041 alone is distributed 2,106.2 hm3 a year; Sonora's overall aquifer balance is -33.982 hm3 a year (p. 13739-13740, 13744).","Irrigated agriculture vs water allocation, income, and ecosystems",observed
Cansino-Loeza2020,2020,MX,"Sonora, northwestern Mexico (Sonoran Desert): Sonora, Yaqui and Mayo river basins, Hermosillo, Ciudad Obregón and the Yaqui Valley, five irrigation districts",4,local:sc0c04333.txt,"Secure access to water, energy and food vs sustainability (dependence on imports)",Index result for 2013-2019 and projections: access indicators are near 1 while availability and sustainability indicators are low because services are met by imports from other regions.,"In-state energy capacity about 14% of energy consumption; water availability and sustainability expected to fall by 2030 (p. 13742-13743, Table 7).","Food trade, virtual water, footprints, and diets",modeled
Cansino-Loeza2020,2020,MX,"Sonora, northwestern Mexico (Sonoran Desert): Sonora, Yaqui and Mayo river basins, Hermosillo, Ciudad Obregón and the Yaqui Valley, five irrigation districts",4,local:sc0c04333.txt,Mining and industrial water use in water-scarce areas vs other water users,"Qualitative: mines located in water-scarce areas compete with other users and pollute water, making access harder for all users.",Not quantified; industry takes 115 hm3 a year (p. 13738-13739).,"Biofuels, bioenergy, and land for energy",modeled
Lopez-Diaz2018,2018,MX,"Balsas River watershed, central-west Mexico (23 reaches), supplying biofuel markets in ten cities (Mexico City, Guadalajara, Puebla, León, Querétaro, Toluca, Morelia, Cuernavaca, Uruapan, Lázaro Cárdenas)",3,local:s10098-017-1395-0.txt,Expected profit vs fresh water demand of the biorefining system,Modeled stochastic Pareto curve: more profitable designs use more water; the minimum-water design sacrifices most of the profit.,"US$7.58 x 10^8 at 3.24 x 10^7 m3 versus US$1.68 x 10^8 at 2.07 x 10^7 m3 (Table 4, Case study).",Other or unclassified,modeled
Lopez-Diaz2018,2018,MX,"Balsas River watershed, central-west Mexico (23 reaches), supplying biofuel markets in ten cities (Mexico City, Guadalajara, Puebla, León, Querétaro, Toluca, Morelia, Cuernavaca, Uruapan, Lázaro Cárdenas)",3,local:s10098-017-1395-0.txt,Biofuel feedstock production vs land and food-crop area,"Modeled: existing cultivated area cannot supply the feedstock, so new area must be cultivated; the minimum-water design needs more new land.","19,377 ha of new area in the selected design; 34,224 ha of corn and 3,268 ha of oil palm in the minimum-water design (Case study).","Irrigated agriculture vs water allocation, income, and ecosystems",modeled
Lopez-Diaz2018,2018,MX,"Balsas River watershed, central-west Mexico (23 reaches), supplying biofuel markets in ten cities (Mexico City, Guadalajara, Puebla, León, Querétaro, Toluca, Morelia, Cuernavaca, Uruapan, Lázaro Cárdenas)",3,local:s10098-017-1395-0.txt,Biorefinery water demand vs river flow in the watershed,"Modeled: the largest flowrate drop occurs in the reach hosting a large biorefinery, while in worst-case scenarios water is shifted to grain production.","Largest flow reduction in reach 15; other reaches not quantified in the text (Case study, Fig. 12).",Other or unclassified,modeled
Romero-Lankao2018,2018,Multi-NA,"Boulder (Colorado Front Range) and New York City, US; Mexico City with the Cutzamala and Lerma source basins; Accra, Ghana, as a non-North American comparator",4,local:1-s2.0-S1462901117304148-main.txt,Energy-intensive imported surface water (Cutzamala) vs source-region livelihoods and greenhouse gas emissions,"Observed arrangement: pumping water over 1,000 m for more than 100 km emits greenhouse gases and affects the agricultural livelihoods of Indigenous Mazahua communities, while the city continues to overdraw its aquifer.","Aquifer extraction 19.1-22.2 m3/s; transfers pumped to a city at 2,200 m above sea level (sect. 2.2, 4.2).","Groundwater pumping, energy prices, and aquifer storage",observed
Romero-Lankao2018,2018,Multi-NA,"Boulder (Colorado Front Range) and New York City, US; Mexico City with the Cutzamala and Lerma source basins; Accra, Ghana, as a non-North American comparator",4,local:1-s2.0-S1462901117304148-main.txt,Efficient just-in-time food logistics vs resilience of food supply to extreme events (New York),"Observed: since the 1980s food comes from across the country and abroad with small inventories, so storm closures of transport infrastructure disrupted the food supply chain.",Sandy: transport shutdown plus 2.2 million people without power (sect. 4.2).,"Urban supply, conveyance, desalination, and treatment energy",observed
Romero-Lankao2018,2018,Multi-NA,"Boulder (Colorado Front Range) and New York City, US; Mexico City with the Cutzamala and Lerma source basins; Accra, Ghana, as a non-North American comparator",4,local:1-s2.0-S1462901117304148-main.txt,Oil and gas production (energy) vs water quality during floods (Boulder),Observed: flooding threatened spills across the Front Range; shutdown and setback rules reduced but did not prevent releases.,"About 1,900 wells shut in; at least 83,000 L (22,000 gallons) of oil spilled (sect. 4.1).",Hydropower and reservoir operation vs other water uses,observed
Cansino-Loeza2021,2021,MX,"Comarca Lagunera (La Laguna), northern Mexico: 16 municipalities (5 in Coahuila, 11 in Durango, including Torreón, Gómez Palacio and Lerdo), Lázaro Cárdenas and Francisco Zarco dams, 10 aquifers",3,local:1-s2.0-S0959652620352380-main.txt,System cost vs fresh water abstraction vs GHG emissions (single-objective designs),"Modeled: designing for one objective sacrifices the others; the cheapest design buys no wastewater treatment capacity and abstracts more water, while the lowest-water design chooses costly landfills with the highest emissions.","Min Water costs about 4 times Min Cost and emits 42% more than Min GHGE; Min Cost abstracts about 5% more water (Tables 1-2, sect. 4).","Emissions, climate goals, and cost",modeled
Cansino-Loeza2021,2021,MX,"Comarca Lagunera (La Laguna), northern Mexico: 16 municipalities (5 in Coahuila, 11 in Durango, including Torreón, Gómez Palacio and Lerdo), Lázaro Cárdenas and Francisco Zarco dams, 10 aquifers",3,local:1-s2.0-S0959652620352380-main.txt,Landfill biogas capture (waste-to-energy) vs capital cost and GHG emissions,Modeled: landfills are the most expensive waste-to-energy option and the largest GHG source compared with gasification and anaerobic digestion.,"Landfill capital 14,400 vs 4,320 million US dollars; emissions 96,828.1 vs 57,827.3 x 10^3 t CO2 (Tables 1-2).","Emissions, climate goals, and cost",modeled
Cansino-Loeza2021,2021,MX,"Comarca Lagunera (La Laguna), northern Mexico: 16 municipalities (5 in Coahuila, 11 in Durango, including Torreón, Gómez Palacio and Lerdo), Lázaro Cárdenas and Francisco Zarco dams, 10 aquifers",3,local:1-s2.0-S0959652620352380-main.txt,"Water scarcity (halved recharge) vs agriculture, dairy output and food security","Modeled scenario: water supplied to agriculture and livestock is cut, lowering crop and milk output and raising system cost.","Agricultural water -60% to 353.74 hm3; crops -40%; milk -70%; cost +45% (sect. 4.5, Tables 8-10).","Irrigated agriculture vs water allocation, income, and ecosystems",modeled
Steadman2025,2025,US,"US Gulf Coast states (Texas, Louisiana, Mississippi, Alabama, Florida) and Gulf waters, linked to the Permian Basin, the Ogallala Aquifer and the Mississippi River basin; no Mexican territory is analyzed",4,local:s41598-025-14099-5.txt,Nutrient-intensive agriculture and fertilizer production (food) vs Gulf water quality and fishing and restaurant industries,"Reported in news and grey sources: excess nutrients carried by the Mississippi create the dead zone, contaminate seafood and cut catches, at financial cost to local industries.","Dead zone among the top three largest worldwide in 2024; fertilizer industry drives 26 tensions (Discussion, Table 3).",Hydropower and reservoir operation vs other water uses,observed
Steadman2025,2025,US,"US Gulf Coast states (Texas, Louisiana, Mississippi, Alabama, Florida) and Gulf waters, linked to the Permian Basin, the Ogallala Aquifer and the Mississippi River basin; no Mexican territory is analyzed",4,local:s41598-025-14099-5.txt,"Selling water rights to oil and gas (landowner income, energy supply) vs agricultural production and interstate water relations","Reported: landowners with contaminated land or poor irrigation water sell rights, including across state lines, which lowers agricultural productivity and fuels Texas-New Mexico disputes.","Water-market theme: water drove 41 and received 59 primary-impact references (Table 2, Table 5).","Irrigated agriculture vs water allocation, income, and ecosystems",observed
Steadman2025,2025,US,"US Gulf Coast states (Texas, Louisiana, Mississippi, Alabama, Florida) and Gulf waters, linked to the Permian Basin, the Ogallala Aquifer and the Mississippi River basin; no Mexican territory is analyzed",4,local:s41598-025-14099-5.txt,Hydraulic fracturing (energy production) vs water availability and quality in the Permian Basin and Ogallala Aquifer,"Reported: fracking needs far more water than conventional extraction, produced water is injected or disposed of, and over-allocation drives scarcity.","Ogallala consumed about 10 times faster than recharge; energy drives 39 tensions in the Permian theme (Discussion, Table 2).","Groundwater pumping, energy prices, and aquifer storage",observed
Steadman2025,2025,US,"US Gulf Coast states (Texas, Louisiana, Mississippi, Alabama, Florida) and Gulf waters, linked to the Permian Basin, the Ogallala Aquifer and the Mississippi River basin; no Mexican territory is analyzed",4,local:s41598-025-14099-5.txt,Biosolids as low-cost fertilizer (waste recycling) vs health and water contamination (PFAS),"Reported: biosolids contain more than 700 pollutants, landowners report harm to crops, livestock and water, and products are not required to be labeled.",Biosolids theme: 37 references to water driving tensions and 37 primary impacts on food (Table 2).,"Irrigated agriculture vs water allocation, income, and ecosystems",observed
OswaldSpring2016,2016,MX,"Mexico (national): drylands, northern shale-gas deserts (Chihuahuan and Nuevo León-Tamaulipas), Cutzamala system, border states; the text file holds only pp. 113-122 of the chapter (pp. 113-144)",3,local:HansGünterBrauc_2016_6TheWaterEnergyFoodan_AddressingGlobalEnvir.txt,Shale gas development (energy) vs deep aquifers in water-scarce northern drylands,Author's argument in the abstract and introduction (not quantified in the available pages): fracking in water-scarce regions affects deep aquifers and limits adaptation to climate change.,"Not quantified; the reserve is the fourth largest worldwide and lies where aquifers are already overexploited (p. 113, 116).","Groundwater pumping, energy prices, and aquifer storage",observed
OswaldSpring2016,2016,MX,"Mexico (national): drylands, northern shale-gas deserts (Chihuahuan and Nuevo León-Tamaulipas), Cutzamala system, border states; the text file holds only pp. 113-122 of the chapter (pp. 113-144)",3,local:HansGünterBrauc_2016_6TheWaterEnergyFoodan_AddressingGlobalEnvir.txt,Free-trade policy and subsidized food imports vs smallholder livelihoods on rain-fed land and food sovereignty,Author's argument: massive subsidized imports and weak protection of smallholder farmers drive migration to cities and abroad and raise social vulnerability.,"Not quantified in the available pages (p. 114-115, 120-121).","Food trade, virtual water, footprints, and diets",observed
PenaTorres2024,2024,MX,"Sinaloa state, northwest Mexico (hydrological region covering 85% of the state; Culiacán, Mazatlán, Los Mochis; 8 aquifers, dams, 15 deep-well municipalities)",4,local:1-s2.0-S0098135423003435-main.txt,"Net economic benefit (exported fertilizer, natural-gas power) vs GHG emissions","Modeled: the two objectives conflict along the Pareto front (points A to K, Table 3); the solution that maximizes profit relies on fertilizer exports and mostly natural gas.","Emissions up more than 2,000-fold (1.03E+06 to 2.25E+09 t CO2e) for a net benefit gain of about 63,800 million USD (computed from -22,010 to +41,813).","Emissions, climate goals, and cost",modeled
PenaTorres2024,2024,MX,"Sinaloa state, northwest Mexico (hydrological region covering 85% of the state; Culiacán, Mazatlán, Los Mochis; 8 aquifers, dams, 15 deep-well municipalities)",4,local:1-s2.0-S0098135423003435-main.txt,Domestic demand growth vs export-fertilizer profit (water and energy diverted from export production),"Modeled: lower domestic demand frees water and energy for fertilizer exports, so profit rises as demand falls and declines as demand grows (Table 5).","Max-benefit net benefit 51,250 (0.25x demand) to 28,609 million USD (2x demand); expected 2030 domestic demand is about +12%.","Food trade, virtual water, footprints, and diets",modeled
PenaTorres2024,2024,MX,"Sinaloa state, northwest Mexico (hydrological region covering 85% of the state; Culiacán, Mazatlán, Los Mochis; 8 aquifers, dams, 15 deep-well municipalities)",4,local:1-s2.0-S0098135423003435-main.txt,"Low-carbon supply (desalination, waste gasification) vs cost","Modeled: the min-GHG design builds 2 desalination plants and 3 gasifiers, at a net loss; the max-benefit design avoids them and saves 19,458 million USD of costs.","Net benefit -22,010 vs +41,813 million USD","Urban supply, conveyance, desalination, and treatment energy",modeled
Yadav2021,2021,US,"New Mexico (state and county scale): Rio Grande corridor, Elephant Butte Reservoir, Permian Basin (southeast), San Juan Basin (northwest), Chihuahuan Desert",5,local:fenvs-09-667018.txt,"Oil and gas extraction (water use, fiscal dependence) vs agricultural water and drought resilience","Observed: fracking uses 1.9-30 million L per well and mining relies on groundwater, while state finances depend on oil and gas (about 35% of funding for public services); the 2014-2016 oil price crash caused a state fiscal crisis.","Mining 52.17 million m3 in 2015 (about 1.4% of 3.84 billion m3 withdrawals, computed); irrigation 84% of freshwater withdrawals.","Biofuels, bioenergy, and land for energy",observed
Yadav2021,2021,US,"New Mexico (state and county scale): Rio Grande corridor, Elephant Butte Reservoir, Permian Basin (southeast), San Juan Basin (northwest), Chihuahuan Desert",5,local:fenvs-09-667018.txt,Livestock value vs blue and green water footprint,Observed (secondary data): dairy and beef lead agricultural value but need large feed water; dairy cows have the highest blue water footprint.,"Beef 28,203 L per kg; dairy cows 23,597 thousand m3 per year of blue water.","Food trade, virtual water, footprints, and diets",observed
Yadav2021,2021,US,"New Mexico (state and county scale): Rio Grande corridor, Elephant Butte Reservoir, Permian Basin (southeast), San Juan Basin (northwest), Chihuahuan Desert",5,local:fenvs-09-667018.txt,Increased groundwater reliance in drought vs salinity and aquifer storage,"Qualitative statement in the paper (not measured): drought pushes users to groundwater, raising salinity risk.",Groundwater 47.66% of withdrawals; no salinity figures given.,"Groundwater pumping, energy prices, and aquifer storage",observed
SanchezZarco2020,2020,MX,"Nuevo León state, northeast Mexico (Monterrey Metropolitan Area, 13 municipalities); water imported from Tamaulipas",5,local:s10098-020-01964-2.txt,Imported water for Monterrey vs agricultural water in Tamaulipas,Observed risk and trend analysis: about half of the state's water is imported from Tamaulipas and competes with agricultural users there; the authors expect conflict during droughts.,"Local sources cover about 51% of supply; surface-water balance deficit 1,568.43 hm3 per year.","Irrigated agriculture vs water allocation, income, and ecosystems",observed
SanchezZarco2020,2020,MX,"Nuevo León state, northeast Mexico (Monterrey Metropolitan Area, 13 municipalities); water imported from Tamaulipas",5,local:s10098-020-01964-2.txt,Urban and industrial concentration vs rural and agricultural users,"Qualitative: 88% of the population lives in the metro area, driving competition with agriculture inside the state and with Tamaulipas.",No magnitude reported beyond population share.,"Irrigated agriculture vs water allocation, income, and ecosystems",observed
SanchezZarco2020,2020,MX,"Nuevo León state, northeast Mexico (Monterrey Metropolitan Area, 13 municipalities); water imported from Tamaulipas",5,local:s10098-020-01964-2.txt,Food import reliance vs drought crop-loss risk,The authors judge food import risk lower than crop losses in drought because of high purchasing power.,"Imports 4,073 to 6,040 thousand t (2013-2019).","Food trade, virtual water, footprints, and diets",modeled
SanchezZarco2023,2023,MX,"Nuevo León state, northeast Mexico (third-largest contributor to national GDP; migration destination); basins and municipalities not named in the main text",4,local:1-s2.0-S095965262301692X-main.txt,WEF security vs environmental footprint and cost,Modeled: prioritizing nexus security moves the system between its maximum and minimum security and raises both Eco-indicator 99 damage and profit.,"Footprint and profit both up 13%; scenario B profit 1,266.64 million USD.","Food trade, virtual water, footprints, and diets",modeled
SanchezZarco2023,2023,MX,"Nuevo León state, northeast Mexico (third-largest contributor to national GDP; migration destination); basins and municipalities not named in the main text",4,local:1-s2.0-S095965262301692X-main.txt,Local water security vs cost of imported water,"Modeled: scenario D meets demand with 97% imported water, which raises cost without raising profit and gives the lowest nexus security.",Imported water 97% of supply; nexus security sum 1.73 (minimum).,"Urban supply, conveyance, desalination, and treatment energy",modeled
SanchezZarco2023,2023,MX,"Nuevo León state, northeast Mexico (third-largest contributor to national GDP; migration destination); basins and municipalities not named in the main text",4,local:1-s2.0-S095965262301692X-main.txt,Diet adequacy and food self-sufficiency vs environmental damage,"Modeled: low-damage scenarios supply a narrow imported diet (D: 2 of 7 groups), while full diets rely on imports (E); local grain sorghum and beef cattle cause the highest biodiversity and DALY burdens.",Food is 75-95% of Eco-indicator 99; scenario B food availability index 0.577.,"Food trade, virtual water, footprints, and diets",modeled
SanchezZarco2023,2023,MX,"Nuevo León state, northeast Mexico (third-largest contributor to national GDP; migration destination); basins and municipalities not named in the main text",4,local:1-s2.0-S095965262301692X-main.txt,Importing food vs displacing damage abroad,"Modeled accounting: the damage of imported food is counted although it occurs elsewhere (Haven Pollution Hypothesis, scenarios E and F).",Scenarios E and F share the same total Eco-indicator 99 (1E+10).,"Food trade, virtual water, footprints, and diets",modeled
FonsecaOrtiz2020,2020,MX,"Mexico (national, north-south contrasts); case study of an irrigated maize district in the Upper Lerma River basin over the Valley of Toluca Aquifer, State of Mexico",5,local:7 water energy food_capitulo.txt,Electricity subsidy for irrigation pumping vs aquifer sustainability and efficient water use,"Observed (secondary data, authors' interpretation): a flat 60% pumping subsidy encourages irrigation in water-scarce, overexploited central-north regions; irrigation efficiency and technology adoption in rain-fed areas have not improved in 40 years.","Valley of Toluca Aquifer extraction 422.4 vs recharge 336.8 hm3/yr (about 86 hm3/yr gap, computed); 77% of water to agriculture.","Groundwater pumping, energy prices, and aquifer storage",observed
FonsecaOrtiz2020,2020,MX,"Mexico (national, north-south contrasts); case study of an irrigated maize district in the Upper Lerma River basin over the Valley of Toluca Aquifer, State of Mexico",5,local:7 water energy food_capitulo.txt,Treated wastewater reuse for irrigation: environmental gain vs monetary cost,"Case result (emergy accounting, one month): reuse raises renewable share and sustainability but costs more than pumping.","US$1,591 vs US$1,075 per month to meet full demand (about 48% higher, computed); ESI 20.59 vs 2.62.","Urban supply, conveyance, desalination, and treatment energy",observed
FonsecaOrtiz2020,2020,MX,"Mexico (national, north-south contrasts); case study of an irrigated maize district in the Upper Lerma River basin over the Valley of Toluca Aquifer, State of Mexico",5,local:7 water energy food_capitulo.txt,North-south water-population mismatch vs food and nutrition risk,Observed: the humid southeast holds two-thirds of renewable water but one-fifth of the population and the highest nutritional risk; the arid north uses the most agricultural water.,Availability 7 times higher in the southeast.,"Food trade, virtual water, footprints, and diets",observed
Natcher2022a,2022,Arctic,"Northern Canada as defined by the Arctic Council: Yukon, Northwest Territories, Nunavut, Nunavik and Labrador",5,local:9781000464603.txt,"Food-production targets (SDG 2) vs water, land and energy inputs","Modeled (expert scoring of SDG target pairs): all 12 negative interactions involve an SDG 2 target because ending hunger, malnutrition and raising agricultural productivity need land, water, energy and fuel.",12 of 210 pairs negative; 3 scores below -1.,"Irrigated agriculture vs water allocation, income, and ecosystems",modeled
Natcher2022a,2022,Arctic,"Northern Canada as defined by the Arctic Council: Yukon, Northwest Territories, Nunavut, Nunavik and Labrador",5,local:9781000464603.txt,Hydropower dependence in a dry year vs diesel supply,"Observed: the NWT hydro share dropped from about 75% to 39% in 2017, replaced by diesel (57%).",Hydro 75% to 39%; diesel to 57%.,Hydropower and reservoir operation vs other water uses,observed
Natcher2022a,2022,Arctic,"Northern Canada as defined by the Arctic Council: Yukon, Northwest Territories, Nunavut, Nunavik and Labrador",5,local:9781000464603.txt,Cost of northern transport and electricity vs food affordability,Observed: transport (more than 20% of cost) and electricity rates (about 84% higher) raise northern food prices.,Prices 140% above southern Canada; basket $496 vs $206 per week.,"Urban supply, conveyance, desalination, and treatment energy",observed
Cambou2022,2022,Arctic,"Canada (territorial and provincial North) and Alaska, with comparators in Russia (Sakha), Norway and Sweden",4,local:9781000464603.txt,"Utility-scale renewable build-out (national decarbonization goals, hydro) vs Indigenous land rights","Observed (case descriptions): legacy hydro (Kemano, Island Falls, James Bay) flooded tens of thousands of hectares of Indigenous traditional land in Manitoba and Quebec; Site C and Muskrat Falls remain contested.",Tens of thousands of hectares flooded; Canada needs tens of thousands of MW of new capacity to reach 90% non-emitting by 2030.,Hydropower and reservoir operation vs other water uses,observed
Cambou2022,2022,Arctic,"Canada (territorial and provincial North) and Alaska, with comparators in Russia (Sakha), Norway and Sweden",4,local:9781000464603.txt,Energy costs vs food and household budgets (heat-or-eat),Qualitative: remote Indigenous households face energy costs far above urban levels with incomes often under half of urban incomes.,Nunavut unsubsidized electricity 56.7-112.3 vs 14.5 cents/kWh in Saskatchewan.,"Remote and northern energy, freight, and country food",observed
Buhmann2022,2022,Arctic,"Muskrat Falls (lower Churchill River, Labrador), WAC Bennett Dam and Williston Reservoir and Site C (Peace River, British Columbia), T'Sou-ke First Nation, Haida Gwaii; Sápmi and Greenland comparators",4,local:9781000464603.txt,Hydropower decarbonization (Muskrat Falls) vs downstream country-food safety and flood risk,"Qualitative: methylmercury from rotting reservoir vegetation is feared to contaminate fish and game; slope stability and flood risk add stress. Risks are asserted, not measured.",No mercury or food-consumption data given.,Hydropower and reservoir operation vs other water uses,observed
Buhmann2022,2022,Arctic,"Muskrat Falls (lower Churchill River, Labrador), WAC Bennett Dam and Williston Reservoir and Site C (Peace River, British Columbia), T'Sou-ke First Nation, Haida Gwaii; Sápmi and Greenland comparators",4,local:9781000464603.txt,"Hydropower (WAC Bennett, Site C) vs Indigenous territory, farmland and livelihoods","Observed (historical and ongoing cases): the Williston Reservoir flooded Kwadacha territory; Site C is opposed by a coalition of Indigenous groups, farmers and environmentalists.",Not quantified.,Hydropower and reservoir operation vs other water uses,observed
Buhmann2022,2022,Arctic,"Muskrat Falls (lower Churchill River, Labrador), WAC Bennett Dam and Williston Reservoir and Site C (Peace River, British Columbia), T'Sou-ke First Nation, Haida Gwaii; Sápmi and Greenland comparators",4,local:9781000464603.txt,Renewable electricity for LNG export vs climate goals,Qualitative: unspecified amounts of Site C power will support British Columbia's LNG export industry.,Not quantified.,"Food trade, virtual water, footprints, and diets",observed
Natcher2022b,2022,Arctic,"Northern Canada (Yukon, Northwest Territories, Nunavut, Nunavik, Labrador), with Iceland and northern Norway as comparators",4,local:9781000464603.txt,Subsidized southern food imports (Nutrition North Canada) vs local food production,"Observed (policy analysis): subsidized imported foods are often cheaper than food produced in the North, which undercuts local producers.",Subsidy about 65 million CAD per year; 121 communities eligible.,"Groundwater pumping, energy prices, and aquifer storage",observed
Natcher2022b,2022,Arctic,"Northern Canada (Yukon, Northwest Territories, Nunavut, Nunavik, Labrador), with Iceland and northern Norway as comparators",4,local:9781000464603.txt,Protected harvesting rights in land claims vs commercial sale of country food,"Observed: land-claim provisions secure harvesting rights, yet most comprehensive land claims prohibit commercial sale of traditional foods (Nunavut Agreement is the exception), and federal food-safety rules restrict export sales.",Not quantified.,"Irrigated agriculture vs water allocation, income, and ecosystems",observed
Natcher2022b,2022,Arctic,"Northern Canada (Yukon, Northwest Territories, Nunavut, Nunavik, Labrador), with Iceland and northern Norway as comparators",4,local:9781000464603.txt,Energy cost vs northern food production (algae),"Qualitative (cited study): algae cultivation is judged uneconomic in northern Canada because of limited sunlight and high capital, energy and operating costs.",Not quantified.,"Remote and northern energy, freight, and country food",observed
Chambers2022,2022,Arctic,"Pan-Arctic (18 PAME large marine ecosystems) with North American content on the Bering, Chukchi and Beaufort seas (Alaska), the Mackenzie River (NWT), British Columbia and Atlantic Canada",3,local:9781000464603.txt,Climate buffering and freshwater savings of recirculating aquaculture vs capital and operating cost,"Qualitative: recirculating systems reduce exposure to climatic extremes and aquaponics is proposed where freshwater is limited, but recirculating systems are expensive and their long-term reliability is unproven.",Not quantified.,"Emissions, climate goals, and cost",observed
Chambers2022,2022,Arctic,"Pan-Arctic (18 PAME large marine ecosystems) with North American content on the Bering, Chukchi and Beaufort seas (Alaska), the Mackenzie River (NWT), British Columbia and Atlantic Canada",3,local:9781000464603.txt,"Climate-driven change in sea ice, salinity and acidity vs subsistence fish availability for Indigenous communities",Qualitative (secondary data): acidification is documented in the Beaufort Sea and Alaskan waters and may reduce nearshore fish stocks; coastal erosion threatens fishery infrastructure.,Sea ice -3.5 to -4.1% per decade.,Hydropower and reservoir operation vs other water uses,observed
Pasch2022,2022,Arctic,"Arviat (Kivalliq, Nunavut); Hughes and Huslia (Tanana Chiefs Conference region, interior Alaska); Fairbanks",2,local:9781000464603.txt,Fuel cost for land travel vs access to country food and herds,Qualitative (resident testimony and cited sources): high gasoline and equipment costs limit long-distance hunting trips as climate change alters hunting ranges.,Not quantified.,"Remote and northern energy, freight, and country food",observed
Madani2026,2026,Arctic,"Circumpolar Arctic with named North American sites: Alaska (Shaktoolik, Selawik, Kobuk, Kaktovik; statewide freshwater export proposals), Canada (Nunavik, Iqaluit, Northern Canada), and the contiguous US as the demand-side driver of Alaskan water export ideas",4,local:978-3-032-24934-0.txt,"Export or commodification of Alaskan freshwater vs local potable supply threatened by thaw, salinization and flooding",Argument and historical record: bulk export proposals frame Alaska as a resource frontier while local Arctic potable supplies are at risk.,Alaska roughly 40% of US surface freshwater; no volumes of export proposals reported.,"Remote and northern energy, freight, and country food",observed
Madani2026,2026,Arctic,"Circumpolar Arctic with named North American sites: Alaska (Shaktoolik, Selawik, Kobuk, Kaktovik; statewide freshwater export proposals), Canada (Nunavik, Iqaluit, Northern Canada), and the contiguous US as the demand-side driver of Alaskan water export ideas",4,local:978-3-032-24934-0.txt,Hydropower flow regimes vs downstream fisheries and food governed under separate regimes,Qualitative legal example of fragmentation: hydropower law ignores downstream fisheries governed elsewhere.,Not quantified.,Hydropower and reservoir operation vs other water uses,observed
Madani2026,2026,Arctic,"Circumpolar Arctic with named North American sites: Alaska (Shaktoolik, Selawik, Kobuk, Kaktovik; statewide freshwater export proposals), Canada (Nunavik, Iqaluit, Northern Canada), and the contiguous US as the demand-side driver of Alaskan water export ideas",4,local:978-3-032-24934-0.txt,"Arctic climate intervention (geoengineering) vs Indigenous rights, ecosystems and water governance","Qualitative: proposals such as hollow silica microspheres on sea ice or pumping seawater onto sea ice would need free, prior and informed consent.",Not quantified.,"Rights, equity, revenue, and governance",modeled
Waskom2014,2014,US,"Conterminous United States, weighted to the West (Colorado River Basin, California, Colorado, Nevada, Arizona, Texas, Wyoming, Nebraska), with Catawba-Wateree (North and South Carolina) and the US-Canada Columbia River",5,local:CWC_IS116.txt,Corn ethanol (fuel) vs food and irrigation water,"Observed (secondary data): 40% of US corn (25% net of livestock co-products) goes to ethanol; irrigated ethanol needs 250-1,600 gal of water per gal; ethanol has depleted water quality through nutrient runoff and erosion.",About 3% of US irrigation water goes to ethanol corn (71% consumed); ethanol energy ratio 43-53%.,"Biofuels, bioenergy, and land for energy",observed
Waskom2014,2014,US,"Conterminous United States, weighted to the West (Colorado River Basin, California, Colorado, Nevada, Arizona, Texas, Wyoming, Nebraska), with Catawba-Wateree (North and South Carolina) and the US-Canada Columbia River",5,local:CWC_IS116.txt,Closed-loop and dry cooling vs consumption and cost,Observed (secondary data): closed-loop cooling cuts withdrawals but raises consumption and operating cost; once-through plants return about 99% of water but are vulnerable to drought and heat.,Coal/gas withdrawal 34.98 to 0.64 gal/kWh while consumption rises 0.25 to 0.56; closed-loop operating cost +50%.,Thermoelectric cooling water vs generation and cost,observed
Waskom2014,2014,US,"Conterminous United States, weighted to the West (Colorado River Basin, California, Colorado, Nevada, Arizona, Texas, Wyoming, Nebraska), with Catawba-Wateree (North and South Carolina) and the US-Canada Columbia River",5,local:CWC_IS116.txt,Water conservation vs utility revenue and finance,Qualitative (Workshop report): lower water sales reduce utility revenue and can force rate changes; subsidies hide true costs.,Not quantified.,"Rights, equity, revenue, and governance",observed
Cohen2014,2014,US,"Lower Colorado River Basin: Imperial Valley and San Diego (IID-SDCWA transfer), Palo Verde Valley and Yuma Mesa, Las Vegas Valley and Lake Mead (SNWA), Navajo Generating Station and the Central Arizona Project, Salton Sea",5,local:CWC_IS116.txt,Ag-to-urban water transfer vs crop and forage production and the Salton Sea,"Observed (practitioner report): about 30,000 acres of mostly alfalfa are fallowed each year in IID, affecting forage for southern California dairies; mitigation water to the Salton Sea ran through 2017 and the sea faces profound ecological change afterward; air-quality and health effects are implied but not discussed.","About 30,000 acres per year fallowed; transfer of 200,000 AF per year.","Irrigated agriculture vs water allocation, income, and ecosystems",observed
Cohen2014,2014,US,"Lower Colorado River Basin: Imperial Valley and San Diego (IID-SDCWA transfer), Palo Verde Valley and Yuma Mesa, Las Vegas Valley and Lake Mead (SNWA), Navajo Generating Station and the Central Arizona Project, Salton Sea",5,local:CWC_IS116.txt,Conveyance energy of imported water vs local supply,"Observed arithmetic (practitioner report): the transfer saves energy only if Colorado River water replaces State Water Project water; if it adds to supply, net energy use rises.","1,900 vs 3,100 kWh/AF (0.97 kWh/m3 difference).","Urban supply, conveyance, desalination, and treatment energy",observed
Cohen2014,2014,US,"Lower Colorado River Basin: Imperial Valley and San Diego (IID-SDCWA transfer), Palo Verde Valley and Yuma Mesa, Las Vegas Valley and Lake Mead (SNWA), Navajo Generating Station and the Central Arizona Project, Salton Sea",5,local:CWC_IS116.txt,Coal power for water conveyance and Tribal revenue vs air quality and CO2,Observed (negotiation case): Navajo Generating Station provides Tribal revenue and power for Central Arizona Project pumping but contributes to regional haze and CO2.,"2,250 MW; selective catalytic reduction 544 million USD (up to over 1.1 billion).","Emissions, climate goals, and cost",observed
MacDonnell2014,2014,US,"Powder River Basin (Wyoming) coalbed methane with Colorado and New Mexico; The Geysers geothermal field (Sonoma and Lake counties, California); Colorado Front Range and South Platte (Xcel Energy); Austin, Texas; US national energy-water analyses",4,local:CWC_IS116.txt,Energy development (coalbed methane) vs beneficial use of produced water,"Observed (secondary data, 2009): most produced water is discharged or held in pits; beneficial use costs more than it returns under current regulation and states chose not to require it.",54% discharged to streams and only 5% reused for irrigation of 4.784 billion bbl.,Thermoelectric cooling water vs generation and cost,observed
MacDonnell2014,2014,US,"Powder River Basin (Wyoming) coalbed methane with Colorado and New Mexico; The Geysers geothermal field (Sonoma and Lake counties, California); Colorado Front Range and South Platte (Xcel Energy); Austin, Texas; US national energy-water analyses",4,local:CWC_IS116.txt,Municipal effluent reuse for geothermal recharge vs downstream in-stream flows and users,"Qualitative (Case 22): effluent often supports downstream flows and users, so reuse is not free everywhere, and long pipelines are costly.",Santa Rosa pipeline over 200 million USD and 10 years.,"Urban supply, conveyance, desalination, and treatment energy",observed
MacDonnell2014,2014,US,"Powder River Basin (Wyoming) coalbed methane with Colorado and New Mexico; The Geysers geothermal field (Sonoma and Lake counties, California); Colorado Front Range and South Platte (Xcel Energy); Austin, Texas; US national energy-water analyses",4,local:CWC_IS116.txt,Interruptible supply of farm water for power cooling vs farm production,Qualitative (Case 20): farmers earn revenue but third-party rural community effects are not discussed.,No volumes or prices reported.,"Irrigated agriculture vs water allocation, income, and ecosystems",observed
Lineberger2014,2014,US,Catawba-Wateree River Basin (North and South Carolina); Columbia River Basin (US-Canada treaty); California Bay-Delta (CALFED); Upper Mississippi inland waterways and Great Lakes (Boundary Waters Treaty and International Joint Commission),4,local:CWC_IS116.txt,Multipurpose reservoirs: hydropower and plant cooling vs drinking water and recreation in drought,"Observed (utility report): the same 11 reservoirs serve hydro, nuclear and coal cooling, 18 public water systems and recreation, and two droughts of record (1998-2002, 2007-2009) forced coordination.",Usable storage about 7% of annual basin precipitation; modeled yield limit extended from 2050 to 2100.,Hydropower and reservoir operation vs other water uses,observed
Lineberger2014,2014,US,Catawba-Wateree River Basin (North and South Carolina); Columbia River Basin (US-Canada treaty); California Bay-Delta (CALFED); Upper Mississippi inland waterways and Great Lakes (Boundary Waters Treaty and International Joint Commission),4,local:CWC_IS116.txt,Hydropower and flood-risk management vs ecosystem function (Columbia River Treaty),"Qualitative: ecosystem function is not a formal treaty purpose, and ecosystem advocates and Tribes and First Nations pressed for it in later modernization talks (not covered in 2014).",Not quantified.,Hydropower and reservoir operation vs other water uses,observed
Lineberger2014,2014,US,Catawba-Wateree River Basin (North and South Carolina); Columbia River Basin (US-Canada treaty); California Bay-Delta (CALFED); Upper Mississippi inland waterways and Great Lakes (Boundary Waters Treaty and International Joint Commission),4,local:CWC_IS116.txt,"Allocation among agriculture, cities, energy and ecosystems (CALFED)","Observed (program evaluation): CALFED could not eliminate the zero-sum aspect of allocation, had no power to restrict diversions, set standards or levy charges, and lost support.",Supply reliability did not improve and Delta decline was not reversed.,"Urban supply, conveyance, desalination, and treatment energy",observed
Holzfaster2014,2014,US,US corn sector (Field to Market national indicators) with a Nebraska farmer perspective; Nebraska Water Balance Alliance (NEWBA) demonstrations; Coca-Cola North America corn and high-fructose corn syrup supply chain,4,local:CWC_IS116.txt,Irrigation efficiency measures vs nitrogen movement and system performance,"Observed (NEWBA demonstrations, 2012-2013): sprinkler package problems and nitrogen movement were greater than anticipated.",Not quantified.,"Irrigated agriculture vs water allocation, income, and ecosystems",observed
Holzfaster2014,2014,US,US corn sector (Field to Market national indicators) with a Nebraska farmer perspective; Nebraska Water Balance Alliance (NEWBA) demonstrations; Coca-Cola North America corn and high-fructose corn syrup supply chain,4,local:CWC_IS116.txt,Per-bushel intensity gains vs absolute water and drought exposure,"Observed (industry data): per-bushel water and energy fell sharply, yet the 2012 drought still cut about 4 billion bushels; intensity metrics do not show absolute use.",Irrigation water per bushel -53%; 2012 production loss about 4 billion bushels.,"Irrigated agriculture vs water allocation, income, and ecosystems",observed
FernandezGuajardo2020,2020,US,"Hood River basin, north-central Oregon (Farmers, Middle Fork and East Fork Irrigation Districts; Mt. Hood glacial headwaters; Columbia River tributary)",5,local:FernandezPatriciaT2020.txt,Irrigation vs hydropower for the same flow,Observed (district design): FID generates mainly outside the irrigation season and an interviewee notes that a higher capacity factor means irrigation competes less with hydro; MFID's pressurized design generates as it delivers water.,FID 4.4-4.8 MW and MFID 3.3 MW produce about the same energy (about 23 million kWh per year); implied capacity factors about 55% vs 80% (computed).,"Irrigated agriculture vs water allocation, income, and ecosystems",observed
FernandezGuajardo2020,2020,US,"Hood River basin, north-central Oregon (Farmers, Middle Fork and East Fork Irrigation Districts; Mt. Hood glacial headwaters; Columbia River tributary)",5,local:FernandezPatriciaT2020.txt,Diverting water through the hydro system vs leaving it instream for fish,Observed (interview evidence): a funder objected that conserved water is still diverted to run through the hydro system and could be left in the stream; the compromise lets FID divert at high flow but not in summer.,Not quantified; conserved water is returned instream far downstream.,Hydropower and reservoir operation vs other water uses,observed
FernandezGuajardo2020,2020,US,"Hood River basin, north-central Oregon (Farmers, Middle Fork and East Fork Irrigation Districts; Mt. Hood glacial headwaters; Columbia River tributary)",5,local:FernandezPatriciaT2020.txt,Dam storage that enables hydro and irrigation vs downstream temperature and fish passage,Observed (regulatory record): Clear Branch Dam storage warms water below the dam and blocks passage; ODEQ's TMDL made MFID the management agency for Laurance Lake temperature.,"Laurance Lake 3,565 ac-ft; bull trout temperature standard 50 F exceeded May to August.",Hydropower and reservoir operation vs other water uses,observed
FernandezGuajardo2020,2020,US,"Hood River basin, north-central Oregon (Farmers, Middle Fork and East Fork Irrigation Districts; Mt. Hood glacial headwaters; Columbia River tributary)",5,local:FernandezPatriciaT2020.txt,Water conservation vs rebound and water-rights risk,"Interviewee concerns (not measured): conserved water could irrigate additional land, and farmers fear they cannot recover water put instream.",Not quantified.,"Irrigated agriculture vs water allocation, income, and ecosystems",observed
FernandezGuajardo2020,2020,US,"Hood River basin, north-central Oregon (Farmers, Middle Fork and East Fork Irrigation Districts; Mt. Hood glacial headwaters; Columbia River tributary)",5,local:FernandezPatriciaT2020.txt,Cost of modernization vs affordability for small farms,"Observed: after EFID's first 1 million USD state revolving fund loan, patron rates doubled; in 1994 half of EFID farms were 2 acres or smaller.",Rates doubled; 1 million USD loan.,"Irrigated agriculture vs water allocation, income, and ecosystems",observed
Vonderbank2025,2025,CA,"Saskatchewan River Basin (Alberta, Saskatchewan, Manitoba), including the South Saskatchewan River and the Saskatchewan River Delta",5,online,upstream irrigation expansion (W->F) vs downstream streamflow seasonality and delta ecosystems,modeled (HYPE with irrigation under climate simulations),loss of seasonality and reduced downstream flow; magnitudes not given in the abstract,"Irrigated agriculture vs water allocation, income, and ecosystems",modeled
Vonderbank2025,2025,CA,"Saskatchewan River Basin (Alberta, Saskatchewan, Manitoba), including the South Saskatchewan River and the Saskatchewan River Delta",5,online,prior-allocation irrigation licensing in Alberta vs First Nations water security in low-flow years,modeled,disproportionate risk to First Nations; not quantified in the abstract,"Irrigated agriculture vs water allocation, income, and ecosystems",modeled
Wu2025,2025,CA,"Peace River Basin, Canada (transboundary river system; hydropower, cropland and livestock)",5,online,agricultural intensification (crop output) vs river water quality,modeled (Bayesian network scenario),crop production could more than double while the likelihood of marginal or fair water quality rises from about 1/4 to 3/5,"Irrigated agriculture vs water allocation, income, and ecosystems",modeled
RossHopley2025,2025,CA,Large irrigation projects in Saskatchewan (grid supply by SaskPower),4,online,off-grid 100% renewable irrigation power vs cost,modeled (HOMER Pro baseline),$1.1101/kWh vs $0.1429/kWh for grid supply,"Irrigated agriculture vs water allocation, income, and ecosystems",modeled
Kim2022,2022,CA,"Lower Nelson River Basin, Manitoba (Hudson Bay drainage basin)",4,online,spring/summer hydropower gains vs winter/fall losses under climate change,modeled,winter inflow and generation potential down by up to 35-37% in extremely dry runs,Hydropower and reservoir operation vs other water uses,modeled
Dolter2022,2022,CA,"Site C hydroelectric project, Peace River, British Columbia (BC and Alberta electricity systems)",4,online,large reservoir hydro for decarbonization vs cost over-runs and stranded value,modeled,"value unlikely to exceed total cost; exceeds avoidable cost only in high-transmission, 100%-decarbonization scenarios",Hydropower and reservoir operation vs other water uses,modeled
Younis2025,2025,CA,"Canada, provinces and river basins, projections to 2050",5,online,net-zero climate policy vs provincial water use (withdrawals fall nationally while consumption rises),modeled (GCAM-Canada),withdrawals -9% to -26% by 2050; consumption increases at all scales (not quantified in the abstract),"Emissions, climate goals, and cost",modeled
Schwoerer2020,2020,Arctic,Nine Arctic and Subarctic Indigenous communities (the abstract does not name them; Alaska inferred from author affiliations and keywords),4,online,motorized access to wild foods (food security) vs fossil-fuel dependence and exposure to fuel prices,"observed (household data, Bayesian hierarchical model)","cars and trucks least efficient, snowmobiles most efficient (relative; no values in the abstract)","Food trade, virtual water, footprints, and diets",observed
Sambor2023,2023,Arctic,"Kluane Lake Research Station, Yukon Territory",4,online,strong summer solar supply vs winter dependence on diesel,modeled optimization on operating data,96% of load in June vs 3% in December; year-round diesel cut limited to about 31%,"Remote and northern energy, freight, and country food",modeled
Batal2021,2021,CA,"92 on-reserve First Nations south of the 60th parallel (BC, Alberta, Saskatchewan, Manitoba, Ontario, Quebec/Labrador, Atlantic regions), 2008-2018",5,online,traditional-food harvesting activity (equipment and fuel costs) vs household food insecurity,observed (cross-sectional association; direction not established),households reporting traditional-food activities showed higher food insecurity (Discussion),"Irrigated agriculture vs water allocation, income, and ecosystems",observed
Curley2021,2021,US,"Central Arizona Project (Colorado River to Phoenix and Tucson), Navajo Nation, Colorado River basin",4,online,cheap coal-based energy for Arizona's Colorado River water delivery vs Diné water claims and Navajo resources,observed (archival and historical analysis),qualitative,Thermoelectric cooling water vs generation and cost,observed
Schelly2024,2024,US,Anishinaabe Tribal Nations in the Great Lakes region (rural Tribal Nations; authors at Michigan Technological University),4,online,university and federal-funder research structures vs immediate practical FEW needs of rural Tribal Nations,observed (authors' reflective experience),qualitative,Other or unclassified,observed
Hoicka2021,2021,CA,Canada (194 renewable energy projects associated with Indigenous communities),4,online,renewable energy deployment on Indigenous territories vs Indigenous ownership and control,observed (project inventory),most projects have minority or no Indigenous ownership; 41 of 194 are Indigenous-controlled,"Remote and northern energy, freight, and country food",observed
Daley2024,2024,Arctic,"Remote northern Canada (territories, Inuit Nunangat and other Nutrition North eligible communities), Canadian Community Health Survey 2007-2016",5,online,federal northern food-shipping subsidy design (Food Mail replaced by Nutrition North Canada) vs household food security of Indigenous families,"observed (difference-in-differences, Canadian Community Health Survey 2007-2016)",+8.9 percentage points overall and +7.3 percentage points severe food insecurity among Indigenous families,"Remote and northern energy, freight, and country food",observed
Tuler2023,2023,US,Midwest and Northeast United States (C-FEWS modeling framework to 2100); stakeholders in New England,4,online,reusing validated existing bio-physical models (credibility) vs fitting model outputs to stakeholder information needs,observed (interviews),qualitative,Other or unclassified,observed
FloresVillarreal2025,2025,MX,"Linares and Hualahuises municipalities, Citrícola Sur aquifer, Nuevo León (Río Bravo hydrological-administrative region VI)",5,online,E->W subsidized pumping energy (quota set by pump power) vs aquifer storage in a deficit aquifer under an extraction ban,"observed: orchards pumped 11-36 times their granted volume while staying within, or 14% above, their energy quota",13.05 hm3 excess at three orchards = 17.4% of annual recharge (75.1 hm3); availability deficit 88.86 hm3/yr,"Groundwater pumping, energy prices, and aquifer storage",observed
Knappett2022,2022,MX,"Independence Basin (upper Río Laja), Guanajuato, central Mexico (Bajío)",5,online,W->F and E->W irrigation pumping vs drinking-water quality and health,modeled: deeper pumping raises lift energy and arsenic and fluoride exposure,"3,918 vs 481 GWh/yr; As 14 to 46 ug/L; incomes -27% by 2120; relative NPV -5.96 x 10^9 USD (S1)","Groundwater pumping, energy prices, and aquifer storage",modeled
Knappett2022,2022,MX,"Independence Basin (upper Río Laja), Guanajuato, central Mexico (Bajío)",5,online,E->F subsidized electricity vs crop-water productivity,modeled: the low-value crop mix (0.12 USD/m3) cannot cover the higher pumping costs of rising lift,0.12 vs 0.61 USD/m3 break-even,"Groundwater pumping, energy prices, and aquifer storage",modeled
GomezTagle2022,2022,MX,"Uruapan municipality, Avocado Belt, Michoacán",4,online,W->F irrigated avocado production vs water available to other agricultural users,computed footprints compared with concession volumes (not measured abstraction),up to 120% of granted agricultural volumes in dry years; irrigation doubles water use for 3.8% more yield,"Irrigated agriculture vs water allocation, income, and ecosystems",observed
Huberts2023,2023,MX,Mexico City (households in 38 neighborhoods; survey in five eastern boroughs),3,online,household storage adaptation to intermittent supply vs drinking-water quality and cost,observed (interviews and survey): stored water is distrusted and households buy bottled water,only 17% drink tap water; 15-40 pesos per 20-L jug,Hydropower and reservoir operation vs other water uses,observed
Cigna2022,2022,MX,"Central Mexico (about 700,000 km2, more than 300 aquifer systems; Mexico City Metropolitan Area is the main hotspot; hydrological-administrative regions VII, VIII and XIII)",3,online,groundwater extraction vs aquifer-system storage and land stability,observed by satellite: compaction correlates with reported groundwater deficits and extractions,-45 cm/yr subsidence and up to -60 hm3/yr compaction in Mexico City,"Groundwater pumping, energy prices, and aquifer storage",observed
OchoaNoriega2022,2022,MX,"Costa de Hermosillo, Sonora",3,online,W->F intensive irrigated agriculture development vs groundwater sustainability,observed overexploitation described qualitatively (abstract); stakeholder-identified barriers,not quantified in the abstract,"Irrigated agriculture vs water allocation, income, and ecosystems",observed
Guevara2025,2025,MX,"Xochimilco chinampa farming zone, Mexico City",3,online,E->W integrated water treatment vs farmer affordability,modeled: treatment raises capital costs and requires initial subsidies,"114 million USD for 3,500 systems","Urban supply, conveyance, desalination, and treatment energy",modeled
Espira2024,2024,MX,"Mezquital Valley irrigation canals, Hidalgo (wastewater from Mexico City)",3,online,W->F wastewater reuse for irrigation (reliable water and nutrients) vs infection risk,observed: field sampling of pathogens in canals with and without treatment,bacterial RR 0.73 after treatment but 1.94 after passing a community; no Giardia or viral reduction,"Urban supply, conveyance, desalination, and treatment energy",observed
SEMARNAT2026,2026,MX,Mexico (national water program 2026-2030; reference year 2023-2024 data),5,online,W->F irrigation technification and crop conversion (water recovered for human consumption) vs recoverable return flows and basin recharge,"program design (pp. 29, 45); coder's note: the text has no mention of return flows ('retorno': no match), whereas Navarro-Gómez et al. (2026) show efficiency gains can reduce recharge in transboundary aquifers","200,000 ha target; effect on recharge not quantified in the program","Groundwater pumping, energy prices, and aquifer storage",observed
Richter2024,2024,Transboundary,"Colorado River Basin (seven US states, Gila River basin, exports, and Mexico), 2000-2019 averages",5,online,"W->F irrigated cattle-feed crops (alfalfa, hay) vs reservoir storage and flows to the delta","observed accounting: alfalfa is favored as a drought 'shock absorber', is mechanically harvested (low labor cost) and fixes nitrogen, so reducing it must compete with those advantages",cattle-feed crops 46% of direct consumption and 62% of agricultural consumption,"Irrigated agriculture vs water allocation, income, and ecosystems",observed
Huizar2024,2024,Transboundary,"Lower Colorado River Basin (Arizona, California, Nevada) and Mexico; Lake Mead and Lake Powell hydropower",4,online,W->E and recreation: DCP shortages that protect Lake Mead and Powell elevations vs cumulative water deliveries to Lower Basin users and Mexico,modeled,+400-600 GWh/yr hydropower but lower cumulative deliveries in two-thirds of scenarios; evaporative losses rise,Hydropower and reservoir operation vs other water uses,modeled
Stern2023,2023,US,"Glen Canyon Dam and Lake Powell, Colorado River Storage Project (Arizona); Upper Basin deliveries to the Lower Basin and Mexico",4,online,W->E releases and storage to meet Law of the River deliveries vs hydropower head at Glen Canyon,"official federal analysis: falling storage cuts generating capacity (59% of nameplate) and approaches minimum power pool (3,490 ft); the Drought Response Operations Agreement protects 3,525 ft by reducing releases to the Lower Basin and using upstream reservoirs","capacity 778 of 1,320 MW in early 2023; 9.4 m (31 ft) above minimum power pool on 11 March 2023",Hydropower and reservoir operation vs other water uses,observed
CER2024,2024,Multi-NA,"Quebec, Ontario, Manitoba and British Columbia; interties with the US Northeast, Midcontinent and Pacific Northwest",4,online,W->E hydropower export revenue vs domestic supply security under drought,observed 2019-2023 trade data,Quebec exports -49% (13.3 vs 25.9 TWh); B.C. net import 10.2 TWh = 18% of its production,"Food trade, virtual water, footprints, and diets",observed
Hartman2021,2021,Multi-NA,"Mexico (municipal crop water use, 1986-2016; Guanajuato, Michoacán, Sonora, Baja California, Chihuahua) and the US import supply chain",5,online,W->F and trade: export horticulture for the US vs sustainability of irrigation water in water-scarce Mexican municipalities,modeled with a global process-based crop water model and municipal sustainability classification,water in exports to the US doubled 1994-2015; 462 of 986 unsustainable municipalities increased irrigation use,"Irrigated agriculture vs water allocation, income, and ecosystems",modeled
Richter2025,2025,Transboundary,"Rio Grande-Bravo basin (14 sub-basins: Colorado, New Mexico, Pecos, Rio Conchos, Lower Valley), 2000-2024",5,online,"W->F irrigated agriculture (87% of direct use) vs reservoir, aquifer and river-flow sustainability",observed accounting 2002-2024,"52% of direct consumption unsustainable; about 2,900 MCM/yr depletion","Groundwater pumping, energy prices, and aquifer storage",observed
Richter2025,2025,Transboundary,"Rio Grande-Bravo basin (14 sub-basins: Colorado, New Mexico, Pecos, Rio Conchos, Lower Valley), 2000-2024",5,online,treaty deliveries to the US vs irrigation supply in Chihuahua,"observed: releases from a Rio Conchos dam in 2020 to meet the 1944 Treaty triggered protests by more than 2,000 people and one death (sect. 4)","Mexico's treaty debt 1,280 MCM at end of 2024","Rights, equity, revenue, and governance",observed
NavarroGomez2026,2026,Transboundary,Mexico-US transboundary aquifers; Valle de Juárez / Hueco Bolsón (Chihuahua-Texas) as the anchor case,4,online,W->F field-scale irrigation efficiency (technification) vs basin-scale recharge from return flows,review of modeled scenarios in the literature,deficit up to +65.9% under progressive modernization; return flows are 51.1% of recharge,"Groundwater pumping, energy prices, and aquifer storage",modeled
Sanchez2025,2025,Transboundary,"Colorado River, Upper Rio Grande and Lower Rio Grande under the 1944 US-Mexico Water Treaty",4,online,asymmetric application of the drought clause (Mexico makes up Lower Rio Grande shortfalls) vs proportional sharing on the Colorado and Upper Rio Grande,legal and policy analysis (abstract),not quantified in the abstract,Other or unclassified,observed
LoeraAlonso2026,2026,Transboundary,"Colorado River Basin (US Lower Basin and Mexico, Mexicali Valley and Baja California users)",5,online,binational conservation commitments (Mexico's additional savings) vs Mexican water users' supplies,abstract (interviews include Mexican water-user leaders) and IBWC releases for the volumes,493.4 million m3 over 2023-2026 (IBWC); 308.4 million m3 per year cut in 2027-2028 (Minute 334),Other or unclassified,observed
Gronewold2024,2024,Transboundary,"Colorado River, Rio Grande and Great Lakes-St. Lawrence basins (US, Mexico, Canada)",4,online,basin-closure rules in water-rich basins (diversion ban) vs humanitarian and supply demands from neighbouring water-short communities,Waukesha exemption and Joliet aquifer depletion described in the text,not quantified in the paper (Waukesha exemption cited),"Groundwater pumping, energy prices, and aquifer storage",observed
Stern2024,2024,Transboundary,"Columbia River Basin; Canadian storage dams (Mica, Hugh Keenleyside/Arrow Lakes, Duncan) and Libby Dam, Montana",5,online,W->E hydropower benefit sharing (Canadian Entitlement) vs US ratepayer costs and ecosystem and fisheries flows,policy analysis: the US seeks to rebalance the Entitlement while salmon advocates say the agreement omits ecosystem function,Entitlement -37% from August 2024 and about -50% by 2033; worth up to 335 million USD/yr,Hydropower and reservoir operation vs other water uses,observed
Humphreys2026,2026,Transboundary,"Rio Grande/Río Bravo below Fort Quitman, Colorado River deliveries to Mexico (including Tijuana), Tijuana River Valley",5,online,upstream Mexican water uses (irrigation and urban supply) vs treaty deliveries to Texas,"official summary: shortfalls tied to drought and Mexico's internal management, with consequences for the Texas economy","1,085 million m3 delivered of 2,159 million m3 required in the 2020-2025 cycle","Urban supply, conveyance, desalination, and treatment energy",observed
Mieno2024,2024,US,"High Plains (Ogallala) Aquifer region, central United States; county-level corn and soybean data over 30+ years",4,online,groundwater irrigation as a drought buffer vs aquifer storage (saturated thickness),"observed (county panel econometrics, 30+ years of corn and soybean yields and aquifer conditions)",at a 950 mm deficit corn production is about 25% lower at 10 m than at 100 m thickness; the marginal loss rises from 0.15 to 1.45 t/ha per 30 m decline,"Groundwater pumping, energy prices, and aquifer storage",observed
Liu2022,2022,US,"California Central Valley (Sacramento, San Joaquin and Tulare basins)",4,online,surface-water delivery cuts in drought vs groundwater storage (pumping substitution),observed (GRACE-based storage change compared with SWP and CVP allocations),annual groundwater losses of 9.66 km3 (2014) and 7.64 km3 (2015) when CVP allocation was 0% and SWP 5%,"Groundwater pumping, energy prices, and aquifer storage",observed
McCarthy2020,2020,US,Kansas portion of the High Plains Aquifer,5,online,irrigation efficiency (LEPA) vs aquifer depletion and the energy and carbon footprint of pumping,observed (aquifer-scale annual estimates 1994-2016),LEPA cut energy 19.2% and GHG 15.2% but pumping did not fall; deeper lifts offset the gains and quadrupled the direct-emission share,"Groundwater pumping, energy prices, and aquifer storage",observed
Driscoll2024,2024,US,"Contiguous United States, county level; High Plains Aquifer, Colorado River Basin and California discussed",5,online,irrigation expansion as climate adaptation vs GHG emissions from pump energy,"estimated from 2018 fuel expenditure, price and emission-factor data (county level)",12.6 Mt CO2e/yr; groundwater irrigation emits five times more per m3 than surface water (138 vs 28 g CO2e/m3),"Emissions, climate goals, and cost",observed
Deines2019,2019,US,"Kansas High Plains Aquifer, earliest Local Enhanced Management Area (northwestern Kansas)",5,online,groundwater conservation vs irrigated area and crop choice,observed (causal impact analysis against a counterfactual),-31% water use with irrigated area largely maintained; 19% of savings from switching to lower-water crops,"Irrigated agriculture vs water allocation, income, and ecosystems",observed
BarronGafford2019,2019,US,"Tucson, Arizona (University of Arizona Biosphere 2 field experiment)",5,online,crop shading (light limitation) vs relief from heat and atmospheric drought stress,"observed (one site, one season, 10 plants per species)",jalapeno CO2 uptake -11% yet equal fruit; chiltepin +33%; tomato +65%,"Irrigated agriculture vs water allocation, income, and ecosystems",observed
Stid2025,2025,US,"California Central Valley (925 solar PV arrays on former farmland, 2008-2018)",5,online,local food production vs farm economic security and irrigation water savings,modeled lifespan accounting for an observed inventory of 925 arrays,1.57 Tkcal food displaced vs a 25-fold revenue gain (commercial-scale) and 5.5-6.0 thousand m3/ha/yr water saved; specialty orchard crops (270 ha) are hard to relocate,"Irrigated agriculture vs water allocation, income, and ecosystems",observed
Skinner2025,2025,US,Conterminous United States and its hydrologic regions (freshwater-using utility-scale thermoelectric plants),5,online,coal-to-gas switching (lower withdrawals) vs higher consumption at gas combined cycle plants with cooling towers,"observed plant-level trends (USGS water-use estimates, 2008-2020)","withdrawals -14,335 million L/day while tower-cooled combined cycle plants raise consumption in most regions",Thermoelectric cooling water vs generation and cost,observed
Chi2024,2024,US,"Continental United States; coal-to-gas retrofits 2013-2022 (17 plant replacements, 167 boiler conversions at 85 plants)",5,online,type of coal-to-gas transition (full NGCC replacement vs boiler conversion) and resulting water and carbon benefits,observed (event study on 2013-2022 panel data),NGCC replacement: withdrawal -152 to -204 m3/MWh; boiler conversion: no significant change,Thermoelectric cooling water vs generation and cost,observed
Qiu2023,2023,US,"Western United States (California, Northwest and Southwest electricity regions), 2001-2021",5,online,"hydropower dependence (low-carbon baseline) vs exposure to drought-driven fossil generation, emissions and air pollution","observed (plant-level generation, emissions and PM2.5 monitor data 2001-2021)",up to +65% plant generation; about US$20 billion damages; 1.2-2.5 times the direct economic costs of lost hydropower and demand,"Emissions, climate goals, and cost",observed
Turner2024,2024,US,"Conterminous United States; 610 hydropower plants above 5 MW (Pacific Northwest, California, Colorado River Basin, Southeast, Northeast)",4,online,hydropower generation vs non-power dam operations (environmental and regulatory constraints) and aging equipment,"observed (610 plants, 1980-2022); attribution to non-climatic drivers inferred from model residuals",-2.6 percentage points per decade median; -23% cumulative before upgrades,Hydropower and reservoir operation vs other water uses,observed
Scanlon2022,2022,US,"Permian Basin, west Texas and southeastern New Mexico (Delaware and Midland sub-basins)",4,online,"oil and gas production (HF water supply, produced water disposal) vs groundwater, spring flows and river quality",observed (basin-scale compilation of 2009-2019 data),"HF about 35% of non-mining water use in 2019; 70-80% of produced water disposed in shallow units; about 11,000 spills in 2009-2018","Biofuels, bioenergy, and land for energy",observed
Siddik2021,2021,US,"Conterminous United States, 2,110 subbasins (8-digit HUC); data center operations in 2018",5,online,minimizing water scarcity vs minimizing carbon when siting data centers,modeled (bottom-up footprint model with 2018 operating data),fewer than 5% of subbasins are good on both metrics; about 40% require a trade-off; best siting cuts the scarcity footprint 90% and carbon 55% relative to business-as-usual expansion,"Food trade, virtual water, footprints, and diets",modeled
Xiao2025,2025,US,"United States, state-level allocation of AI servers (balancing-area grid water and carbon factors), 2024-2030",5,online,low-carbon but evaporative hydropower grids vs water footprint of AI servers,"modeled (state-level grid water and carbon factors, scenarios 2024-2030)","best vs worst siting: carbon -49% vs +90%, water -52% vs +354%","Emissions, climate goals, and cost",modeled
Xiao2025,2025,US,"United States, state-level allocation of AI servers (balancing-area grid water and carbon factors), 2024-2030",5,online,on-site water efficiency (WUE) vs indirect water embedded in electricity,modeled,"an over-85% WUE reduction cuts the total water footprint by only over 29%, because indirect water is 71% of the total","Urban supply, conveyance, desalination, and treatment energy",modeled
Shehabi2024,2024,US,"United States; data centers by type (internal, colocation, hyperscale) and county-level grid water and emission factors",5,online,"data center energy efficiency (PUE, liquid cooling) vs on-site water consumption (WUE)",modeled (bottom-up simulation of cooling systems and locations),PUE 1.6 to 1.4 (2014-2023) while WUE rises from 0.36 to 0.45-0.48 L/kWh after 2023,Thermoelectric cooling water vs generation and cost,modeled
Shehabi2024,2024,US,"United States; data centers by type (internal, colocation, hyperscale) and county-level grid water and emission factors",5,online,direct on-site water use vs indirect water embedded in electricity,modeled,66 billion L direct vs about 800 billion L indirect in 2023,"Urban supply, conveyance, desalination, and treatment energy",modeled
Lark2022,2022,US,"United States (Corn Belt, Dakotas, western Minnesota, Mississippi Alluvial Plain); RFS effects 2008-2016",5,online,"corn ethanol mandate (energy security, climate goal) vs water quality, land conversion and GHG emissions","observed policy effects estimated with econometrics, land-use observations and biophysical models","+2.1 Mha cropland, +3-8% fertilizer, +5.3% nitrate leaching, ethanol carbon intensity at least equal to gasoline","Emissions, climate goals, and cost",observed
Maguire2024,2024,US,"Rural areas of the contiguous United States (Midwest, Plains and West regions), solar and wind sites 2009-2020",4,online,utility-scale solar siting vs agricultural land use,"observed (federal land-cover and project data, 2009-2020)","136,000 ha of solar footprint, 43% on former cropland; 15% of solar sites left agriculture within three years; 36% of continuous-cropland sites were fallowed","Irrigated agriculture vs water allocation, income, and ecosystems",observed
Perrone2023,2023,US,California; 108 Groundwater Sustainability Plans under the Sustainable Groundwater Management Act (SGMA),4,online,flexibility for agricultural pumping vs protection of domestic wells and groundwater-dependent ecosystems,"observed (content analysis of submitted plans; protection judged against planned minimum thresholds, not realized groundwater levels)","60% of agricultural wells, 63% of domestic wells and 91% of ecosystems lack protection under plan thresholds","Groundwater pumping, energy prices, and aquifer storage",observed
Bostic2023,2023,US,California Central Valley; 60 Groundwater Sustainability Plans in 35 subbasins,4,online,locally defined sustainability thresholds (allowing continued groundwater-level decline for pumpers) vs household and municipal drinking water supply,modeled (prospective impact analysis of proposed thresholds on well construction data),"about 30% of drinking water wells (9,285 domestic plus 1,168 public supply wells) at risk if thresholds are reached","Groundwater pumping, energy prices, and aquifer storage",modeled
Huckleberry2019,2019,US,"Lower Colorado River Basin below Hoover Dam (Arizona, California and Nevada portions; Mexico excluded); Central Arizona Project and Colorado River Aqueduct; 2001-2016",5,online,"water-moving energy for cities (CAP, Colorado River Aqueduct) vs energy and water for agriculture",observed and estimated from 2001-2016 data,87% of total energy moves water to cities; 99% of water used in energy or food goes to agriculture,"Urban supply, conveyance, desalination, and treatment energy",observed
Huckleberry2019,2019,US,"Lower Colorado River Basin below Hoover Dam (Arizona, California and Nevada portions; Mexico excluded); Central Arizona Project and Colorado River Aqueduct; 2001-2016",5,online,rigid legal allotments (Law of the River) vs adaptive nexus management under drought and demand shocks,scenario analysis plus policy analysis,"food production is insensitive to a 5% drought because large tribal water allotments hold, while users who pay utilities face price increases; Lake Mead below 1,050 ft would cut electricity generation 36%","Urban supply, conveyance, desalination, and treatment energy",modeled
OrdunaAlegria2024,2024,US,"Sheridan 6 (SD-6) Local Enhanced Management Area, northwest Kansas, High Plains Aquifer (255 km2)",5,online,pumping reductions vs crop yield and gross revenue,observed (SD-6 LEMA vs non-LEMA neighbors and business-as-usual estimate),"corn yield about -1% and gross revenue -US$0.60 million, offset by energy savings of US$2.85 million (net cash flow +US$2.24 million)","Irrigated agriculture vs water allocation, income, and ecosystems",observed
OrdunaAlegria2024,2024,US,"Sheridan 6 (SD-6) Local Enhanced Management Area, northwest Kansas, High Plains Aquifer (255 km2)",5,online,short-term conservation gains vs long-term aquifer equilibrium,observed declines plus modeled expectation,depletion slowed by about 65% but not stopped; the decline rate is expected to rise as recharge and lateral inflow adjust to lower pumping; renewals kept allocations unchanged,"Groundwater pumping, energy prices, and aquifer storage",observed
Smith2026,2026,US,United States; national data center electricity use 2017-2030,4,online,per-computation hardware efficiency vs total electricity demand from accelerated (AI) servers,modeled (bottom-up scenarios),Reference Case use rises 22% in 2024-2025 and 29% in 2025-2026 despite efficiency gains,"Urban supply, conveyance, desalination, and treatment energy",modeled
